,Unnamed: 0,assists,bonus,bps,clean_sheets,creativity,element,fixture,goals_conceded,goals_scored,ict_index,influence,kickoff_time,minutes,opponent_team,own_goals,penalties_missed,penalties_saved,red_cards,round,saves,selected,team_a_score,team_h_score,threat,total_points,transfers_balance,transfers_in,transfers_out,value,was_home,yellow_cards,expected_assists,expected_goal_involvements,expected_goals,expected_goals_conceded,starts,position
0,0,0,0,15,0,25.1,276,1,4,0,4.9,24.2,2019-08-09T19:00:00Z,90,10,0,0,0,0,1,0,12026,1,4,0.0,0,0,0,0,45,False,0,,,,,,2
1,1,0,0,29,1,7.2,276,17,0,0,2.9,17.6,2019-08-17T14:00:00Z,89,13,0,0,0,0,2,0,13638,1,3,4.0,6,-209,1237,1446,45,True,0,,,,,,2
2,2,0,0,11,0,5.8,276,26,3,0,3.0,22.4,2019-08-24T11:30:00Z,90,6,0,0,0,0,3,0,22372,3,2,2.0,1,5570,8181,2611,45,True,0,,,,,,2
3,3,0,0,18,0,16.8,276,40,2,0,4.5,20.6,2019-08-31T14:00:00Z,90,19,0,0,0,0,4,0,25926,0,2,8.0,1,2264,5017,2753,45,False,0,,,,,,2
4,4,0,0,11,0,1.2,276,46,2,0,1.8,16.4,2019-09-14T16:30:00Z,90,11,0,0,0,0,5,0,25661,2,3,0.0,1,-813,2217,3030,45,True,0,,,,,,2
5,5,0,0,13,0,22.9,276,52,2,0,4.5,18.0,2019-09-21T14:00:00Z,90,5,0,0,0,0,6,0,31126,0,2,4.0,1,4112,6086,1974,45,False,0,,,,,,2
6,6,0,0,17,0,23.3,276,64,2,0,4.6,20.4,2019-09-28T14:00:00Z,90,7,0,0,0,0,7,0,30678,0,2,2.0,1,-624,1941,2565,45,False,0,,,,,,2
7,7,0,0,14,0,18.2,276,77,5,0,4.7,18.0,2019-10-05T14:00:00Z,90,2,0,0,0,0,8,0,27833,5,1,11.0,0,-3021,1038,4059,45,True,0,,,,,,2
8,8,0,0,18,1,2.2,276,82,0,0,1.5,10.8,2019-10-19T14:00:00Z,90,3,0,0,0,0,9,0,25182,0,0,2.0,5,-2714,297,3011,45,False,1,,,,,,2
9,9,0,0,4,0,0.8,276,97,2,0,0.2,0.6,2019-10-27T16:30:00Z,65,12,0,0,0,0,10,0,25349,3,1,1.0,1,-168,619,787,45,True,0,,,,,,2
10,10,0,0,10,0,2.6,276,104,2,0,1.3,8.6,2019-11-02T15:00:00Z,90,4,0,0,0,0,11,0,23473,0,2,2.0,1,-1891,298,2189,45,False,0,,,,,,2
11,11,0,0,12,0,3.5,276,117,2,0,2.6,9.4,2019-11-08T20:00:00Z,80,18,0,0,0,0,12,0,24992,2,0,13.0,1,612,1815,1203,45,True,0,,,,,,2
12,12,0,0,0,0,0.0,276,126,0,0,0.0,0.0,2019-11-23T15:00:00Z,0,8,0,0,0,0,13,0,21641,2,0,0.0,0,-2755,254,3009,45,False,0,,,,,,2
13,13,0,0,0,0,0.0,276,137,0,0,0.0,0.0,2019-12-01T14:00:00Z,0,1,0,0,0,0,14,0,19631,2,2,0.0,0,-2085,21,2106,45,True,0,,,,,,2
14,14,0,0,0,0,0.0,276,150,0,0,0.0,0.0,2019-12-04T19:30:00Z,0,16,0,0,0,0,15,0,19465,1,2,0.0,0,-320,218,538,45,False,0,,,,,,2
15,15,0,0,2,0,0.2,276,157,0,0,0.7,6.4,2019-12-08T14:00:00Z,18,15,0,0,0,0,16,0,19219,2,1,0.0,1,-352,302,654,45,True,0,,,,,,2
16,16,0,0,0,0,0.0,276,165,0,0,0.0,0.0,2019-12-14T15:00:00Z,0,9,0,0,0,0,17,0,18841,1,1,0.0,0,-488,246,734,45,False,0,,,,,,2
17,17,0,0,0,0,0.0,276,177,0,0,0.0,0.0,2019-12-21T15:00:00Z,0,20,0,0,0,0,18,0,18616,2,1,0.0,0,-331,323,654,45,True,0,,,,,,2
18,18,0,0,0,0,0.0,276,181,0,0,0.0,0.0,2019-12-26T15:00:00Z,0,2,0,0,0,0,19,0,18485,0,1,0.0,0,-282,267,549,45,False,0,,,,,,2
19,19,0,0,12,0,1.6,276,197,2,0,2.3,14.2,2019-12-28T17:30:00Z,90,17,0,0,0,0,20,0,18159,2,2,7.0,0,-384,124,508,45,True,1,,,,,,2
20,20,0,0,0,0,0.0,276,207,0,0,0.0,0.0,2020-01-01T17:30:00Z,0,7,0,0,0,0,21,0,18117,1,1,0.0,0,-200,555,755,45,True,0,,,,,,2
21,21,0,0,2,0,0.0,276,217,0,0,0.0,0.0,2020-01-11T15:00:00Z,10,12,0,0,0,0,22,0,17806,0,4,0.0,1,-434,311,745,45,False,0,,,,,,2
22,22,0,0,0,0,0.0,276,227,0,0,0.0,0.0,2020-01-18T15:00:00Z,0,3,0,0,0,0,23,0,17772,0,1,0.0,0,-174,374,548,45,True,0,,,,,,2
23,23,0,0,0,0,0.0,276,240,0,0,0.0,0.0,2020-01-22T19:30:00Z,0,17,0,0,0,0,24,0,17373,1,2,0.0,0,-412,111,523,45,False,0,,,,,,2
24,24,0,0,0,0,0.0,276,247,0,0,0.0,0.0,2020-02-01T15:00:00Z,0,13,0,0,0,0,25,0,17158,0,0,0.0,0,-312,116,428,44,False,0,,,,,,2
25,25,0,0,18,0,0.2,276,257,1,0,4.1,22.8,2020-02-15T17:30:00Z,63,10,0,0,0,0,26,0,16940,1,0,18.0,2,-241,34,275,44,True,0,,,,,,2
26,26,0,0,18,0,4.3,276,270,3,0,2.8,21.2,2020-02-23T14:00:00Z,90,20,0,0,0,0,27,0,16897,0,3,2.0,1,-116,114,230,44,False,0,,,,,,2
27,27,0,3,43,1,1.9,276,277,0,1,6.9,50.2,2020-02-28T20:00:00Z,90,9,0,0,0,0,28,0,16874,0,1,17.0,15,-72,122,194,44,True,0,,,,,,2
28,28,0,0,10,0,2.1,276,288,1,0,3.2,13.0,2020-03-07T15:00:00Z,90,15,0,0,0,0,29,0,20285,0,1,17.0,2,2843,3479,636,44,False,0,,,,,,2
29,29,0,0,18,0,11.8,276,297,3,0,2.6,13.8,2020-06-19T17:00:00Z,90,16,0,0,0,0,39,0,20897,3,0,0.0,1,91,2110,2019,44,True,0,,,,,,2
30,30,0,0,7,0,5.0,276,307,1,0,0.9,3.6,2020-06-24T17:00:00Z,86,8,0,0,0,0,40,0,20472,1,0,0.0,2,-503,324,827,44,True,0,,,,,,2
31,31,0,0,10,0,2.1,276,311,4,0,1.9,17.2,2020-07-01T17:00:00Z,90,1,0,0,0,0,41,0,20210,0,4,0.0,0,-317,124,441,44,False,0,,,,,,2
32,32,0,0,14,0,22.6,276,327,1,0,3.4,11.2,2020-07-04T11:30:00Z,90,4,0,0,0,0,42,0,20616,1,0,0.0,1,273,798,525,44,True,1,,,,,,2
33,33,0,0,6,0,27.5,276,339,2,0,4.7,19.6,2020-07-07T17:00:00Z,90,18,0,0,0,0,43,0,20651,1,2,0.0,0,9,555,546,44,False,1,,,,,,2
34,34,0,0,11,0,45.6,276,346,4,0,6.1,13.4,2020-07-11T11:30:00Z,90,19,0,0,0,0,44,0,20371,4,0,2.0,0,-328,379,707,44,True,0,,,,,,2
35,35,0,0,16,0,4.8,276,353,1,0,4.3,20.2,2020-07-14T19:15:00Z,90,6,0,0,0,0,45,0,20023,0,1,18.0,2,-344,223,567,44,False,0,,,,,,2
36,36,0,0,14,0,2.6,276,366,2,0,1.2,9.0,2020-07-18T16:30:00Z,90,5,0,0,0,0,46,0,20385,2,0,0.0,1,145,519,374,44,True,0,,,,,,2
37,37,0,0,11,0,0.3,276,377,5,0,1.7,16.2,2020-07-26T15:00:00Z,90,11,0,0,0,0,47,0,19750,0,5,0.0,0,-478,173,651,44,False,0,,,,,,2
38,38,0,1,31,1,39.8,513,6,0,0,5.9,19.4,2020-09-12T19:00:00Z,90,19,0,0,0,0,1,0,76806,2,0,0.0,7,0,0,0,45,False,0,,,,,,2
39,39,0,0,3,0,1.2,513,16,3,0,0.3,2.0,2020-09-20T13:00:00Z,90,3,0,0,0,0,2,0,256522,3,0,0.0,0,115980,150327,34347,45,True,1,,,,,,2
40,40,0,0,-1,0,0.2,513,26,0,0,0.0,0.0,2020-09-27T13:00:00Z,21,17,0,0,0,0,3,0,195388,1,1,0.0,0,-49564,22304,71868,45,False,1,,,,,,2
41,41,0,0,1,0,1.6,513,36,1,0,0.5,0.0,2020-10-03T19:00:00Z,90,4,0,0,0,0,4,0,186537,1,3,4.0,1,-16133,6351,22484,45,True,1,,,,,,2
42,42,0,0,12,0,22.3,513,45,4,0,4.7,23.0,2020-10-17T19:00:00Z,90,13,0,0,0,0,5,0,176226,4,1,2.0,0,-11296,17109,28405,44,True,0,,,,,,2
43,43,0,0,14,0,5.7,513,58,1,0,2.4,17.8,2020-10-25T16:30:00Z,90,20,0,0,0,0,6,0,165696,1,1,0.0,2,-12098,5144,17242,44,False,0,,,,,,2
44,44,0,0,18,0,15.8,513,65,1,0,3.2,16.4,2020-11-01T14:00:00Z,90,7,0,0,0,0,7,0,159005,1,2,0.0,2,-8152,4098,12250,44,True,0,,,,,,2
45,45,0,0,22,0,29.7,513,76,2,0,5.1,20.8,2020-11-06T20:00:00Z,90,16,0,0,0,0,8,0,154266,0,2,0.0,1,-5268,5809,11077,43,False,0,,,,,,2
46,46,0,0,5,0,5.0,513,85,2,0,1.7,11.8,2020-11-21T12:30:00Z,90,5,0,0,0,0,9,0,152916,2,0,0.0,1,-1460,13681,15141,43,True,0,,,,,,2
47,47,0,0,23,1,26.0,513,92,0,0,5.6,22.6,2020-11-27T20:00:00Z,90,6,0,0,0,0,10,0,160124,2,0,7.0,6,4749,13712,8963,43,False,0,,,,,,2
48,48,0,0,1,0,1.0,513,116,1,0,0.9,8.2,2020-12-12T15:00:00Z,68,18,0,0,0,0,12,0,202764,1,2,0.0,1,34021,40533,6512,43,True,1,,,,,,2
49,49,0,0,9,0,0.7,513,122,5,0,1.2,9.6,2020-12-16T18:00:00Z,90,10,0,0,0,0,13,0,207878,2,5,2.0,0,7086,17779,10693,43,False,0,,,,,,2
50,50,0,0,0,0,0.0,513,135,0,0,0.0,0.0,2020-12-19T20:00:00Z,0,8,0,0,0,0,14,0,230903,1,1,0.0,0,20980,30254,9274,43,True,0,,,,,,2
51,51,0,0,4,0,0.8,513,145,0,0,0.3,1.8,2020-12-26T20:00:00Z,24,12,0,0,0,0,15,0,202733,0,2,0.0,1,-27219,10273,37492,43,False,0,,,,,,2
52,52,0,0,3,0,0.0,513,155,0,0,0.0,0.0,2020-12-30T20:00:00Z,4,11,0,0,0,0,16,0,190118,0,0,0.0,1,-13457,5495,18952,43,True,0,,,,,,2
53,53,0,0,0,0,0.0,513,165,0,0,0.0,0.0,2021-01-03T14:15:00Z,0,9,0,0,0,0,17,0,171803,2,1,0.0,0,-18716,4747,23463,43,True,0,,,,,,2
54,54,0,0,0,0,0.0,513,174,0,0,0.0,0.0,2021-01-12T18:00:00Z,0,15,0,0,0,0,18,0,121346,0,1,0.0,0,-24444,4466,28910,43,False,0,,,,,,2
55,55,0,0,6,0,1.0,513,179,3,0,1.0,9.2,2021-01-18T20:00:00Z,90,1,0,0,0,0,19,0,118026,0,3,0.0,1,-27104,441,27545,43,False,0,,,,,,2
56,56,0,0,2,0,1.1,513,99,2,0,0.3,0.0,2021-01-23T20:00:00Z,90,2,0,0,0,0,19,0,118026,0,2,4.0,1,-27104,441,27545,43,False,0,,,,,,2
57,57,0,0,11,0,11.7,513,196,2,0,3.0,14.2,2021-01-26T18:00:00Z,90,10,0,0,0,0,20,0,114842,2,1,4.0,1,-8590,3994,12584,42,True,0,,,,,,2
58,58,1,2,40,1,16.7,513,203,0,0,4.6,27.0,2021-01-30T12:30:00Z,90,7,0,0,0,0,21,0,109083,2,0,2.0,11,-5840,2113,7953,42,False,0,,,,,,2
59,59,0,0,15,0,28.6,513,217,2,0,4.6,17.6,2021-02-02T20:15:00Z,90,6,0,0,0,0,22,0,124581,2,1,0.0,1,14329,17284,2955,42,True,0,,,,,,2
60,60,0,0,15,0,0.5,513,225,2,0,1.5,14.2,2021-02-06T15:00:00Z,90,16,0,0,0,0,23,0,115456,2,3,0.0,1,-8794,4254,13048,42,True,0,,,,,,2
61,61,0,0,6,0,11.6,513,231,2,0,3.0,16.6,2021-02-15T20:00:00Z,90,5,0,0,0,0,24,0,110800,0,2,2.0,1,-4585,4673,9258,42,False,0,,,,,,2
62,62,0,0,4,0,1.3,513,245,3,0,0.4,2.2,2021-02-21T19:00:00Z,90,13,0,0,0,0,25,0,109986,1,3,0.0,1,-1496,4028,5524,42,False,0,,,,,,2
63,63,0,0,14,0,2.2,513,255,1,0,3.9,17.2,2021-02-27T20:00:00Z,90,20,0,0,0,0,26,0,112591,1,1,20.0,2,2444,12050,9606,42,True,0,,,,,,2
64,64,0,0,0,0,0.0,513,267,0,0,0.0,0.0,2021-03-07T12:00:00Z,0,18,0,0,0,0,27,0,118335,0,0,0.0,0,5258,9276,4018,42,False,0,,,,,,2
65,65,0,0,0,0,0.0,513,276,0,0,0.0,0.0,2021-03-12T20:00:00Z,0,2,0,0,0,0,28,0,117348,1,1,0.0,0,-1104,4008,5112,42,True,0,,,,,,2
66,66,0,0,0,0,0.0,513,279,0,0,0.0,0.0,2021-03-20T20:00:00Z,0,3,0,0,0,0,29,0,117817,0,3,0.0,0,-1974,4168,6142,42,False,0,,,,,,2
67,67,0,0,0,0,0.0,513,296,0,0,0.0,0.0,2021-04-04T13:05:00Z,0,17,0,0,0,0,30,0,108173,2,2,0.0,0,-7545,319,7864,42,True,0,,,,,,2
68,68,0,0,0,0,0.0,513,300,0,0,0.0,0.0,2021-04-11T11:00:00Z,0,4,0,0,0,0,31,0,103509,2,1,0.0,0,-4748,704,5452,42,False,0,,,,,,2
69,69,0,0,0,0,0.0,513,316,0,0,0.0,0.0,2021-04-17T11:30:00Z,0,19,0,0,0,0,32,0,101044,2,3,0.0,0,-2541,1638,4179,41,True,0,,,,,,2
70,70,0,0,0,0,0.0,513,324,0,0,0.0,0.0,2021-04-24T11:30:00Z,0,11,0,0,0,0,33,0,97808,1,1,0.0,0,-3122,1030,4152,41,False,0,,,,,,2
71,71,0,0,0,0,0.0,513,335,0,0,0.0,0.0,2021-05-02T13:00:00Z,0,1,0,0,0,0,34,0,96134,2,0,0.0,0,-1911,809,2720,41,True,0,,,,,,2
72,72,0,0,0,0,0.0,513,343,0,0,0.0,0.0,2021-05-07T19:00:00Z,0,9,0,0,0,0,35,0,93968,4,2,0.0,0,-2115,1335,3450,41,False,0,,,,,,2
73,73,0,0,3,0,0.3,513,356,0,0,0.1,1.0,2021-05-14T19:00:00Z,6,12,0,0,0,0,36,0,92826,4,3,0.0,1,-1232,853,2085,41,True,0,,,,,,2
74,74,0,0,0,0,0.0,513,365,0,0,0.0,0.0,2021-05-19T17:00:00Z,0,15,0,0,0,0,37,0,93107,0,1,0.0,0,128,1642,1514,41,True,0,,,,,,2
75,75,0,0,0,0,0.0,513,371,0,0,0.0,0.0,2021-05-23T15:00:00Z,0,8,0,0,0,0,38,0,92308,2,0,0.0,0,-803,1480,2283,40,False,0,,,,,,2
76,76,0,0,0,0,0.0,311,9,0,0,0.0,0.0,2021-08-15T13:00:00Z,0,19,0,0,0,0,1,0,11767,4,2,0.0,0,0,0,0,45,True,0,,,,,,2
77,77,0,0,0,0,0.0,311,11,0,0,0.0,0.0,2021-08-21T14:00:00Z,0,2,0,0,0,0,2,0,12024,0,2,0.0,0,-1390,375,1765,45,False,0,,,,,,2
78,78,0,0,0,0,0.0,311,25,0,0,0.0,0.0,2021-08-28T14:00:00Z,0,16,0,0,0,0,3,0,10701,2,2,0.0,0,-1721,347,2068,44,True,0,,,,,,2
79,79,0,0,3,0,0.3,311,38,1,0,0.1,0.6,2021-09-11T14:00:00Z,6,13,0,0,0,0,4,0,9578,1,4,0.0,1,-1485,472,1957,44,False,0,,,,,,2
80,80,0,0,0,0,0.0,311,46,0,0,0.0,0.0,2021-09-17T19:00:00Z,0,10,0,0,0,0,5,0,9206,1,1,0.0,0,-643,353,996,44,True,0,,,,,,2
81,81,0,0,0,0,0.0,311,60,0,0,0.0,0.0,2021-09-25T14:00:00Z,0,18,0,0,0,0,6,0,8765,1,1,0.0,0,-611,197,808,44,False,0,,,,,,2
82,82,0,0,0,0,0.0,311,70,0,0,0.0,0.0,2021-10-02T14:00:00Z,0,20,0,0,0,0,7,0,8566,1,2,0.0,0,-331,193,524,43,False,0,,,,,,2
83,83,0,0,0,0,0.0,311,77,0,0,0.0,0.0,2021-10-17T15:30:00Z,0,17,0,0,0,0,8,0,8370,3,2,0.0,0,-319,163,482,43,True,0,,,,,,2
84,84,0,0,0,0,0.0,311,85,0,0,0.0,0.0,2021-10-23T14:00:00Z,0,7,0,0,0,0,9,0,8286,1,1,0.0,0,-168,164,332,43,False,0,,,,,,2
85,85,0,0,0,0,0.0,311,96,0,0,0.0,0.0,2021-10-30T14:00:00Z,0,6,0,0,0,0,10,0,8074,3,0,0.0,0,-311,149,460,43,True,0,,,,,,2
86,86,0,0,0,0,0.0,311,103,0,0,0.0,0.0,2021-11-06T17:30:00Z,0,4,0,0,0,0,11,0,7955,1,1,0.0,0,-197,67,264,43,False,0,,,,,,2
87,87,0,0,0,0,0.0,311,116,0,0,0.0,0.0,2021-11-20T15:00:00Z,0,3,0,0,0,0,12,0,7885,3,3,0.0,0,-175,123,298,43,True,0,,,,,,2
88,88,0,0,0,0,0.0,311,121,0,0,0.0,0.0,2021-11-27T12:30:00Z,0,1,0,0,0,0,13,0,7830,0,2,0.0,0,-95,185,280,42,False,0,,,,,,2
89,89,0,0,6,0,0.8,311,138,1,0,1.1,9.8,2021-11-30T19:30:00Z,90,15,0,0,0,0,14,0,8003,1,1,0.0,2,128,391,263,42,True,0,,,,,,2
90,90,0,0,19,1,1.5,311,145,0,0,2.4,20.2,2021-12-04T15:00:00Z,90,5,0,0,0,0,15,0,8349,0,1,2.0,6,288,604,316,42,True,0,,,,,,2
91,91,0,0,6,0,11.2,311,157,2,0,1.9,7.8,2021-12-12T14:00:00Z,61,9,0,0,0,0,16,0,12225,0,4,0.0,0,3135,3753,618,42,False,1,,,,,,2
92,92,0,0,5,0,0.0,311,169,0,0,0.1,1.0,2021-12-16T20:00:00Z,14,11,0,0,0,0,17,0,11762,1,3,0.0,1,27,822,795,42,False,0,,,,,,2
93,93,0,0,0,0,0.0,311,175,0,0,0.0,0.0,2021-12-19T14:00:00Z,0,12,0,0,0,0,18,0,10790,4,0,0.0,0,-749,221,970,42,True,0,,,,,,2
94,94,0,0,0,0,0.0,311,186,0,0,0.0,0.0,2021-12-27T20:00:00Z,0,13,0,0,0,0,19,0,9551,1,1,0.0,0,-1202,92,1294,42,True,0,,,,,,2
95,95,0,0,0,0,0.0,311,216,0,0,0.0,0.0,2022-01-15T15:00:00Z,0,18,0,0,0,0,22,0,8253,1,1,0.0,0,-554,52,606,42,True,0,,,,,,2
96,96,0,0,0,0,0.0,311,226,0,0,0.0,0.0,2022-01-22T15:00:00Z,0,10,0,0,0,0,23,0,8378,1,0,0.0,0,-35,161,196,42,False,0,,,,,,2
97,97,0,0,0,0,0.0,311,239,0,0,0.0,0.0,2022-02-08T19:45:00Z,0,8,0,0,0,0,24,0,8181,1,3,0.0,0,-213,125,338,42,True,0,,,,,,2
98,98,0,0,0,0,0.0,311,247,0,0,0.0,0.0,2022-02-13T14:00:00Z,0,2,0,0,0,0,25,0,7958,0,1,0.0,0,-223,12,235,42,True,0,,,,,,2
99,99,0,0,0,0,0.0,311,259,0,0,0.0,0.0,2022-02-19T12:30:00Z,0,19,0,0,0,0,26,0,7723,1,1,0.0,0,-230,20,250,42,False,0,,,,,,2
100,100,0,0,0,0,0.0,311,262,0,0,0.0,0.0,2022-02-26T15:00:00Z,0,3,0,0,0,0,27,0,7539,2,0,0.0,0,-176,22,198,42,False,0,,,,,,2
101,101,0,0,0,0,0.0,311,276,0,0,0.0,0.0,2022-03-05T15:00:00Z,0,4,0,0,0,0,28,0,7434,1,2,0.0,0,-139,43,182,42,True,0,,,,,,2
102,102,0,0,0,0,0.0,311,209,0,0,0.0,0.0,2022-03-10T19:30:00Z,0,16,0,0,0,0,28,0,7434,2,1,0.0,0,-139,43,182,42,False,0,,,,,,2
103,103,0,0,0,0,0.0,311,284,0,0,0.0,0.0,2022-03-13T14:00:00Z,0,6,0,0,0,0,29,0,7329,0,1,0.0,0,-104,55,159,42,False,0,,,,,,2
104,104,0,0,0,0,0.0,311,195,0,0,0.0,0.0,2022-03-17T19:45:00Z,0,8,0,0,0,0,29,0,7329,0,1,0.0,0,-104,55,159,42,False,0,,,,,,2
105,105,0,0,0,0,0.0,311,308,0,0,0.0,0.0,2022-04-03T15:30:00Z,0,17,0,0,0,0,31,0,7181,1,5,0.0,0,-45,49,94,42,False,0,,,,,,2
106,106,0,0,0,0,0.0,311,317,0,0,0.0,0.0,2022-04-08T19:00:00Z,0,20,0,0,0,0,32,0,7197,0,1,0.0,0,6,70,64,42,True,0,,,,,,2
107,107,0,0,0,0,0.0,311,325,0,0,0.0,0.0,2022-04-17T13:15:00Z,0,9,0,0,0,0,33,0,7128,1,2,0.0,0,-69,28,97,42,True,0,,,,,,2
108,108,0,0,0,0,0.0,311,296,0,0,0.0,0.0,2022-04-20T18:45:00Z,0,7,0,0,0,0,33,0,7128,0,1,0.0,0,-69,28,97,42,True,0,,,,,,2
109,109,0,0,0,0,0.0,311,340,0,0,0.0,0.0,2022-04-23T14:00:00Z,0,15,0,0,0,0,34,0,7104,3,0,0.0,0,-29,58,87,42,False,0,,,,,,2
110,110,0,0,0,0,0.0,311,345,0,0,0.0,0.0,2022-04-30T11:30:00Z,0,11,0,0,0,0,35,0,7064,1,0,0.0,0,-42,46,88,42,True,0,,,,,,2
111,111,0,0,0,0,0.0,311,359,0,0,0.0,0.0,2022-05-08T15:30:00Z,0,12,0,0,0,0,36,0,7019,0,5,0.0,0,-47,43,90,42,False,0,,,,,,2
112,112,0,0,0,0,0.0,311,365,0,0,0.0,0.0,2022-05-16T19:00:00Z,0,1,0,0,0,0,37,0,6983,0,2,0.0,0,-41,22,63,42,True,0,,,,,,2
113,113,0,0,0,0,0.0,311,374,0,0,0.0,0.0,2022-05-22T15:00:00Z,0,5,0,0,0,0,38,0,6948,2,1,0.0,0,-25,52,77,42,False,0,,,,,,2
114,114,0,0,0,0,0.0,372,7,0,0,0.0,0.0,2022-08-06T14:00:00Z,0,16,0,0,0,0,1,0,3668,0,2,0.0,0,0,0,0,45,True,0,0.0,0.0,0.0,0.0,0.0,2
115,115,0,0,0,0,0.0,372,14,0,0,0.0,0.0,2022-08-13T14:00:00Z,0,5,0,0,0,0,2,0,2654,0,0,0.0,0,-1005,29,1034,44,False,0,0.0,0.0,0.0,0.0,0.0,2
116,116,0,0,0,0,0.0,372,28,0,0,0.0,0.0,2022-08-21T15:30:00Z,0,13,0,0,0,0,3,0,2299,3,3,0.0,0,-416,38,454,44,True,0,0.0,0.0,0.0,0.0,0.0,2
117,117,0,0,0,0,0.0,372,40,0,0,0.0,0.0,2022-08-28T13:00:00Z,0,20,0,0,0,0,4,0,2214,1,1,0.0,0,-169,62,231,44,False,0,0.0,0.0,0.0,0.0,0.0,2
118,118,0,0,0,0,0.0,372,48,0,0,0.0,0.0,2022-08-31T19:00:00Z,0,12,0,0,0,0,5,0,2370,1,2,0.0,0,-63,88,151,44,False,0,0.0,0.0,0.0,0.0,0.0,2
119,119,0,0,0,0,0.0,372,57,0,0,0.0,0.0,2022-09-03T14:00:00Z,0,7,0,0,0,0,6,0,2757,0,0,0.0,0,17,217,200,44,True,0,0.0,0.0,0.0,0.0,0.0,2
120,120,0,0,0,0,0.0,372,77,0,0,0.0,0.0,2022-09-17T14:00:00Z,0,3,0,0,0,0,8,0,3097,1,1,0.0,0,-8,86,94,44,True,0,0.0,0.0,0.0,0.0,0.0,2
121,121,0,0,3,0,0.8,372,84,1,0,0.6,1.0,2022-10-01T14:00:00Z,7,9,0,0,0,0,9,0,3195,4,1,4.0,1,-35,149,184,44,False,0,0.0,0.0,0.0,0.47,0.0,2
122,122,0,0,0,0,0.0,372,98,0,0,0.0,0.0,2022-10-08T14:00:00Z,0,4,0,0,0,0,10,0,3405,1,5,0.0,0,70,233,163,44,True,0,0.0,0.0,0.0,0.0,0.0,2
123,123,0,0,0,0,0.0,372,107,0,0,0.0,0.0,2022-10-16T13:00:00Z,0,14,0,0,0,0,11,0,3524,0,0,0.0,0,6,196,190,44,False,0,0.0,0.0,0.0,0.0,0.0,2
124,124,0,0,0,0,0.0,372,120,0,0,0.0,0.0,2022-10-19T18:30:00Z,0,8,0,0,0,0,12,0,3687,0,1,0.0,0,52,176,124,44,True,0,0.0,0.0,0.0,0.0,0.0,2
125,125,0,0,0,0,0.0,372,128,0,0,0.0,0.0,2022-10-23T15:30:00Z,0,18,0,0,0,0,13,0,3711,2,1,0.0,0,-17,127,144,44,False,0,0.0,0.0,0.0,0.0,0.0,2
126,126,0,0,0,0,0.0,372,140,0,0,0.0,0.0,2022-10-29T14:00:00Z,0,2,0,0,0,0,14,0,3815,0,4,0.0,0,5,190,185,44,True,0,0.0,0.0,0.0,0.0,0.0,2
127,127,0,0,0,0,0.0,372,147,0,0,0.0,0.0,2022-11-06T14:00:00Z,0,17,0,0,0,0,15,0,3848,4,1,0.0,0,-45,181,226,44,False,0,0.0,0.0,0.0,0.0,0.0,2
128,128,0,0,0,0,0.0,372,156,0,0,0.0,0.0,2022-11-12T17:30:00Z,0,6,0,0,0,0,16,0,3945,0,1,0.0,0,10,160,150,44,True,0,0.0,0.0,0.0,0.0,0.0,2
129,129,0,0,0,0,0.0,372,168,0,0,0.0,0.0,2022-12-26T15:00:00Z,0,10,0,0,0,0,17,0,4163,3,0,0.0,0,65,380,315,44,False,0,0.0,0.0,0.0,0.0,0.0,2
130,130,0,0,0,0,0.0,372,176,0,0,0.0,0.0,2022-12-31T15:00:00Z,0,11,0,0,0,0,18,0,4257,0,0,0.0,0,23,157,134,44,True,0,0.0,0.0,0.0,0.0,0.0,2
131,131,0,0,0,0,0.0,372,181,0,0,0.0,0.0,2023-01-03T19:45:00Z,0,1,0,0,0,0,19,0,4294,0,0,0.0,0,4,110,106,44,False,0,0.0,0.0,0.0,0.0,0.0,2
132,132,0,0,0,0,0.0,372,197,0,0,0.0,0.0,2023-01-15T14:00:00Z,0,9,0,0,0,0,20,0,4349,0,1,0.0,0,-25,151,176,44,True,0,0.0,0.0,0.0,0.0,0.0,2
133,133,0,0,0,0,0.0,372,203,0,0,0.0,0.0,2023-01-21T17:30:00Z,0,7,0,0,0,0,21,0,4453,0,0,0.0,0,16,150,134,44,False,0,0.0,0.0,0.0,0.0,0.0,2
134,134,0,0,0,0,0.0,372,217,0,0,0.0,0.0,2023-02-04T17:30:00Z,0,19,0,0,0,0,22,0,4627,1,1,0.0,0,54,237,183,44,True,0,0.0,0.0,0.0,0.0,0.0,2
135,135,0,0,0,0,0.0,372,222,0,0,0.0,0.0,2023-02-11T17:30:00Z,0,3,0,0,0,0,23,0,4728,1,1,0.0,0,27,138,111,44,False,0,0.0,0.0,0.0,0.0,0.0,2
136,136,0,0,0,0,0.0,372,237,0,0,0.0,0.0,2023-02-18T17:30:00Z,0,12,0,0,0,0,24,0,4789,2,0,0.0,0,-6,112,118,44,True,0,0.0,0.0,0.0,0.0,0.0,2
137,137,0,0,0,0,0.0,372,257,0,0,0.0,0.0,2023-03-04T12:30:00Z,0,13,0,0,0,0,26,0,4896,0,2,0.0,0,24,110,86,44,False,0,0.0,0.0,0.0,0.0,0.0,2
138,138,0,0,0,0,0.0,372,268,0,0,0.0,0.0,2023-03-12T16:30:00Z,0,20,0,0,0,0,27,0,4987,1,2,0.0,0,30,120,90,44,True,0,0.0,0.0,0.0,0.0,0.0,2
139,139,0,0,0,0,0.0,372,278,0,0,0.0,0.0,2023-03-17T20:00:00Z,0,16,0,0,0,0,28,0,5032,2,1,0.0,0,-7,83,90,44,False,0,0.0,0.0,0.0,0.0,0.0,2
140,140,0,0,0,0,0.0,372,288,0,0,0.0,0.0,2023-04-02T15:30:00Z,0,14,0,0,0,0,29,0,5088,0,2,0.0,0,1,76,75,44,True,0,0.0,0.0,0.0,0.0,0.0,2
141,141,0,0,0,0,0.0,372,70,0,0,0.0,0.0,2023-04-05T19:00:00Z,0,19,0,0,0,0,29,0,5088,5,1,0.0,0,1,76,75,44,False,0,0.0,0.0,0.0,0.0,0.0,2
142,142,0,0,0,0,0.0,372,292,0,0,0.0,0.0,2023-04-08T14:00:00Z,0,4,0,0,0,0,30,0,5129,2,1,0.0,0,11,94,83,44,False,0,0.0,0.0,0.0,0.0,0.0,2
143,143,0,0,0,0,0.0,372,301,0,0,0.0,0.0,2023-04-15T11:30:00Z,0,2,0,0,0,0,31,0,5230,0,3,0.0,0,57,121,64,44,False,0,0.0,0.0,0.0,0.0,0.0,2
144,144,0,0,0,0,0.0,372,320,0,0,0.0,0.0,2023-04-23T13:00:00Z,0,18,0,0,0,0,32,0,5317,1,6,0.0,0,48,114,66,44,True,0,0.0,0.0,0.0,0.0,0.0,2
145,145,0,0,0,0,0.0,372,322,0,0,0.0,0.0,2023-04-27T18:45:00Z,0,8,0,0,0,0,33,0,5366,4,1,0.0,0,13,80,67,44,False,0,0.0,0.0,0.0,0.0,0.0,2
146,146,0,0,0,0,0.0,372,340,0,0,0.0,0.0,2023-04-30T13:00:00Z,0,17,0,0,0,0,34,0,5456,1,3,0.0,0,49,125,76,44,True,0,0.0,0.0,0.0,0.0,0.0,2
147,147,0,0,0,0,0.0,372,346,0,0,0.0,0.0,2023-05-07T15:30:00Z,0,1,0,0,0,0,35,0,5571,2,0,0.0,0,54,178,124,44,True,0,0.0,0.0,0.0,0.0,0.0,2
148,148,0,0,0,0,0.0,372,357,0,0,0.0,0.0,2023-05-13T11:30:00Z,0,11,0,0,0,0,36,0,5670,2,2,0.0,0,60,135,75,44,False,0,0.0,0.0,0.0,0.0,0.0,2
149,149,0,0,0,0,0.0,372,248,0,0,0.0,0.0,2023-05-18T18:30:00Z,0,5,0,0,0,0,36,0,5670,1,4,0.0,0,60,135,75,44,True,0,0.0,0.0,0.0,0.0,0.0,2
150,150,0,0,0,0,0.0,372,366,0,0,0.0,0.0,2023-05-22T19:00:00Z,0,10,0,0,0,0,37,0,5745,0,0,0.0,0,39,115,76,44,True,0,0.0,0.0,0.0,0.0,0.0,2
151,151,0,0,3,0,0.0,372,374,0,0,0.0,0.0,2023-05-28T15:30:00Z,2,6,0,0,0,0,38,0,5857,1,1,0.0,1,52,104,52,44,False,0,0.0,0.0,0.0,0.58,0.0,2
152,152,0,0,0,0,0.0,420,6,0,0,0.0,0.0,2023-08-12T16:30:00Z,0,2,0,0,0,0,1,0,1456,1,5,0.0,0,0,0,0,40,True,0,0.0,0.0,0.0,0.0,0.0,2
153,153,0,0,0,0,0.0,420,16,0,0,0.0,0.0,2023-08-19T19:00:00Z,0,13,0,0,0,0,2,0,1095,0,1,0.0,0,-337,0,337,40,False,0,0.0,0.0,0.0,0.0,0.0,2
154,154,0,0,0,0,0.0,420,29,0,0,0.0,0.0,2023-08-27T15:30:00Z,0,11,0,0,0,0,3,0,946,2,1,0.0,0,-173,0,173,40,True,0,0.0,0.0,0.0,0.0,0.0,2
155,155,0,0,0,0,0.0,420,33,0,0,0.0,0.0,2023-09-02T16:30:00Z,0,5,0,0,0,0,4,0,855,1,3,0.0,0,-93,0,93,40,False,0,0.0,0.0,0.0,0.0,0.0,2
156,156,0,0,0,0,0.0,420,46,0,0,0.0,0.0,2023-09-16T16:30:00Z,0,4,0,0,0,0,5,0,804,0,1,0.0,0,-53,0,53,40,True,0,0.0,0.0,0.0,0.0,0.0,2
157,157,0,0,0,0,0.0,420,60,0,0,0.0,0.0,2023-09-24T15:30:00Z,0,17,0,0,0,0,6,0,765,8,0,0.0,0,-40,0,40,40,False,0,0.0,0.0,0.0,0.0,0.0,2
158,158,0,0,0,0,0.0,420,66,0,0,0.0,0.0,2023-09-30T14:00:00Z,0,6,0,0,0,0,7,0,738,0,2,0.0,0,-23,0,23,40,True,0,0.0,0.0,0.0,0.0,0.0,2
159,159,0,0,0,0,0.0,420,79,0,0,0.0,0.0,2023-10-08T13:00:00Z,0,19,0,0,0,0,8,0,716,2,2,0.0,0,-26,0,26,40,False,0,0.0,0.0,0.0,0.0,0.0,2
160,160,0,0,0,0,0.0,420,87,0,0,0.0,0.0,2023-10-21T14:00:00Z,0,8,0,0,0,0,9,0,697,0,4,0.0,0,-19,0,19,40,True,0,0.0,0.0,0.0,0.0,0.0,2
161,161,0,0,0,0,0.0,420,100,0,0,0.0,0.0,2023-10-28T16:30:00Z,0,20,0,0,0,0,10,0,681,2,2,0.0,0,-18,0,18,40,False,0,0.0,0.0,0.0,0.0,0.0,2
162,162,0,0,0,0,0.0,420,107,0,0,0.0,0.0,2023-11-04T17:30:00Z,0,1,0,0,0,0,11,0,668,0,1,0.0,0,-12,0,12,40,True,0,0.0,0.0,0.0,0.0,0.0,2
163,163,0,0,0,0,0.0,420,113,0,0,0.0,0.0,2023-11-11T17:30:00Z,0,3,0,0,0,0,12,0,656,0,2,0.0,0,-12,0,12,40,False,0,0.0,0.0,0.0,0.0,0.0,2
164,164,0,0,0,0,0.0,420,127,0,0,0.0,0.0,2023-11-25T15:00:00Z,0,7,0,0,0,0,13,0,650,1,4,0.0,0,-7,0,7,40,True,0,0.0,0.0,0.0,0.0,0.0,2
165,165,0,0,0,0,0.0,420,138,0,0,0.0,0.0,2023-12-02T20:00:00Z,0,14,0,0,0,0,14,0,645,0,1,0.0,0,-5,0,5,40,True,0,0.0,0.0,0.0,0.0,0.0,2
166,166,0,0,0,0,0.0,420,144,0,0,0.0,0.0,2023-12-07T19:30:00Z,0,9,0,0,0,0,15,0,638,0,3,0.0,0,-6,0,6,40,False,0,0.0,0.0,0.0,0.0,0.0,2
167,167,0,0,0,0,0.0,420,159,0,0,0.0,0.0,2023-12-10T16:30:00Z,0,18,0,0,0,0,16,0,635,1,4,0.0,0,-4,0,4,40,False,0,0.0,0.0,0.0,0.0,0.0,2
168,168,0,0,0,0,0.0,420,168,0,0,0.0,0.0,2023-12-16T15:00:00Z,0,10,0,0,0,0,17,0,626,0,3,0.0,0,-9,0,9,40,True,0,0.0,0.0,0.0,0.0,0.0,2
169,169,0,0,0,0,0.0,420,175,0,0,0.0,0.0,2023-12-23T15:00:00Z,0,12,0,0,0,0,18,0,623,0,1,0.0,0,-3,0,3,40,False,0,0.0,0.0,0.0,0.0,0.0,2
170,170,0,0,0,0,0.0,420,189,0,0,0.0,0.0,2023-12-26T12:30:00Z,0,16,0,0,0,0,19,0,620,3,1,0.0,0,-3,0,3,40,True,0,0.0,0.0,0.0,0.0,0.0,2
171,171,0,0,0,0,0.0,554,200,0,0,0.0,0.0,2023-12-30T15:00:00Z,0,9,0,0,0,0,20,0,3522,0,3,0.0,0,-13,0,13,54,True,0,0.0,0.0,0.0,0.0,0.0,2
172,172,0,0,0,0,0.0,554,183,0,0,0.0,0.0,2023-12-27T19:30:00Z,0,4,0,0,0,0,19,0,3535,4,1,0.0,0,-17,0,17,54,False,0,0.0,0.0,0.0,0.0,0.0,2
173,173,0,0,0,0,0.0,554,180,0,0,0.0,0.0,2023-12-24T13:00:00Z,0,7,0,0,0,0,18,0,3552,1,2,0.0,0,-11,0,11,54,True,0,0.0,0.0,0.0,0.0,0.0,2
174,174,0,0,0,0,0.0,554,170,0,0,0.0,0.0,2023-12-17T14:00:00Z,0,19,0,0,0,0,17,0,3564,0,3,0.0,0,-19,0,19,54,False,0,0.0,0.0,0.0,0.0,0.0,2
175,175,0,0,0,0,0.0,554,160,0,0,0.0,0.0,2023-12-09T15:00:00Z,0,16,0,0,0,0,16,0,3582,1,1,0.0,0,-19,0,19,54,True,0,0.0,0.0,0.0,0.0,0.0,2
176,176,0,0,0,0,0.0,554,149,0,0,0.0,0.0,2023-12-05T19:30:00Z,0,6,0,0,0,0,15,0,3602,0,1,0.0,0,-16,0,16,54,True,0,0.0,0.0,0.0,0.0,0.0,2
177,177,0,0,0,0,0.0,554,131,0,0,0.0,0.0,2023-12-02T15:00:00Z,0,1,0,0,0,0,14,0,3618,1,2,0.0,0,-25,0,25,54,False,0,0.0,0.0,0.0,0.0,0.0,2
178,178,0,0,0,0,0.0,554,124,0,0,0.0,0.0,2023-11-27T20:00:00Z,0,10,0,0,0,0,13,0,3639,2,3,0.0,0,-47,0,47,54,False,0,0.0,0.0,0.0,0.0,0.0,2
179,179,0,0,0,0,0.0,554,120,0,0,0.0,0.0,2023-11-11T12:30:00Z,0,18,0,0,0,0,12,0,3688,1,2,0.0,0,-52,0,52,54,True,0,0.0,0.0,0.0,0.0,0.0,2
180,180,0,0,0,0,0.0,554,109,0,0,0.0,0.0,2023-11-04T15:00:00Z,0,17,0,0,0,0,11,0,3739,1,2,0.0,0,-65,0,65,54,False,0,0.0,0.0,0.0,0.0,0.0,2
181,181,0,0,0,0,0.0,554,100,0,0,0.0,0.0,2023-10-28T16:30:00Z,0,15,0,0,0,0,10,0,3802,2,2,0.0,0,-69,0,69,54,True,0,0.0,0.0,0.0,0.0,0.0,2
182,182,0,0,0,0,0.0,554,82,0,0,0.0,0.0,2023-10-21T14:00:00Z,0,3,0,0,0,0,9,0,3871,2,1,0.0,0,-118,0,118,54,False,0,0.0,0.0,0.0,0.0,0.0,2
183,183,0,0,0,0,0.0,554,80,0,0,0.0,0.0,2023-10-08T13:00:00Z,0,2,0,0,0,0,8,0,3988,1,1,0.0,0,-162,0,162,54,True,0,0.0,0.0,0.0,0.0,0.0,2
184,184,0,0,0,0,0.0,554,70,0,0,0.0,0.0,2023-09-30T14:00:00Z,0,13,0,0,0,0,7,0,4143,1,2,0.0,0,-303,0,303,54,True,0,0.0,0.0,0.0,0.0,0.0,2
185,185,0,0,0,0,0.0,554,58,0,0,0.0,0.0,2023-09-23T14:00:00Z,0,12,0,0,0,0,6,0,4444,1,1,0.0,0,-455,0,455,54,False,0,0.0,0.0,0.0,0.0,0.0,2
186,186,0,0,0,0,0.0,554,50,0,0,0.0,0.0,2023-09-16T11:30:00Z,0,11,0,0,0,0,5,0,4859,3,1,0.0,0,-1686,0,1686,54,True,0,0.0,0.0,0.0,0.0,0.0,2
187,187,0,0,0,0,0.0,554,36,0,0,0.0,0.0,2023-09-03T13:00:00Z,0,8,0,0,0,0,4,0,6532,2,3,0.0,0,-1282,126,1408,54,False,0,0.0,0.0,0.0,0.0,0.0,2
188,188,0,0,0,0,0.0,554,27,0,0,0.0,0.0,2023-08-26T14:00:00Z,0,9,0,0,0,0,3,0,7646,1,0,0.0,0,-1354,247,1601,54,False,0,0.0,0.0,0.0,0.0,0.0,2
189,189,0,0,0,0,0.0,554,20,0,0,0.0,0.0,2023-08-19T14:00:00Z,0,5,0,0,0,0,2,0,8549,4,1,0.0,0,-959,628,1587,55,True,0,0.0,0.0,0.0,0.0,0.0,2
