,Unnamed: 0,assists,attempted_passes,big_chances_created,big_chances_missed,bonus,bps,clean_sheets,clearances_blocks_interceptions,completed_passes,creativity,dribbles,ea_index,element,errors_leading_to_goal,errors_leading_to_goal_attempt,fixture,fouls,goals_conceded,goals_scored,ict_index,id,influence,key_passes,kickoff_time,kickoff_time_formatted,loaned_in,loaned_out,minutes,offside,open_play_crosses,opponent_team,own_goals,penalties_conceded,penalties_missed,penalties_saved,recoveries,red_cards,round,saves,selected,tackled,tackles,target_missed,team_a_score,team_h_score,threat,total_points,transfers_balance,transfers_in,transfers_out,value,was_home,winning_goals,yellow_cards,expected_assists,expected_goal_involvements,expected_goals,expected_goals_conceded,starts,position
0,0,0,0.0,0.0,0.0,0,0,0,0.0,0.0,0.0,0.0,0.0,79,0.0,0.0,10,0.0,0,0,0.0,79.0,0.0,0.0,2016-08-15T19:00:00Z,15 Aug 20:00,0.0,0.0,0,0.0,0.0,20,0,0.0,0,0,0.0,0,1,0,8942,0.0,0.0,0.0,1,2,0.0,0,0,0,0,55,True,0.0,0,,,,,,2
1,1,0,0.0,0.0,0.0,0,0,0,0.0,0.0,0.0,0.0,0.0,79,0.0,0.0,17,0.0,0,0,0.0,604.0,0.0,0.0,2016-08-20T14:00:00Z,20 Aug 15:00,0.0,0.0,0,0.0,0.0,18,0,0.0,0,0,0.0,0,2,0,9652,0.0,0.0,0.0,2,1,0.0,0,-1475,174,1649,55,False,0.0,0,,,,,,2
2,2,0,0.0,0.0,0.0,0,0,0,0.0,0.0,0.0,0.0,0.0,79,0.0,0.0,21,0.0,0,0,0.0,1144.0,0.0,0.0,2016-08-27T14:00:00Z,27 Aug 15:00,0.0,0.0,0,0.0,0.0,3,0,0.0,0,0,0.0,0,3,0,9047,0.0,0.0,0.0,0,3,0.0,0,-1200,91,1291,55,True,0.0,0,,,,,,2
3,3,0,0.0,0.0,0.0,0,0,0,0.0,0.0,0.0,0.0,0.0,79,0.0,0.0,39,0.0,0,0,0.0,1694.0,0.0,0.0,2016-09-11T15:00:00Z,11 Sep 16:00,0.0,0.0,0,0.0,0.0,16,0,0.0,0,0,0.0,0,4,0,8604,0.0,0.0,0.0,2,2,0.0,0,-842,99,941,55,False,0.0,0,,,,,,2
4,4,0,0.0,0.0,0.0,0,0,0,0.0,0.0,0.0,0.0,0.0,79,0.0,0.0,41,0.0,0,0,0.0,2275.0,0.0,0.0,2016-09-16T19:00:00Z,16 Sep 20:00,0.0,0.0,0,0.0,0.0,9,0,0.0,0,0,0.0,0,5,0,8447,0.0,0.0,0.0,2,1,0.0,0,-376,70,446,54,True,0.0,0,,,,,,2
5,5,0,0.0,0.0,0.0,0,0,0,0.0,0.0,0.0,0.0,0.0,79,0.0,0.0,51,0.0,0,0,0.0,2859.0,0.0,0.0,2016-09-24T16:30:00Z,24 Sep 17:30,0.0,0.0,0,0.0,0.0,1,0,0.0,0,0,0.0,0,6,0,8269,0.0,0.0,0.0,0,3,0.0,0,-347,68,415,54,False,0.0,0,,,,,,2
6,6,0,0.0,0.0,0.0,0,0,0,0.0,0.0,0.0,0.0,0.0,79,0.0,0.0,63,0.0,0,0,0.0,3445.0,0.0,0.0,2016-10-01T14:00:00Z,01 Oct 15:00,0.0,0.0,0,0.0,0.0,7,0,0.0,0,0,0.0,0,7,0,8129,0.0,0.0,0.0,2,0,0.0,0,-233,68,301,54,False,0.0,0,,,,,,2
7,7,0,0.0,0.0,0.0,0,0,0,0.0,0.0,0.0,0.0,0.0,79,0.0,0.0,73,0.0,0,0,0.0,4034.0,0.0,0.0,2016-10-15T11:30:00Z,15 Oct 12:30,0.0,0.0,0,0.0,0.0,8,0,0.0,0,0,0.0,0,8,0,8109,0.0,0.0,0.0,0,3,0.0,0,-158,103,261,54,True,0.0,0,,,,,,2
8,8,0,0.0,0.0,0.0,0,0,0,0.0,0.0,0.0,0.0,0.0,79,0.0,0.0,84,0.0,0,0,0.0,4626.0,0.0,0.0,2016-10-23T15:00:00Z,23 Oct 16:00,0.0,0.0,0,0.0,0.0,11,0,0.0,0,0,0.0,0,9,0,8038,0.0,0.0,0.0,0,4,0.0,0,-130,42,172,54,True,0.0,0,,,,,,2
9,9,0,0.0,0.0,0.0,0,0,0,0.0,0.0,0.0,0.0,0.0,79,0.0,0.0,95,0.0,0,0,0.0,5220.0,0.0,0.0,2016-10-30T16:00:00Z,30 Oct 16:00,0.0,0.0,0,0.0,0.0,13,0,0.0,0,0,0.0,0,10,0,8024,0.0,0.0,0.0,2,0,0.0,0,-74,78,152,54,False,0.0,0,,,,,,2
10,10,0,0.0,0.0,0.0,0,0,0,0.0,0.0,0.0,0.0,0.0,79,0.0,0.0,104,0.0,0,0,0.0,5818.0,0.0,0.0,2016-11-05T17:30:00Z,05 Nov 17:30,0.0,0.0,0,0.0,0.0,6,0,0.0,0,0,0.0,0,11,0,7990,0.0,0.0,0.0,0,5,0.0,0,-109,72,181,53,True,0.0,0,,,,,,2
11,11,0,0.0,0.0,0.0,0,0,0,0.0,0.0,0.0,0.0,0.0,79,0.0,0.0,114,0.0,0,0,0.0,6417.0,0.0,0.0,2016-11-20T16:00:00Z,20 Nov 16:00,0.0,0.0,0,0.0,0.0,12,0,0.0,0,0,0.0,0,12,0,7969,0.0,0.0,0.0,1,0,0.0,0,-118,104,222,53,False,0.0,0,,,,,,2
12,12,0,0.0,0.0,0.0,0,0,0,0.0,0.0,0.0,0.0,0.0,79,0.0,0.0,123,0.0,0,0,0.0,7018.0,0.0,0.0,2016-11-26T17:30:00Z,26 Nov 17:30,0.0,0.0,0,0.0,0.0,17,0,0.0,0,0,0.0,0,13,0,7955,0.0,0.0,0.0,1,2,0.0,0,-58,47,105,53,True,0.0,0,,,,,,2
13,13,0,0.0,0.0,0.0,0,0,0,0.0,0.0,0.0,0.0,0.0,79,0.0,0.0,134,0.0,0,0,0.0,7622.0,0.0,0.0,2016-12-03T12:30:00Z,03 Dec 12:30,0.0,0.0,0,0.0,0.0,10,0,0.0,0,0,0.0,0,14,0,7946,0.0,0.0,0.0,3,1,0.0,0,-62,47,109,53,False,0.0,0,,,,,,2
14,14,0,0.0,0.0,0.0,0,0,0,0.0,0.0,0.0,0.0,0.0,79,0.0,0.0,143,0.0,0,0,0.0,8227.0,0.0,0.0,2016-12-11T12:00:00Z,11 Dec 12:00,0.0,0.0,0,0.0,0.0,19,0,0.0,0,0,0.0,0,15,0,7919,0.0,0.0,0.0,0,1,0.0,0,-77,57,134,53,True,0.0,0,,,,,,2
15,15,0,0.0,0.0,0.0,0,0,0,0.0,0.0,0.0,0.0,0.0,79,0.0,0.0,152,0.0,0,0,0.0,8837.0,0.0,0.0,2016-12-14T19:45:00Z,14 Dec 19:45,0.0,0.0,0,0.0,0.0,15,0,0.0,0,0,0.0,0,16,0,7880,0.0,0.0,0.0,1,0,0.0,0,-68,25,93,53,False,0.0,0,,,,,,2
16,16,0,0.0,0.0,0.0,0,0,0,0.0,0.0,0.0,0.0,0.0,79,0.0,0.0,162,0.0,0,0,0.0,9451.0,0.0,0.0,2016-12-17T12:30:00Z,17 Dec 12:30,0.0,0.0,0,0.0,0.0,5,0,0.0,0,0,0.0,0,17,0,7940,0.0,0.0,0.0,1,0,0.0,0,8,58,50,53,False,0.0,0,,,,,,2
17,17,0,0.0,0.0,0.0,0,0,0,0.0,0.0,0.0,0.0,0.0,79,0.0,0.0,173,0.0,0,0,0.0,10067.0,0.0,0.0,2016-12-26T15:00:00Z,26 Dec 15:00,0.0,0.0,0,0.0,0.0,2,0,0.0,0,0,0.0,0,18,0,8126,0.0,0.0,0.0,0,3,0.0,0,4,82,78,53,True,0.0,0,,,,,,2
18,18,0,0.0,0.0,0.0,0,0,0,0.0,0.0,0.0,0.0,0.0,79,0.0,0.0,183,0.0,0,0,0.0,10685.0,0.0,0.0,2016-12-31T15:00:00Z,31 Dec 15:00,0.0,0.0,0,0.0,0.0,14,0,0.0,0,0,0.0,0,19,0,8246,0.0,0.0,0.0,2,4,0.0,0,-25,71,96,53,True,0.0,0,,,,,,2
19,19,0,0.0,0.0,0.0,0,0,0,0.0,0.0,0.0,0.0,0.0,79,0.0,0.0,198,0.0,0,0,0.0,11307.0,0.0,0.0,2017-01-04T20:00:00Z,04 Jan 20:00,0.0,0.0,0,0.0,0.0,17,0,0.0,0,0,0.0,0,20,0,8301,0.0,0.0,0.0,0,2,0.0,0,-50,56,106,53,False,0.0,0,,,,,,2
20,20,0,0.0,0.0,0.0,0,0,0,0.0,0.0,0.0,0.0,0.0,79,0.0,0.0,204,0.0,0,0,0.0,11931.0,0.0,0.0,2017-01-14T17:30:00Z,14 Jan 17:30,0.0,0.0,0,0.0,0.0,8,0,0.0,0,0,0.0,0,21,0,8683,0.0,0.0,0.0,3,0,0.0,0,55,263,208,53,False,0.0,0,,,,,,2
21,21,0,0.0,0.0,0.0,0,0,0,0.0,0.0,0.0,0.0,0.0,79,0.0,0.0,213,0.0,0,0,0.0,12562.0,0.0,0.0,2017-01-22T16:30:00Z,22 Jan 16:30,0.0,0.0,0,0.0,0.0,7,0,0.0,0,0,0.0,0,22,0,8829,0.0,0.0,0.0,0,2,0.0,0,-44,96,140,53,True,0.0,0,,,,,,2
22,22,0,0.0,0.0,0.0,0,0,0,0.0,0.0,0.0,0.0,0.0,79,0.0,0.0,228,0.0,0,0,0.0,13196.0,0.0,0.0,2017-01-31T20:00:00Z,31 Jan 20:00,0.0,0.0,0,0.0,0.0,9,0,0.0,0,0,0.0,0,23,0,8882,0.0,0.0,0.0,1,1,0.0,0,-97,55,152,53,False,0.0,0,,,,,,2
23,23,0,3.0,0.0,0.0,0,7,0,2.0,2.0,0.3,1.0,0.0,79,0.0,0.0,231,0.0,1,0,0.7,13839.0,6.4,0.0,2017-02-04T12:30:00Z,04 Feb 12:30,0.0,0.0,3,0.0,0.0,1,0,0.0,0,0,2.0,0,24,0,8917,0.0,1.0,0.0,1,3,0.0,1,-33,54,87,53,True,0.0,0,,,,,,2
24,24,0,0.0,0.0,0.0,0,0,0,0.0,0.0,0.0,0.0,0.0,79,0.0,0.0,243,0.0,0,0,0.0,14488.0,0.0,0.0,2017-02-12T13:30:00Z,12 Feb 13:30,0.0,0.0,0,0.0,0.0,3,0,0.0,0,0,0.0,0,25,0,9131,0.0,0.0,0.0,1,1,0.0,0,47,140,93,53,False,0.0,0,,,,,,2
25,25,0,5.0,0.0,0.0,0,3,0,0.0,4.0,0.1,0.0,0.0,79,0.0,0.0,251,0.0,0,0,0.0,15112.0,0.2,0.0,2017-02-25T15:00:00Z,25 Feb 15:00,0.0,0.0,6,0.0,0.0,16,0,0.0,0,0,0.0,0,26,0,9398,0.0,0.0,0.0,1,3,0.0,1,5,109,104,53,True,0.0,0,,,,,,2
26,26,0,11.0,0.0,0.0,0,3,0,0.0,9.0,0.0,0.0,0.0,79,0.0,0.0,270,0.0,1,0,0.2,15664.0,2.2,0.0,2017-03-06T20:00:00Z,06 Mar 20:00,0.0,0.0,15,0.0,0.0,20,0,0.0,0,0,1.0,0,27,0,9493,0.0,0.0,0.0,2,1,0.0,1,-24,39,63,53,False,0.0,0,,,,,,2
27,27,0,2.0,0.0,0.0,0,3,0,0.0,2.0,0.0,0.0,0.0,79,0.0,0.0,286,0.0,0,0,0.0,16635.0,0.2,0.0,2017-03-18T15:00:00Z,18 Mar 15:00,0.0,0.0,3,0.0,0.0,14,0,0.0,0,0,0.0,0,29,0,9670,0.0,0.0,0.0,2,1,0.0,1,11,48,37,53,False,0.0,0,,,,,,2
28,28,0,0.0,0.0,0.0,0,0,0,0.0,0.0,0.0,0.0,0.0,79,0.0,0.0,293,0.0,0,0,0.0,17289.0,0.0,0.0,2017-04-01T14:00:00Z,01 Apr 15:00,0.0,0.0,0,0.0,0.0,5,0,0.0,0,0,0.0,0,30,0,9862,0.0,0.0,0.0,2,1,0.0,0,20,79,59,53,True,0.0,0,,,,,,2
29,29,0,24.0,0.0,0.0,0,6,0,2.0,20.0,0.2,0.0,0.0,79,0.0,0.0,308,0.0,1,0,0.9,17946.0,8.4,0.0,2017-04-05T19:00:00Z,05 Apr 20:00,0.0,0.0,45,0.0,0.0,10,0,0.0,0,0,1.0,0,31,0,9881,0.0,1.0,0.0,1,2,0.0,1,-17,16,33,53,True,0.0,0,,,,,,2
30,30,0,0.0,0.0,0.0,0,3,0,0.0,0.0,0.0,0.0,0.0,79,0.0,0.0,311,0.0,0,0,0.0,18607.0,0.0,0.0,2017-04-08T16:30:00Z,08 Apr 17:30,0.0,0.0,1,0.0,0.0,2,0,0.0,0,0,0.0,0,32,0,10068,0.0,0.0,0.0,3,1,0.0,1,128,162,34,53,False,0.0,0,,,,,,2
31,31,0,28.0,0.0,0.0,0,8,0,4.0,19.0,1.0,1.0,0.0,79,0.0,0.0,323,1.0,2,0,0.8,19269.0,6.6,0.0,2017-04-16T15:00:00Z,16 Apr 16:00,0.0,0.0,82,0.0,0.0,11,0,0.0,0,0,4.0,0,33,0,10148,1.0,0.0,0.0,0,2,0.0,1,-25,65,90,53,False,0.0,0,,,,,,2
32,32,0,0.0,0.0,0.0,0,0,0,0.0,0.0,0.0,0.0,0.0,79,0.0,0.0,334,0.0,0,0,0.0,19933.0,0.0,0.0,2017-04-25T18:45:00Z,25 Apr 19:45,0.0,0.0,0,0.0,0.0,13,0,0.0,0,0,0.0,0,34,0,10472,0.0,0.0,0.0,2,4,0.0,0,183,258,75,53,True,0.0,0,,,,,,2
33,33,0,0.0,0.0,0.0,0,0,0,0.0,0.0,0.0,0.0,0.0,79,0.0,0.0,342,0.0,0,0,0.0,20672.0,0.0,0.0,2017-04-30T13:05:00Z,30 Apr 14:05,0.0,0.0,0,0.0,0.0,6,0,0.0,0,0,0.0,0,35,0,10513,0.0,0.0,0.0,3,0,0.0,0,-57,85,142,53,False,0.0,0,,,,,,2
34,34,0,0.0,0.0,0.0,0,0,0,0.0,0.0,0.0,0.0,0.0,79,0.0,0.0,354,0.0,0,0,0.0,21366.0,0.0,0.0,2017-05-08T19:00:00Z,08 May 20:00,0.0,0.0,0,0.0,0.0,12,0,0.0,0,0,0.0,0,36,0,10580,0.0,0.0,0.0,0,3,0.0,0,-29,84,113,53,True,0.0,0,,,,,,2
35,35,0,5.0,0.0,0.0,0,3,0,0.0,2.0,0.1,0.0,0.0,79,0.0,0.0,369,0.0,0,0,0.0,22110.0,0.2,0.0,2017-05-12T19:00:00Z,12 May 20:00,0.0,0.0,5,0.0,0.0,19,0,0.0,0,0,0.0,0,37,0,10610,0.0,0.0,0.0,1,0,0.0,1,-31,54,85,53,False,0.0,0,,,,,,2
36,36,1,48.0,1.0,0.0,3,33,0,10.0,44.0,11.8,3.0,0.0,79,1.0,0.0,273,1.0,3,0,5.2,22109.0,36.4,1.0,2017-05-15T19:00:00Z,15 May 20:00,0.0,0.0,90,0.0,0.0,18,0,0.0,0,0,6.0,0,37,0,10610,1.0,2.0,1.0,3,4,4.0,7,-31,54,85,53,True,0.0,0,,,,,,2
37,37,0,0.0,0.0,0.0,0,0,0,0.0,0.0,0.0,0.0,0.0,79,0.0,0.0,373,0.0,0,0,0.0,23084.0,0.0,0.0,2017-05-21T14:00:00Z,21 May 15:00,0.0,0.0,0,0.0,0.0,15,0,0.0,0,0,0.0,0,38,0,12382,0.0,0.0,0.0,1,5,0.0,0,1663,1820,157,53,True,0.0,0,,,,,,2
38,38,0,27.0,0.0,0.0,0,11,0,10.0,19.0,1.7,0.0,0.0,99,0.0,1.0,5,0.0,1,0,2.5,99.0,23.0,0.0,2017-08-12T14:00:00Z,12 Aug 15:00,0.0,0.0,90,0.0,0.0,7,0,0.0,0,0,4.0,0,1,0,100008,0.0,0.0,0.0,0,1,0.0,2,0,0,0,55,False,0.0,0,,,,,,2
39,39,0,16.0,0.0,0.0,1,29,1,10.0,14.0,0.5,0.0,0.0,99,0.0,0.0,16,1.0,0,0,2.1,610.0,20.4,0.0,2017-08-19T16:30:00Z,19 Aug 17:30,0.0,0.0,90,0.0,0.0,1,0,0.0,0,0,3.0,0,2,0,120592,0.0,3.0,0.0,0,1,0.0,7,-4541,3163,7704,55,True,0.0,0,,,,,,2
40,40,0,52.0,0.0,0.0,0,17,0,9.0,48.0,3.6,3.0,0.0,99,0.0,0.0,30,0.0,1,0,3.8,1126.0,20.4,0.0,2017-08-27T12:30:00Z,27 Aug 13:30,0.0,0.0,90,0.0,0.0,19,0,0.0,0,0,4.0,0,3,0,155636,0.0,0.0,3.0,1,1,14.0,2,14204,19914,5710,55,False,0.0,0,,,,,,2
41,41,0,26.0,0.0,0.0,0,12,0,8.0,21.0,0.8,1.0,0.0,99,0.0,0.0,37,0.0,2,0,3.2,1657.0,31.4,0.0,2017-09-09T16:30:00Z,09 Sep 17:30,0.0,0.0,90,0.0,0.0,12,0,0.0,0,0,8.0,0,4,0,150057,1.0,0.0,0.0,2,2,0.0,1,-13836,4615,18451,55,True,0.0,0,,,,,,2
42,42,0,53.0,0.0,0.0,0,19,0,8.0,44.0,1.4,1.0,0.0,99,0.0,0.0,45,1.0,2,0,2.9,2201.0,26.0,0.0,2017-09-16T14:00:00Z,16 Sep 15:00,0.0,0.0,90,0.0,0.0,13,0,0.0,0,0,8.0,0,5,0,153906,2.0,3.0,1.0,1,2,2.0,1,-1473,6553,8026,55,False,0.0,0,,,,,,2
43,43,0,0.0,0.0,0.0,0,0,0,0.0,0.0,0.0,0.0,0.0,99,0.0,0.0,56,0.0,0,0,0.0,2747.0,0.0,0.0,2017-09-23T14:00:00Z,23 Sep 15:00,0.0,0.0,0,0.0,0.0,5,0,0.0,0,0,0.0,0,6,0,135621,0.0,0.0,0.0,4,0,0.0,0,-20344,1634,21978,55,True,0.0,0,,,,,,2
44,44,0,13.0,0.0,0.0,0,16,0,20.0,10.0,0.0,0.0,0.0,99,0.0,0.0,65,0.0,1,0,4.5,3297.0,37.2,0.0,2017-09-30T14:00:00Z,30 Sep 15:00,0.0,0.0,90,0.0,0.0,14,0,0.0,0,0,2.0,0,7,0,133793,0.0,0.0,0.0,1,2,8.0,2,-4080,3905,7985,55,True,0.0,0,,,,,,2
45,45,0,16.0,0.0,0.0,0,17,0,12.0,13.0,0.2,2.0,0.0,99,0.0,0.0,76,0.0,7,0,2.4,3851.0,22.6,0.0,2017-10-14T14:00:00Z,14 Oct 15:00,0.0,0.0,90,0.0,0.0,11,0,0.0,0,0,2.0,0,8,0,129044,0.0,2.0,1.0,2,7,1.0,-1,-6275,1105,7380,55,False,0.0,0,,,,,,2
46,46,0,39.0,0.0,0.0,0,13,0,4.0,29.0,1.2,2.0,0.0,99,0.0,0.0,87,2.0,2,0,1.5,4408.0,13.8,0.0,2017-10-21T14:00:00Z,21 Oct 15:00,0.0,0.0,90,0.0,0.0,2,0,0.0,0,0,6.0,0,9,0,127942,1.0,1.0,0.0,2,1,0.0,1,-1743,2553,4296,55,True,0.0,0,,,,,,2
47,47,0,12.0,0.0,0.0,2,29,1,14.0,3.0,0.3,0.0,0.0,99,0.0,0.0,99,0.0,0,0,4.3,4967.0,42.4,0.0,2017-10-28T14:00:00Z,28 Oct 15:00,0.0,0.0,90,0.0,0.0,18,0,0.0,0,0,2.0,0,10,0,123449,0.0,2.0,0.0,1,0,0.0,8,-5173,956,6129,55,False,0.0,0,,,,,,2
48,48,0,38.0,0.0,0.0,0,13,0,5.0,26.0,12.0,2.0,0.0,99,0.0,0.0,106,0.0,2,0,7.2,5530.0,22.0,1.0,2017-11-04T12:30:00Z,04 Nov 12:30,0.0,0.0,90,0.0,0.0,9,0,0.0,0,0,3.0,0,11,0,126046,1.0,1.0,0.0,2,2,38.0,1,1518,3868,2350,55,True,0.0,0,,,,,,2
49,49,0,40.0,0.0,0.0,1,27,0,8.0,33.0,1.2,0.0,0.0,99,0.0,0.0,113,1.0,2,1,9.7,6096.0,55.4,0.0,2017-11-20T20:00:00Z,20 Nov 20:00,0.0,0.0,90,0.0,0.0,3,0,0.0,0,0,2.0,0,12,0,126333,0.0,1.0,0.0,2,2,40.0,8,-887,2636,3523,55,False,0.0,0,,,,,,2
50,50,0,37.0,0.0,0.0,0,19,0,11.0,34.0,1.3,0.0,0.0,99,0.0,0.0,121,0.0,2,0,4.9,6665.0,30.2,0.0,2017-11-25T15:00:00Z,25 Nov 15:00,0.0,0.0,90,0.0,0.0,6,0,0.0,0,0,5.0,0,13,0,130473,1.0,1.0,0.0,1,2,17.0,1,3010,5555,2545,55,False,0.0,0,,,,,,2
51,51,0,36.0,0.0,0.0,0,19,0,9.0,27.0,5.0,2.0,0.0,99,0.0,0.0,140,0.0,3,0,3.1,7235.0,25.6,0.0,2017-11-29T20:00:00Z,29 Nov 20:00,0.0,0.0,90,0.0,1.0,10,0,0.0,0,0,5.0,0,14,0,128665,3.0,3.0,0.0,3,0,0.0,1,-2447,1373,3820,55,True,0.0,0,,,,,,2
52,52,0,37.0,0.0,0.0,0,7,0,3.0,28.0,1.8,1.0,0.0,99,0.0,0.0,148,1.0,1,0,1.5,7806.0,9.4,0.0,2017-12-02T15:00:00Z,02 Dec 15:00,0.0,0.0,90,0.0,0.0,16,0,0.0,0,0,5.0,0,15,0,130695,3.0,0.0,0.0,1,2,4.0,2,1172,4069,2897,55,True,0.0,0,,,,,,2
53,53,0,29.0,0.0,0.0,0,18,0,6.0,18.0,0.3,2.0,0.0,99,0.0,0.0,158,0.0,5,0,2.4,8380.0,24.0,0.0,2017-12-09T15:00:00Z,09 Dec 15:00,0.0,0.0,90,0.0,0.0,17,0,0.0,0,0,10.0,0,16,0,128652,0.0,2.0,0.0,1,5,0.0,0,-2983,1499,4482,55,False,0.0,0,,,,,,2
54,54,0,28.0,0.0,0.0,0,23,1,9.0,16.0,0.1,0.0,0.0,99,0.0,0.0,161,0.0,0,0,3.7,8957.0,19.6,0.0,2017-12-12T19:45:00Z,12 Dec 19:45,0.0,0.0,65,0.0,0.0,4,0,0.0,0,0,3.0,0,17,0,126894,0.0,0.0,0.0,0,1,17.0,6,-2334,1152,3486,55,False,0.0,0,,,,,,2
55,55,0,0.0,0.0,0.0,0,0,0,0.0,0.0,0.0,0.0,0.0,99,0.0,0.0,178,0.0,0,0,0.0,9535.0,0.0,0.0,2017-12-16T16:00:00Z,16 Dec 16:00,0.0,0.0,0,0.0,0.0,20,0,0.0,0,0,0.0,0,18,0,117698,0.0,0.0,0.0,3,0,0.0,0,-9328,230,9558,55,True,0.0,0,,,,,,2
56,56,0,23.0,0.0,0.0,0,12,0,12.0,20.0,4.1,1.0,0.0,99,0.0,0.0,188,0.0,1,0,3.8,10115.0,33.4,0.0,2017-12-23T15:00:00Z,23 Dec 15:00,0.0,0.0,90,0.0,0.0,19,0,0.0,0,0,5.0,0,19,0,109997,2.0,0.0,0.0,1,3,0.0,2,-7850,119,7969,54,True,0.0,0,,,,,,2
57,57,0,27.0,0.0,0.0,0,5,0,9.0,19.0,0.0,0.0,0.0,99,0.0,0.0,194,2.0,1,0,5.4,10700.0,13.8,0.0,2017-12-26T15:00:00Z,26 Dec 15:00,0.0,0.0,90,0.0,0.0,8,0,0.0,0,0,3.0,0,20,0,109685,0.0,0.0,1.0,1,1,40.0,1,-549,955,1504,54,False,0.0,1,,,,,,2
58,58,0,0.0,0.0,0.0,0,0,0,0.0,0.0,0.0,0.0,0.0,99,0.0,0.0,202,0.0,0,0,0.0,11286.0,0.0,0.0,2017-12-30T15:00:00Z,30 Dec 15:00,0.0,0.0,0,0.0,0.0,5,0,0.0,0,0,0.0,0,21,0,106094,0.0,0.0,0.0,0,5,0.0,0,-3823,539,4362,54,False,0.0,0,,,,,,2
59,59,0,53.0,0.0,0.0,0,19,0,7.0,47.0,21.2,2.0,0.0,99,0.0,0.0,218,0.0,1,0,5.2,11812.0,26.4,2.0,2018-01-01T15:00:00Z,01 Jan 15:00,0.0,0.0,90,0.0,0.0,13,0,0.0,0,0,2.0,0,22,0,107075,0.0,1.0,0.0,1,0,4.0,2,788,2238,1450,54,True,0.0,0,,,,,,2
60,60,0,34.0,0.0,0.0,0,15,0,9.0,30.0,10.3,0.0,0.0,99,0.0,1.0,226,0.0,3,0,3.6,12464.0,21.2,1.0,2018-01-15T20:00:00Z,15 Jan 20:00,0.0,0.0,90,0.0,0.0,12,0,0.0,0,0,6.0,0,23,0,105670,0.0,0.0,1.0,0,3,4.0,1,-1892,798,2690,54,False,0.0,0,,,,,,2
61,61,0,50.0,0.0,0.0,0,25,1,4.0,33.0,0.0,0.0,0.0,99,0.0,0.0,238,0.0,0,0,2.1,13062.0,21.4,0.0,2018-01-20T15:00:00Z,20 Jan 15:00,0.0,0.0,90,0.0,0.0,8,0,0.0,0,0,5.0,0,24,0,106179,0.0,2.0,0.0,0,2,0.0,6,-2,1654,1656,54,True,0.0,0,,,,,,2
62,62,0,33.0,0.0,0.0,0,22,1,15.0,22.0,0.2,0.0,0.0,99,0.0,0.0,249,1.0,0,0,2.8,13665.0,24.2,0.0,2018-01-31T20:00:00Z,31 Jan 20:00,0.0,0.0,90,0.0,0.0,18,0,0.0,0,0,2.0,0,25,0,108087,2.0,0.0,0.0,0,0,4.0,6,1236,2881,1645,54,True,0.0,0,,,,,,2
63,63,0,23.0,0.0,0.0,0,12,0,12.0,18.0,0.3,0.0,0.0,99,0.0,0.0,252,1.0,2,0,2.8,14278.0,24.0,0.0,2018-02-03T15:00:00Z,03 Feb 15:00,0.0,0.0,90,0.0,0.0,2,0,0.0,0,0,1.0,0,26,0,108877,1.0,1.0,0.0,1,2,4.0,1,469,1765,1296,54,False,0.0,0,,,,,,2
64,64,0,60.0,0.0,0.0,0,21,0,14.0,51.0,10.8,0.0,0.0,99,0.0,0.0,267,0.0,1,0,6.7,14903.0,28.0,1.0,2018-02-10T15:00:00Z,10 Feb 15:00,0.0,0.0,90,0.0,0.0,3,0,0.0,0,0,4.0,0,27,0,111808,0.0,1.0,0.0,1,1,28.0,2,2267,4046,1779,54,True,0.0,0,,,,,,2
65,65,0,23.0,0.0,0.0,0,10,0,6.0,14.0,0.2,0.0,0.0,99,0.0,0.0,276,0.0,1,0,1.6,15530.0,15.8,0.0,2018-02-24T12:30:00Z,24 Feb 12:30,0.0,0.0,90,0.0,0.0,9,0,0.0,0,0,5.0,0,28,0,110323,0.0,0.0,0.0,1,1,0.0,2,-2053,714,2767,54,False,0.0,0,,,,,,2
66,66,0,21.0,0.0,0.0,1,29,1,17.0,16.0,0.2,0.0,0.0,99,0.0,0.0,287,0.0,0,0,3.5,16160.0,35.0,0.0,2018-03-03T15:00:00Z,03 Mar 15:00,0.0,0.0,90,0.0,0.0,14,0,0.0,0,0,7.0,0,29,0,110470,1.0,1.0,0.0,0,0,0.0,7,-113,914,1027,54,False,0.0,0,,,,,,2
67,67,0,22.0,0.0,0.0,0,7,0,3.0,17.0,0.2,0.0,0.0,99,0.0,0.0,298,0.0,2,0,0.7,16793.0,6.6,0.0,2018-03-12T20:00:00Z,12 Mar 20:00,0.0,0.0,90,0.0,0.0,11,0,0.0,0,0,5.0,0,30,0,115142,1.0,0.0,0.0,2,0,0.0,1,748,1885,1137,54,True,0.0,0,,,,,,2
68,68,0,29.0,0.0,0.0,0,10,0,8.0,25.0,0.6,0.0,0.0,99,0.0,0.0,307,0.0,2,0,1.9,17357.0,18.4,0.0,2018-03-17T15:00:00Z,17 Mar 15:00,0.0,0.0,90,0.0,0.0,7,0,0.0,0,0,7.0,0,31,0,273218,2.0,0.0,0.0,2,1,0.0,1,19146,20846,1700,54,True,0.0,0,,,,,,2
69,69,0,0.0,0.0,0.0,0,0,0,0.0,0.0,0.0,0.0,0.0,99,0.0,0.0,311,0.0,0,0,0.0,17694.0,0.0,0.0,2018-04-01T12:30:00Z,01 Apr 13:30,0.0,0.0,0,0.0,0.0,1,0,0.0,0,0,0.0,0,32,0,126439,0.0,0.0,0.0,0,3,0.0,0,-8498,256,8754,54,False,0.0,0,,,,,,2
70,70,0,0.0,0.0,0.0,0,3,0,0.0,0.0,0.0,0.0,0.0,99,0.0,0.0,328,0.0,0,0,0.0,18331.0,0.0,0.0,2018-04-07T14:00:00Z,07 Apr 15:00,0.0,0.0,1,0.0,0.0,17,0,0.0,0,0,0.0,0,33,0,120693,0.0,0.0,0.0,2,1,0.0,1,-5993,54,6047,54,True,0.0,0,,,,,,2
71,71,0,29.0,0.0,0.0,0,17,0,10.0,21.0,1.2,1.0,0.0,99,0.0,0.0,340,1.0,1,0,3.2,19043.0,30.6,0.0,2018-04-16T19:00:00Z,16 Apr 20:00,0.0,0.0,90,1.0,0.0,20,0,0.0,0,0,5.0,0,34,0,118146,0.0,3.0,0.0,1,1,0.0,2,-2266,228,2494,54,False,0.0,0,,,,,,2
72,72,0,9.0,0.0,0.0,0,3,0,3.0,4.0,0.1,0.0,0.0,99,0.0,0.0,348,2.0,1,0,1.0,19797.0,9.4,0.0,2018-04-22T12:30:00Z,22 Apr 13:30,0.0,0.0,31,0.0,0.0,4,0,0.0,0,0,3.0,0,35,0,122896,0.0,0.0,0.0,1,1,0.0,1,2062,2812,750,54,True,0.0,0,,,,,,2
73,73,0,18.0,0.0,0.0,0,23,1,13.0,10.0,10.3,0.0,0.0,99,0.0,0.0,354,3.0,0,0,4.3,20256.0,32.8,1.0,2018-04-28T11:30:00Z,28 Apr 12:30,0.0,0.0,90,0.0,0.0,10,0,0.0,0,0,5.0,0,36,0,119122,0.0,0.0,0.0,0,0,0.0,6,-2075,143,2218,54,False,0.0,0,,,,,,2
74,74,0,31.0,0.0,0.0,0,14,0,9.0,26.0,0.7,1.0,0.0,99,0.0,0.0,368,2.0,2,0,2.9,20951.0,17.8,0.0,2018-05-05T11:30:00Z,05 May 12:30,0.0,0.0,90,0.0,0.0,6,0,0.0,0,0,4.0,0,37,0,118380,0.0,0.0,0.0,2,1,10.0,1,-745,607,1352,54,True,0.0,0,,,,,,2
75,75,0,32.0,0.0,0.0,0,18,0,13.0,30.0,0.0,0.0,0.0,99,0.0,0.0,378,1.0,1,0,3.2,21920.0,32.0,0.0,2018-05-13T14:00:00Z,13 May 15:00,0.0,0.0,90,0.0,0.0,16,0,0.0,0,0,1.0,0,38,0,118064,1.0,1.0,0.0,2,1,0.0,2,-552,394,946,54,False,0.0,0,,,,,,2
76,76,0,0.0,0.0,0.0,0,0,0,0.0,0.0,0.0,0.0,0.0,526,0.0,0.0,16,0.0,0,0,0.0,1051.0,0.0,0.0,2018-08-18T14:00:00Z,18 Aug 15:00,0.0,0.0,0,0.0,0.0,16,0,0.0,0,0,0.0,0,2,0,1194,0.0,0.0,0.0,1,2,0.0,0,422,476,54,50,True,0.0,0,,,,,,2
77,77,0,2.0,0.0,0.0,0,3,0,0.0,1.0,0.0,0.0,0.0,526,0.0,0.0,22,0.0,0,0,0.0,1578.0,0.0,0.0,2018-08-25T14:00:00Z,25 Aug 15:00,0.0,0.0,1,0.0,0.0,2,0,0.0,0,0,1.0,0,3,0,3383,0.0,0.0,0.0,2,2,0.0,1,544,996,452,50,False,0.0,0,,,,,,2
78,78,0,67.0,0.0,0.0,0,11,0,5.0,60.0,1.5,0.0,0.0,526,0.0,0.0,36,0.0,1,0,2.0,2109.0,13.6,0.0,2018-09-01T14:00:00Z,01 Sep 15:00,0.0,0.0,90,0.0,0.0,10,0,0.0,0,0,7.0,0,4,0,6371,1.0,0.0,2.0,1,1,5.0,2,1732,2512,780,50,True,0.0,0,,,,,,2
79,79,0,55.0,0.0,0.0,0,14,0,6.0,46.0,1.0,0.0,0.0,526,0.0,0.0,43,0.0,3,0,2.5,2646.0,23.6,0.0,2018-09-16T15:00:00Z,16 Sep 16:00,0.0,0.0,90,0.0,0.0,19,0,0.0,0,0,4.0,0,5,0,7942,0.0,0.0,0.0,3,1,0.0,1,472,1328,856,50,True,0.0,0,,,,,,2
80,80,0,21.0,0.0,0.0,0,8,0,4.0,15.0,0.2,1.0,0.0,526,0.0,0.0,51,1.0,2,0,1.0,3183.0,9.6,0.0,2018-09-23T15:00:00Z,23 Sep 16:00,0.0,0.0,90,0.0,0.0,1,0,0.0,0,0,1.0,0,6,0,7818,0.0,0.0,0.0,0,2,0.0,1,-529,442,971,50,False,0.0,0,,,,,,2
81,81,0,44.0,0.0,0.0,2,27,1,7.0,40.0,0.1,0.0,0.0,526,0.0,0.0,65,2.0,0,0,1.5,3721.0,11.0,0.0,2018-09-29T14:00:00Z,29 Sep 15:00,0.0,0.0,90,1.0,0.0,9,0,0.0,0,0,6.0,0,7,0,8615,0.0,1.0,1.0,0,3,4.0,8,270,916,646,50,True,0.0,0,,,,,,2
82,82,1,40.0,0.0,0.0,1,24,0,8.0,35.0,10.4,0.0,0.0,526,0.0,0.0,75,1.0,1,0,6.4,4260.0,32.0,1.0,2018-10-06T14:00:00Z,06 Oct 15:00,0.0,0.0,90,0.0,0.0,11,0,0.0,0,0,6.0,0,8,0,10358,0.0,0.0,1.0,2,1,22.0,6,1174,1711,537,50,False,0.0,0,,,,,,2
83,83,0,56.0,0.0,0.0,0,25,1,5.0,51.0,1.4,0.0,0.0,526,0.0,0.0,85,3.0,0,0,2.5,4802.0,14.0,0.0,2018-10-21T15:00:00Z,21 Oct 16:00,0.0,0.0,90,0.0,0.0,7,0,0.0,0,0,6.0,0,9,0,14760,0.0,0.0,0.0,0,2,10.0,6,3093,3899,806,50,True,0.0,0,,,,,,2
84,84,0,59.0,0.0,0.0,0,13,0,10.0,51.0,0.9,0.0,0.0,526,0.0,0.0,97,1.0,2,0,2.5,5348.0,23.6,0.0,2018-10-28T16:00:00Z,28 Oct 16:00,0.0,0.0,90,0.0,0.0,14,0,0.0,0,0,4.0,0,10,0,15926,2.0,0.0,0.0,1,2,0.0,1,829,1897,1068,50,False,0.0,0,,,,,,2
85,85,0,59.0,0.0,0.0,0,14,0,5.0,52.0,0.8,0.0,0.0,526,0.0,0.0,105,0.0,1,0,2.2,5896.0,13.0,0.0,2018-11-03T15:00:00Z,03 Nov 15:00,0.0,0.0,90,0.0,0.0,3,0,0.0,0,0,5.0,0,11,0,18547,1.0,2.0,2.0,1,3,8.0,2,1720,2783,1063,50,True,0.0,0,,,,,,2
86,86,0,0.0,0.0,0.0,0,0,0,0.0,0.0,0.0,0.0,0.0,526,0.0,0.0,113,0.0,0,0,0.0,6446.0,0.0,0.0,2018-11-11T14:15:00Z,11 Nov 14:15,0.0,0.0,0,0.0,0.0,6,0,0.0,0,0,0.0,0,12,0,14520,0.0,0.0,0.0,0,0,0.0,0,-3696,207,3903,50,False,0.0,0,,,,,,2
87,87,0,1.0,0.0,0.0,0,3,0,0.0,0.0,0.0,0.0,0.0,526,0.0,0.0,124,0.0,0,0,0.0,6998.0,0.0,0.0,2018-11-24T15:00:00Z,24 Nov 15:00,0.0,0.0,1,0.0,0.0,5,0,0.0,0,0,0.0,0,13,0,15368,0.0,0.0,0.0,0,1,0.0,1,298,1116,818,50,True,0.0,0,,,,,,2
88,88,0,1.0,0.0,0.0,0,2,0,0.0,0.0,0.0,0.0,0.0,526,0.0,0.0,137,1.0,1,0,0.0,7551.0,0.0,0.0,2018-12-02T16:15:00Z,02 Dec 16:15,0.0,0.0,1,0.0,0.0,12,0,0.0,0,0,0.0,0,14,0,14770,0.0,0.0,0.0,0,1,0.0,1,-621,192,813,50,False,0.0,0,,,,,,2
89,89,0,75.0,0.0,0.0,1,19,0,5.0,72.0,11.5,0.0,0.0,526,0.0,0.0,149,0.0,1,0,3.4,8107.0,22.0,1.0,2018-12-05T19:45:00Z,05 Dec 19:45,0.0,0.0,90,0.0,0.0,15,0,0.0,0,0,2.0,0,15,0,14340,0.0,2.0,0.0,1,1,0.0,3,-563,213,776,50,True,0.0,0,,,,,,2
90,90,0,0.0,0.0,0.0,0,0,0,0.0,0.0,0.0,0.0,0.0,526,0.0,0.0,156,0.0,0,0,0.0,8665.0,0.0,0.0,2018-12-10T20:00:00Z,10 Dec 20:00,0.0,0.0,0,0.0,0.0,18,0,0.0,0,0,0.0,0,16,0,14780,0.0,0.0,0.0,2,2,0.0,0,208,656,448,50,True,0.0,0,,,,,,2
91,91,0,31.0,0.0,0.0,0,15,0,6.0,26.0,0.8,1.0,0.0,526,0.0,0.0,166,0.0,3,0,2.5,9224.0,24.2,0.0,2018-12-15T12:30:00Z,15 Dec 12:30,0.0,0.0,90,0.0,0.0,13,0,0.0,0,0,4.0,0,17,0,14304,0.0,0.0,0.0,1,3,0.0,1,-657,368,1025,50,False,0.0,0,,,,,,2
92,92,0,45.0,0.0,0.0,0,8,0,2.0,37.0,1.0,0.0,0.0,526,1.0,0.0,175,2.0,6,0,0.7,9786.0,6.2,0.0,2018-12-23T16:00:00Z,23 Dec 16:00,0.0,0.0,90,0.0,0.0,17,0,0.0,0,0,6.0,0,18,0,14518,0.0,0.0,0.0,6,2,0.0,-1,-61,500,561,50,True,0.0,0,,,,,,2
93,93,0,55.0,0.0,0.0,0,14,0,4.0,39.0,0.2,1.0,0.0,526,0.0,0.0,182,1.0,1,0,1.8,10351.0,17.4,0.0,2018-12-26T15:00:00Z,26 Dec 15:00,0.0,0.0,90,0.0,0.0,4,0,0.0,0,0,6.0,0,19,0,14422,0.0,1.0,0.0,5,1,0.0,2,-301,338,639,50,False,0.0,0,,,,,,2
94,94,0,51.0,0.0,0.0,0,10,0,6.0,36.0,0.8,0.0,0.0,526,0.0,0.0,191,1.0,1,0,2.0,10919.0,10.8,0.0,2018-12-29T15:00:00Z,29 Dec 15:00,0.0,0.0,90,0.0,0.0,3,0,0.0,0,0,8.0,0,20,0,14486,1.0,0.0,1.0,0,1,8.0,2,-155,405,560,50,False,0.0,0,,,,,,2
95,95,0,72.0,0.0,0.0,0,13,0,4.0,63.0,12.1,0.0,0.0,526,0.0,0.0,205,0.0,1,0,3.1,11487.0,13.4,1.0,2019-01-01T12:30:00Z,01 Jan 12:30,0.0,0.0,90,0.0,0.0,11,0,0.0,0,0,11.0,0,21,0,14657,1.0,0.0,2.0,1,0,5.0,2,-50,483,533,50,True,0.0,0,,,,,,2
96,96,0,43.0,0.0,0.0,2,35,1,5.0,35.0,0.5,0.0,0.0,526,0.0,1.0,216,1.0,0,1,8.2,12057.0,40.2,0.0,2019-01-13T14:15:00Z,13 Jan 14:15,0.0,0.0,90,0.0,0.0,2,0,0.0,0,0,4.0,0,22,0,15022,0.0,0.0,0.0,0,2,41.0,13,-88,663,751,50,True,1.0,1,,,,,,2
97,97,1,57.0,0.0,0.0,1,25,0,5.0,48.0,20.6,0.0,0.0,526,0.0,0.0,228,0.0,2,0,5.4,12631.0,31.6,2.0,2019-01-19T15:00:00Z,19 Jan 15:00,0.0,0.0,90,1.0,0.0,16,0,0.0,0,0,10.0,0,23,0,20719,0.0,0.0,0.0,1,2,2.0,5,4655,6115,1460,50,False,0.0,0,,,,,,2
98,98,0,45.0,0.0,0.0,0,23,1,11.0,30.0,0.4,0.0,0.0,526,0.0,0.0,234,0.0,0,0,2.4,13210.0,19.2,0.0,2019-01-29T19:45:00Z,29 Jan 19:45,0.0,0.0,90,0.0,0.0,10,0,0.0,0,0,4.0,0,24,0,31887,0.0,0.0,1.0,1,0,4.0,6,9226,11441,2215,50,False,0.0,0,,,,,,2
99,99,0,58.0,0.0,0.0,0,10,0,6.0,51.0,1.3,0.0,0.0,526,0.0,0.0,246,1.0,3,0,2.3,13846.0,19.8,0.0,2019-02-02T15:00:00Z,02 Feb 15:00,0.0,0.0,90,0.0,0.0,20,0,0.0,0,0,5.0,0,25,0,90355,0.0,0.0,0.0,3,1,2.0,0,46617,49928,3311,50,True,0.0,1,,,,,,2
100,100,0,29.0,0.0,0.0,0,9,0,12.0,23.0,0.9,0.0,0.0,526,0.0,0.0,266,1.0,2,0,3.3,13847.0,27.6,0.0,2019-02-06T19:45:00Z,06 Feb 19:45,0.0,0.0,90,0.0,0.0,13,0,0.0,0,0,3.0,0,25,0,90355,0.0,0.0,0.0,2,0,4.0,0,46617,49928,3311,50,True,0.0,1,,,,,,2
101,101,0,52.0,0.0,0.0,0,9,0,12.0,44.0,10.4,1.0,0.0,526,0.0,0.0,259,1.0,1,0,5.8,14447.0,24.2,1.0,2019-02-09T15:00:00Z,09 Feb 15:00,0.0,0.0,90,0.0,0.0,18,0,0.0,0,0,5.0,1,26,0,67928,0.0,0.0,0.0,0,1,23.0,-1,-11467,1961,13428,50,False,0.0,0,,,,,,2
102,102,0,0.0,0.0,0.0,0,0,0,0.0,0.0,0.0,0.0,0.0,526,0.0,0.0,272,0.0,0,0,0.0,15531.0,0.0,0.0,2019-02-26T19:45:00Z,26 Feb 19:45,0.0,0.0,0,0.0,0.0,5,0,0.0,0,0,0.0,0,28,0,35157,0.0,0.0,0.0,3,0,0.0,0,-7669,27,7696,50,False,0.0,0,,,,,,2
103,103,0,23.0,0.0,0.0,0,23,1,9.0,15.0,0.1,0.0,0.0,526,0.0,0.0,284,0.0,0,0,1.9,16136.0,14.6,0.0,2019-03-03T16:15:00Z,03 Mar 16:15,0.0,0.0,90,0.0,0.0,12,0,0.0,0,0,4.0,0,29,0,32418,0.0,0.0,0.0,0,0,4.0,6,-2951,162,3113,50,True,0.0,0,,,,,,2
104,104,0,60.0,0.0,0.0,0,18,0,2.0,42.0,1.0,0.0,0.0,526,0.0,0.0,299,0.0,3,0,2.4,16742.0,19.2,0.0,2019-03-09T15:00:00Z,09 Mar 15:00,0.0,0.0,90,0.0,0.0,15,0,0.0,0,0,4.0,0,30,0,32432,0.0,4.0,0.0,2,3,4.0,1,-234,827,1061,50,False,0.0,0,,,,,,2
105,105,0,0.0,0.0,0.0,0,0,0,0.0,0.0,0.0,0.0,0.0,526,0.0,0.0,304,0.0,0,0,0.0,17091.0,0.0,0.0,2019-03-17T16:30:00Z,17 Mar 16:30,0.0,0.0,0,0.0,0.0,6,0,0.0,0,0,0.0,0,31,0,28462,0.0,0.0,0.0,0,2,0.0,0,-2537,267,2804,50,True,0.0,0,,,,,,2
106,106,0,40.0,0.0,0.0,3,42,1,6.0,32.0,0.3,1.0,0.0,526,0.0,0.0,320,0.0,0,1,6.5,17917.0,47.6,0.0,2019-03-30T17:30:00Z,30 Mar 17:30,0.0,0.0,90,0.0,0.0,19,0,0.0,0,0,3.0,0,32,0,28899,0.0,0.0,0.0,2,0,17.0,15,-1023,353,1376,50,False,1.0,0,,,,,,2
107,107,0,28.0,0.0,0.0,0,21,1,5.0,24.0,0.1,1.0,0.0,526,0.0,0.0,323,0.0,0,0,3.5,18351.0,13.0,0.0,2019-04-07T13:05:00Z,07 Apr 14:05,0.0,0.0,90,0.0,0.0,1,0,0.0,0,0,4.0,0,33,0,33543,0.0,0.0,1.0,0,1,22.0,6,3226,3714,488,50,True,0.0,0,,,,,,2
108,108,0,76.0,0.0,0.0,0,13,0,7.0,65.0,1.4,0.0,0.0,526,0.0,0.0,334,2.0,2,0,2.5,18984.0,21.2,0.0,2019-04-13T14:00:00Z,13 Apr 15:00,0.0,0.0,90,0.0,0.0,9,0,0.0,0,0,10.0,0,34,0,40058,1.0,0.0,0.0,0,2,2.0,1,5958,7255,1297,50,False,0.0,0,,,,,,2
109,109,0,41.0,0.0,0.0,0,25,1,5.0,34.0,0.7,0.0,0.0,526,0.0,0.0,345,0.0,0,0,5.3,19810.0,14.0,0.0,2019-04-21T12:30:00Z,21 Apr 13:30,0.0,0.0,90,0.0,0.0,14,0,0.0,0,0,6.0,0,35,0,43795,1.0,0.0,0.0,0,4,38.0,6,2960,6699,3739,50,True,0.0,0,,,,,,2
110,110,0,57.0,0.0,0.0,1,26,1,7.0,54.0,1.3,0.0,0.0,526,0.0,0.0,353,0.0,0,0,2.5,20462.0,15.8,0.0,2019-04-27T14:00:00Z,27 Apr 15:00,0.0,0.0,90,0.0,0.0,7,0,0.0,0,0,9.0,0,36,0,56408,3.0,0.0,1.0,0,0,8.0,7,11081,12550,1469,50,False,0.0,0,,,,,,2
111,111,0,59.0,0.0,0.0,1,31,1,10.0,54.0,0.8,0.0,0.0,526,0.0,0.0,365,0.0,0,0,1.9,21077.0,15.8,0.0,2019-05-03T19:00:00Z,03 May 20:00,0.0,0.0,90,0.0,0.0,4,0,0.0,0,0,7.0,0,37,0,62000,0.0,0.0,0.0,0,2,2.0,7,5201,6574,1373,50,True,0.0,0,,,,,,2
112,112,0,44.0,0.0,0.0,0,10,0,2.0,32.0,1.2,0.0,0.0,526,0.0,0.0,379,1.0,2,0,0.8,21693.0,7.0,0.0,2019-05-12T14:00:00Z,12 May 15:00,0.0,0.0,90,0.0,0.0,17,0,0.0,0,0,3.0,0,38,0,62589,3.0,2.0,0.0,2,2,0.0,1,709,3422,2713,50,False,0.0,0,,,,,,2
113,113,0,,,,0,1,0,,,0.6,,,459,,,9,,4,0,0.3,,0.0,,2019-08-11T15:30:00Z,,,,90,,,12,0,,0,0,,0,1,0,184424,,,,0,4,8.0,-1,0,0,0,50,False,,1,,,,,,2
114,114,0,,,,0,12,0,,,0.3,,,459,,,14,,1,0,3.2,,12.8,,2019-08-18T15:30:00Z,,,,90,,,9,0,,0,0,,0,2,0,178327,,,,1,1,19.0,2,-20938,7821,28759,50,True,,0,,,,,,2
115,115,0,,,,0,16,0,,,1.7,,,459,,,26,,2,0,1.6,,14.4,,2019-08-24T11:30:00Z,,,,90,,,14,0,,0,0,,0,3,0,173686,,,,3,2,0.0,1,-10564,13270,23834,50,False,,0,,,,,,2
116,116,0,,,,0,9,0,,,0.3,,,459,,,33,,2,0,1.5,,10.8,,2019-08-31T14:00:00Z,,,,90,,,15,1,,0,0,,0,4,0,171435,,,,2,2,4.0,-1,-7339,14863,22202,50,True,,0,,,,,,2
117,117,0,,,,0,2,0,,,1.5,,,459,,,50,,2,0,2.2,,16.2,,2019-09-14T14:00:00Z,,,,45,,,20,0,,0,0,,0,5,0,145538,,,,5,2,4.0,0,-27577,6313,33890,49,False,,0,,,,,,2
118,118,0,,,,0,8,0,,,0.3,,,459,,,53,,0,0,1.1,,10.2,,2019-09-22T15:30:00Z,,,,48,,,10,0,,0,0,,0,6,0,128036,,,,2,1,0.0,1,-18957,1713,20670,49,True,,0,,,,,,2
119,119,0,,,,0,0,0,,,0.0,,,459,,,63,,0,0,0.0,,0.0,,2019-09-28T14:00:00Z,,,,0,,,4,0,,0,0,,0,7,0,120913,,,,0,2,0.0,0,-8883,4294,13177,48,True,,0,,,,,,2
120,120,0,,,,0,15,0,,,0.3,,,459,,,78,,1,0,3.0,,25.2,,2019-10-06T13:00:00Z,,,,90,,,16,0,,0,0,,0,8,0,107037,,,,4,1,4.0,2,-13967,1035,15002,48,False,,0,,,,,,2
121,121,0,,,,1,25,1,,,1.7,,,459,,,83,,0,0,4.4,,24.8,,2019-10-19T14:00:00Z,,,,90,,,13,0,,0,0,,0,9,0,105399,,,,0,1,17.0,7,-2979,2224,5203,47,True,,0,,,,,,2
122,122,0,,,,0,15,0,,,0.7,,,459,,,93,,2,0,1.8,,17.6,,2019-10-26T16:30:00Z,,,,90,,,5,0,,0,0,,0,10,0,108846,,,,4,2,0.0,1,2513,4139,1626,47,False,,0,,,,,,2
123,123,0,,,,0,19,0,,,0.8,,,459,,,109,,1,0,3.5,,34.2,,2019-11-02T17:30:00Z,,,,90,,,18,0,,0,0,,0,11,0,112645,,,,2,1,0.0,2,2536,6030,3494,47,False,,0,,,,,,2
124,124,0,,,,0,24,1,,,1.3,,,459,,,112,,0,0,2.3,,21.8,,2019-11-09T12:30:00Z,,,,90,,,7,0,,0,0,,0,12,0,115758,,,,0,2,0.0,6,1928,5397,3469,47,True,,0,,,,,,2
125,125,0,,,,0,16,0,,,0.4,,,459,,,127,,2,0,2.4,,24.0,,2019-11-23T17:30:00Z,,,,90,,,11,0,,0,0,,0,13,0,119242,,,,1,2,0.0,1,2587,7140,4553,47,False,,0,,,,,,2
126,126,0,,,,0,15,0,,,1.9,,,459,,,132,,1,0,4.8,,21.6,,2019-11-30T15:00:00Z,,,,90,,,19,0,,0,0,,0,14,0,129478,,,,1,0,24.0,2,8468,11682,3214,47,True,,0,,,,,,2
127,127,0,,,,0,15,0,,,1.1,,,459,,,147,,1,0,3.5,,15.2,,2019-12-04T19:30:00Z,,,,90,,,2,0,,0,0,,0,15,0,131209,,,,1,2,19.0,2,1701,4632,2931,47,True,,0,,,,,,2
128,128,0,,,,0,19,0,,,1.8,,,459,,,154,,3,0,3.2,,28.0,,2019-12-07T12:30:00Z,,,,90,,,8,0,,0,0,,0,16,0,132668,,,,1,3,2.0,1,741,5013,4272,47,False,,0,,,,,,2
129,129,0,,,,0,16,0,,,3.2,,,459,,,163,,1,0,5.8,,37.0,,2019-12-14T15:00:00Z,,,,90,,,3,0,,0,0,,0,17,0,143768,,,,1,0,18.0,2,9511,15448,5937,47,True,,0,,,,,,2
130,130,0,,,,0,17,1,,,0.3,,,459,,,178,,0,0,0.7,,7.0,,2019-12-22T16:30:00Z,,,,90,,,17,0,,0,0,,0,18,0,139785,,,,2,0,0.0,5,-2884,4132,7016,47,False,,1,,,,,,2
131,131,0,,,,0,15,0,,,0.3,,,459,,,183,,1,0,1.4,,13.2,,2019-12-26T15:00:00Z,,,,45,,,16,0,,0,0,,0,19,0,148224,,,,2,0,0.0,1,5632,8699,3067,47,True,,0,,,,,,2
132,132,0,,,,0,12,0,,,1.5,,,459,,,191,,1,0,1.7,,13.8,,2019-12-29T14:00:00Z,,,,90,,,1,0,,0,0,,0,20,0,142620,,,,2,1,2.0,2,-5352,2362,7714,47,False,,0,,,,,,2
133,133,0,,,,0,10,0,,,10.3,,,459,,,202,,1,0,4.5,,28.2,,2020-01-01T12:30:00Z,,,,90,,,4,0,,0,0,,0,21,0,146084,,,,1,1,6.0,1,2293,9012,6719,47,False,,1,,,,,,2
134,134,0,,,,0,0,0,,,0.0,,,459,,,213,,0,0,0.0,,0.0,,2020-01-11T15:00:00Z,,,,0,,,5,0,,0,0,,0,22,0,149330,,,,0,3,0.0,0,2049,9732,7683,47,True,,0,,,,,,2
135,135,0,,,,0,0,0,,,0.0,,,459,,,226,,0,0,0.0,,0.0,,2020-01-18T17:30:00Z,,,,0,,,13,0,,0,0,,0,23,0,138744,,,,0,1,0.0,0,-10747,2263,13010,47,False,,0,,,,,,2
136,136,0,,,,0,0,0,,,0.0,,,459,,,238,,0,0,0.0,,0.0,,2020-01-21T20:15:00Z,,,,0,,,1,0,,0,0,,0,24,0,127121,,,,2,2,0.0,0,-11109,834,11943,47,True,,0,,,,,,2
137,137,0,,,,0,0,0,,,0.0,,,459,,,244,,0,0,0.0,,0.0,,2020-02-01T12:30:00Z,,,,0,,,9,0,,0,0,,0,25,0,120681,,,,2,2,0.0,0,-7684,686,8370,47,False,,0,,,,,,2
138,138,0,,,,0,7,0,,,0.3,,,459,,,254,,1,0,1.6,,9.6,,2020-02-17T20:00:00Z,,,,45,,,12,0,,0,0,,0,26,0,115758,,,,2,0,6.0,0,-5268,401,5669,47,True,,1,,,,,,2
139,139,0,,,,0,0,0,,,0.0,,,459,,,263,,0,0,0.0,,0.0,,2020-02-22T12:30:00Z,,,,0,,,17,0,,0,0,,0,27,0,113405,,,,1,2,0.0,0,-2688,932,3620,47,True,,0,,,,,,2
140,140,0,,,,0,0,0,,,0.0,,,459,,,272,,0,0,0.0,,0.0,,2020-02-29T15:00:00Z,,,,0,,,3,0,,0,0,,0,28,0,111228,,,,2,2,0.0,0,-2199,750,2949,47,False,,0,,,,,,2
141,141,0,,,,0,19,1,,,0.3,,,459,,,283,,0,0,1.0,,9.2,,2020-03-08T14:00:00Z,,,,90,,,8,0,,0,0,,0,29,0,109540,,,,0,4,0.0,5,-1933,608,2541,47,True,,1,,,,,,2
142,142,0,,,,0,0,0,,,0.0,,,459,,,291,,0,0,0.0,,0.0,,2020-06-21T15:15:00Z,,,,0,,,2,0,,0,0,,0,39,0,111072,,,,2,1,0.0,0,57,5520,5463,47,False,,0,,,,,,2
143,143,0,,,,0,0,0,,,0.0,,,459,,,302,,0,0,0.0,,0.0,,2020-06-25T19:15:00Z,,,,0,,,11,0,,0,0,,0,40,0,110279,,,,1,2,0.0,0,-1185,821,2006,47,True,,0,,,,,,2
144,144,0,,,,0,0,0,,,0.0,,,459,,,320,,0,0,0.0,,0.0,,2020-07-01T19:15:00Z,,,,0,,,19,0,,0,0,,0,41,0,109404,,,,2,3,0.0,0,-1103,463,1566,47,False,,0,,,,,,2
145,145,0,,,,0,27,1,,,2.9,,,459,,,322,,0,0,4.5,,23.2,,2020-07-04T19:00:00Z,,,,90,,,18,0,,0,0,,0,42,0,109196,,,,0,3,19.0,6,-493,1139,1632,47,True,,0,,,,,,2
146,146,0,,,,0,14,0,,,0.8,,,459,,,335,,2,0,3.0,,23.6,,2020-07-07T17:00:00Z,,,,90,,,7,0,,0,0,,0,43,0,113532,,,,3,2,6.0,1,3683,4503,820,47,False,,0,,,,,,2
147,147,0,,,,0,17,0,,,2.2,,,459,,,347,,3,0,2.5,,22.6,,2020-07-11T16:30:00Z,,,,90,,,15,0,,0,0,,0,44,0,117157,,,,0,3,0.0,1,3167,4561,1394,47,False,,0,,,,,,2
148,148,0,,,,0,20,1,,,2.4,,,459,,,353,,0,0,1.5,,8.4,,2020-07-14T19:15:00Z,,,,90,,,14,0,,0,0,,0,45,0,134358,,,,0,1,4.0,5,12342,14190,1848,47,True,,1,,,,,,2
149,149,0,,,,0,16,0,,,0.6,,,459,,,364,,5,0,2.5,,24.0,,2020-07-22T19:15:00Z,,,,90,,,10,0,,0,0,,0,46,0,126411,,,,3,5,0.0,0,-2113,2255,4368,47,False,,0,,,,,,2
150,150,0,,,,1,31,1,,,0.3,,,459,,,373,,0,0,2.2,,21.4,,2020-07-26T15:00:00Z,,,,90,,,20,0,,0,0,,0,47,0,128161,,,,0,2,0.0,7,877,4032,3155,47,True,,0,,,,,,2
151,151,0,,,,0,25,0,,,0.2,,,110,,,7,,1,1,6.9,,51.8,,2020-09-14T19:15:00Z,,,,90,,,3,0,,0,0,,0,1,0,53224,,,,3,1,17.0,8,0,0,0,50,False,,0,,,,,,2
152,152,0,,,,0,16,0,,,0.2,,,110,,,11,,2,0,3.6,,18.4,,2020-09-20T15:30:00Z,,,,90,,,11,0,,0,0,,0,2,0,89752,,,,2,0,17.0,1,7097,15614,8517,50,True,,0,,,,,,2
153,153,0,,,,0,0,0,,,0.0,,,110,,,27,,0,0,0.0,,0.0,,2020-09-26T16:30:00Z,,,,0,,,18,0,,0,0,,0,3,0,148022,,,,3,3,0.0,0,33603,52299,18696,50,False,,0,,,,,,2
154,154,0,,,,1,36,1,,,2.2,,,110,,,31,,0,1,7.0,,46.8,,2020-10-03T11:30:00Z,,,,90,,,6,0,,0,0,,0,4,0,124337,,,,0,4,21.0,13,-23094,6291,29385,50,True,,0,,,,,,2
155,155,0,,,,0,15,0,,,0.7,,,110,,,39,,3,0,4.8,,28.0,,2020-10-17T14:00:00Z,,,,90,,,16,0,,0,0,,0,5,0,312917,,,,3,3,19.0,1,139084,165810,26726,50,True,,0,,,,,,2
156,156,0,,,,3,33,1,,,11.3,,,110,,,55,,0,0,4.1,,27.8,,2020-10-24T16:30:00Z,,,,90,,,13,0,,0,0,,0,6,0,290727,,,,0,0,2.0,9,-9060,28838,37898,50,False,,0,,,,,,2
157,157,0,,,,2,37,1,,,0.3,,,110,,,60,,0,1,6.1,,43.6,,2020-10-31T15:00:00Z,,,,90,,,4,0,,0,0,,0,7,0,544259,,,,3,0,17.0,14,226234,238536,12302,51,False,,0,,,,,,2
158,158,0,,,,0,12,0,,,0.8,,,110,,,71,,1,0,1.8,,15.4,,2020-11-07T17:30:00Z,,,,90,,,15,0,,0,0,,0,8,0,1126522,,,,1,4,2.0,2,548818,561350,12532,53,True,,0,,,,,,2
159,159,0,,,,0,26,1,,,2.2,,,110,,,85,,0,0,3.0,,22.0,,2020-11-21T12:30:00Z,,,,90,,,14,0,,0,0,,0,9,0,1375103,,,,2,0,6.0,6,230257,287310,57053,54,False,,0,,,,,,2
160,160,0,,,,0,21,1,,,2.3,,,110,,,91,,0,0,1.6,,13.8,,2020-11-29T16:30:00Z,,,,90,,,17,0,,0,0,,0,10,0,1458690,,,,0,0,0.0,5,98408,144943,46535,55,True,,1,,,,,,2
161,161,0,,,,0,28,0,,,0.7,,,110,,,102,,1,1,6.8,,48.0,,2020-12-05T20:00:00Z,,,,90,,,10,0,,0,0,,0,11,0,1614934,,,,1,3,19.0,8,132635,162105,29470,56,True,,0,,,,,,2
162,162,0,,,,0,13,0,,,22.2,,,110,,,111,,1,0,7.3,,31.6,,2020-12-12T20:00:00Z,,,,90,,,7,0,,0,0,,0,12,0,1779480,,,,0,1,19.0,2,151524,171846,20322,57,False,,0,,,,,,2
163,163,0,,,,0,20,0,,,0.4,,,110,,,126,,2,0,3.3,,19.0,,2020-12-15T18:00:00Z,,,,90,,,20,0,,0,0,,0,13,0,1844843,,,,1,2,14.0,1,57728,81968,24240,57,False,,0,,,,,,2
164,164,0,,,,0,29,1,,,0.6,,,110,,,131,,0,0,1.8,,17.0,,2020-12-21T20:00:00Z,,,,90,,,19,0,,0,0,,0,14,0,1902184,,,,0,3,0.0,6,48749,87171,38422,58,True,,0,,,,,,2
165,165,0,,,,0,13,0,,,0.6,,,110,,,139,,3,0,3.6,,9.8,,2020-12-26T17:30:00Z,,,,90,,,1,0,,0,0,,0,15,0,2108037,,,,1,3,26.0,1,186183,235506,49323,59,False,,0,,,,,,2
166,166,0,,,,0,0,0,,,0.0,,,110,,,151,,0,0,0.0,,0.0,,2020-12-28T17:30:00Z,,,,0,,,2,0,,0,0,,0,16,0,2091158,,,,1,1,0.0,0,-17379,54516,71895,59,True,,0,,,,,,2
167,167,0,,,,0,13,0,,,1.2,,,110,,,161,,3,0,2.5,,23.6,,2021-01-03T16:30:00Z,,,,90,,,12,0,,0,0,,0,17,0,1942991,,,,3,1,0.0,1,-152502,32040,184542,59,True,,0,,,,,,2
168,168,0,,,,0,0,0,,,0.0,,,110,,,181,,0,0,0.0,,0.0,,2021-01-16T17:30:00Z,,,,0,,,8,0,,0,0,,0,19,0,1682489,,,,1,0,0.0,0,-35229,59653,94882,58,False,,0,,,,,,2
169,169,0,,,,0,0,0,,,0.0,,,110,,,173,,0,0,0.0,,0.0,,2021-01-19T20:15:00Z,,,,0,,,9,0,,0,0,,0,19,0,1682489,,,,0,2,0.0,0,-35229,59653,94882,58,False,,0,,,,,,2
170,170,0,,,,0,0,0,,,0.0,,,110,,,194,,0,0,0.0,,0.0,,2021-01-27T18:00:00Z,,,,0,,,20,0,,0,0,,0,20,0,1339984,,,,0,0,0.0,0,-343608,10907,354515,57,True,,0,,,,,,2
171,171,0,,,,0,0,0,,,0.0,,,110,,,201,,0,0,0.0,,0.0,,2021-01-31T12:00:00Z,,,,0,,,4,0,,0,0,,0,21,0,1121805,,,,0,2,0.0,0,-221932,5864,227796,56,True,,0,,,,,,2
172,172,0,,,,0,0,0,,,0.0,,,110,,,218,,0,0,0.0,,0.0,,2021-02-04T20:00:00Z,,,,0,,,17,0,,0,0,,0,22,0,972455,,,,1,0,0.0,0,-151734,2815,154549,55,False,,0,,,,,,2
173,173,0,,,,0,0,0,,,0.0,,,110,,,226,,0,0,0.0,,0.0,,2021-02-07T19:15:00Z,,,,0,,,15,0,,0,0,,0,23,0,836494,,,,2,1,0.0,0,-137160,3066,140226,55,False,,0,,,,,,2
174,174,0,,,,0,0,0,,,0.0,,,110,,,231,,0,0,0.0,,0.0,,2021-02-15T20:00:00Z,,,,0,,,14,0,,0,0,,0,24,0,749712,,,,0,2,0.0,0,-86496,5325,91821,54,True,,0,,,,,,2
175,175,0,,,,0,13,0,,,1.2,,,110,,,246,,1,0,4.2,,23.4,,2021-02-20T12:30:00Z,,,,90,,,16,0,,0,0,,0,25,0,718609,,,,1,1,17.0,2,-36099,4395,40494,54,False,,0,,,,,,2
176,176,0,,,,0,0,0,,,0.0,,,110,,,249,,0,0,0.0,,0.0,,2021-02-28T16:30:00Z,,,,0,,,13,0,,0,0,,0,26,0,693755,,,,0,0,0.0,0,-25600,5235,30835,54,True,,0,,,,,,2
177,177,0,,,,0,0,0,,,0.0,,,110,,,283,,0,0,0.0,,0.0,,2021-03-04T20:15:00Z,,,,0,,,11,0,,0,0,,0,26,0,693755,,,,1,0,0.0,0,-25600,5235,30835,54,False,,0,,,,,,2
178,178,0,,,,0,25,1,,,1.3,,,110,,,262,,0,0,3.6,,17.4,,2021-03-08T18:00:00Z,,,,90,,,7,0,,0,0,,0,27,0,669235,,,,0,2,17.0,6,-26687,1791,28478,54,True,,0,,,,,,2
179,179,0,,,,0,0,0,,,0.0,,,110,,,273,,0,0,0.0,,0.0,,2021-03-13T12:30:00Z,,,,0,,,10,0,,0,0,,0,28,0,660828,,,,0,0,0.0,0,-9660,4029,13689,54,False,,0,,,,,,2
180,180,0,,,,0,8,0,,,2.1,,,110,,,291,,5,0,4.2,,9.8,,2021-04-03T11:30:00Z,,,,90,,,18,0,,0,0,,0,30,0,641942,,,,5,2,30.0,0,-4097,5402,9499,53,True,,0,,,,,,2
181,181,0,,,,0,26,0,,,0.5,,,110,,,301,,1,1,8.8,,48.6,,2021-04-10T16:30:00Z,,,,90,,,6,0,,0,0,,0,31,0,637030,,,,4,1,39.0,8,-5379,5047,10426,53,False,,0,,,,,,2
182,182,0,,,,0,22,1,,,1.3,,,110,,,311,,0,0,2.8,,20.0,,2021-04-20T19:15:00Z,,,,90,,,3,0,,0,0,,0,32,0,664924,,,,0,0,7.0,5,25574,30639,5065,53,True,,1,,,,,,2
183,183,0,,,,0,0,0,,,0.0,,,110,,,327,,0,0,0.0,,0.0,,2021-04-24T16:30:00Z,,,,0,,,19,0,,0,0,,0,33,0,679598,,,,1,0,0.0,0,13912,19707,5795,53,False,,0,,,,,,2
184,184,0,,,,0,24,1,,,3.8,,,110,,,331,,0,0,2.3,,19.4,,2021-05-01T16:30:00Z,,,,90,,,8,0,,0,0,,0,34,0,681713,,,,0,2,0.0,5,2225,14676,12451,53,True,,1,,,,,,2
185,185,0,,,,0,9,0,,,0.3,,,110,,,345,,0,0,1.2,,11.2,,2021-05-08T16:30:00Z,,,,45,,,12,0,,0,0,,0,35,0,678662,,,,2,1,0.0,1,-3288,9424,12712,53,False,,0,,,,,,2
186,186,0,,,,0,14,0,,,16.1,,,110,,,354,,1,0,7.7,,11.2,,2021-05-12T19:15:00Z,,,,90,,,1,0,,0,0,,0,35,0,678662,,,,1,0,50.0,2,-3288,9424,12712,53,True,,0,,,,,,2
187,187,0,,,,0,3,0,,,0.1,,,110,,,361,,0,0,0.0,,0.2,,2021-05-18T19:15:00Z,,,,2,,,9,0,,0,0,,0,37,0,660241,,,,1,2,0.0,1,-3236,2586,5822,53,True,,0,,,,,,2
188,188,0,,,,0,0,0,,,0.0,,,110,,,370,,0,0,0.0,,0.0,,2021-05-23T15:00:00Z,,,,0,,,2,0,,0,0,,0,38,0,654163,,,,1,2,0.0,0,-5647,3422,9069,53,False,,0,,,,,,2
189,189,0,,,,0,0,0,,,0.0,,,128,,,3,,0,0,0.0,,0.0,,2021-08-14T14:00:00Z,,,,0,,,7,0,,0,0,,0,1,0,99447,,,,0,3,0.0,0,0,0,0,55,True,,0,,,,,,2
190,190,0,,,,0,0,0,,,0.0,,,128,,,18,,0,0,0.0,,0.0,,2021-08-22T15:30:00Z,,,,0,,,1,0,,0,0,,0,2,0,86341,,,,2,0,0.0,0,-21039,1267,22306,54,False,,0,,,,,,2
191,191,0,,,,0,0,0,,,0.0,,,128,,,28,,0,0,0.0,,0.0,,2021-08-28T14:00:00Z,,,,0,,,7,0,,0,0,,0,3,0,65227,,,,2,2,0.0,0,-20687,782,4218,54,True,,0,,,,,,2
192,192,0,,,,0,0,0,,,0.0,,,128,,,39,,0,0,0.0,,0.0,,2021-09-11T14:00:00Z,,,,0,,,16,0,,0,0,,0,4,0,75941,,,,0,0,0.0,0,3532,15823,12291,54,False,,0,,,,,,2
193,193,0,,,,0,16,0,,,0.2,,,128,,,49,,2,0,3.1,,30.4,,2021-09-19T13:00:00Z,,,,90,,,13,0,,0,0,,0,5,0,74020,,,,2,1,0.0,1,-4144,4006,8150,54,True,,0,,,,,,2
194,194,0,,,,0,13,0,,,1.2,,,128,,,56,,1,0,2.6,,23.0,,2021-09-25T14:00:00Z,,,,90,,,10,0,,0,0,,0,6,0,92508,,,,2,1,2.0,2,12209,18518,6309,54,False,,0,,,,,,2
195,195,0,,,,0,4,0,,,0.8,,,128,,,69,,2,0,1.9,,11.6,,2021-10-03T13:00:00Z,,,,90,,,3,0,,0,0,,0,7,0,103256,,,,2,1,7.0,0,7670,14665,6995,54,True,,1,,,,,,2
196,196,0,,,,2,29,1,,,0.4,,,128,,,74,,0,0,2.4,,21.2,,2021-10-17T13:00:00Z,,,,90,,,8,0,,0,0,,0,8,0,102510,,,,1,0,2.0,8,-2257,6785,9042,54,False,,0,,,,,,2
197,197,0,,,,0,25,1,,,0.3,,,128,,,90,,0,0,2.0,,17.6,,2021-10-24T13:00:00Z,,,,90,,,17,0,,0,0,,0,9,0,106573,,,,0,1,2.0,6,2012,6365,4353,54,True,,0,,,,,,2
198,198,0,,,,0,14,0,,,0.7,,,128,,,91,,1,0,1.2,,11.4,,2021-10-31T16:30:00Z,,,,90,,,2,0,,0,0,,0,10,0,123099,,,,4,1,0.0,2,11318,16902,5584,54,False,,0,,,,,,2
199,199,0,,,,0,27,0,,,0.4,,,128,,,110,,2,1,9.4,,60.2,,2021-11-07T16:30:00Z,,,,90,,,11,0,,0,0,,0,11,0,123633,,,,2,3,33.0,7,-820,7424,8244,54,True,,0,,,,,,2
200,200,0,,,,0,14,0,,,0.3,,,128,,,120,,1,0,1.8,,15.6,,2021-11-20T15:00:00Z,,,,90,,,20,0,,0,0,,0,12,0,154898,,,,0,1,2.0,2,22892,27863,4971,54,False,,0,,,,,,2
201,201,0,,,,0,10,0,,,0.5,,,128,,,129,,2,0,1.2,,11.4,,2021-11-28T14:00:00Z,,,,90,,,12,0,,0,0,,0,13,0,152627,,,,1,2,0.0,1,-3108,9464,12572,54,False,,0,,,,,,2
202,202,0,,,,0,8,0,,,0.1,,,128,,,136,,1,0,3.1,,11.0,,2021-12-01T19:30:00Z,,,,90,,,4,0,,0,0,,0,14,0,159363,,,,1,1,20.0,2,4774,9586,4812,54,True,,0,,,,,,2
203,203,0,,,,0,13,0,,,10.3,,,128,,,149,,2,0,2.7,,16.4,,2021-12-04T12:30:00Z,,,,70,,,6,0,,0,0,,0,15,0,159740,,,,2,3,0.0,1,-827,8493,9320,54,True,,0,,,,,,2
204,204,0,,,,0,0,0,,,0.0,,,128,,,154,,0,0,0.0,,0.0,,2021-12-12T14:00:00Z,,,,0,,,5,0,,0,0,,0,16,0,134423,,,,0,0,0.0,0,-24700,1265,25965,54,False,,0,,,,,,2
205,205,0,,,,0,0,0,,,0.0,,,128,,,161,,0,0,0.0,,0.0,,2021-12-15T20:00:00Z,,,,0,,,1,0,,0,0,,0,17,0,121754,,,,0,2,0.0,0,-13633,311,13944,54,False,,0,,,,,,2
206,206,0,,,,0,0,0,,,0.0,,,128,,,189,,0,0,0.0,,0.0,,2021-12-26T15:00:00Z,,,,0,,,16,0,,0,0,,0,19,0,108633,,,,3,2,0.0,0,-6192,336,6528,54,True,,0,,,,,,2
207,207,0,,,,0,0,0,,,0.0,,,128,,,200,,0,0,0.0,,0.0,,2021-12-28T15:00:00Z,,,,0,,,18,0,,0,0,,0,20,0,106580,,,,4,1,0.0,0,-2464,147,2611,54,False,,0,,,,,,2
208,208,0,,,,0,0,0,,,0.0,,,128,,,204,,0,0,0.0,,0.0,,2022-01-01T17:30:00Z,,,,0,,,7,0,,0,0,,0,21,0,102435,,,,3,2,0.0,0,-4408,220,4628,54,False,,0,,,,,,2
209,209,0,,,,0,0,0,,,0.0,,,128,,,179,,0,0,0.0,,0.0,,2022-01-12T19:45:00Z,,,,0,,,15,0,,0,0,,0,21,0,102435,,,,0,2,0.0,0,-4408,220,4628,54,True,,0,,,,,,2
210,210,0,,,,0,0,0,,,0.0,,,128,,,219,,0,0,0.0,,0.0,,2022-01-16T14:00:00Z,,,,0,,,10,0,,0,0,,0,22,0,96359,,,,3,2,0.0,0,-5924,205,6129,54,True,,0,,,,,,2
211,211,0,,,,0,15,0,,,10.4,,,128,,,228,,1,0,3.0,,17.2,,2022-01-22T15:00:00Z,,,,90,,,13,0,,0,0,,0,23,0,95441,,,,0,1,2.0,2,-1793,190,1983,54,False,,0,,,,,,2
212,212,0,,,,1,29,1,,,1.0,,,128,,,235,,0,0,2.5,,22.0,,2022-02-08T19:45:00Z,,,,90,,,18,0,,0,0,,0,24,0,101109,,,,0,1,2.0,7,4083,5705,1622,54,True,,0,,,,,,2
213,213,0,,,,0,0,0,,,0.0,,,128,,,245,,0,0,0.0,,0.0,,2022-02-13T16:30:00Z,,,,0,,,9,0,,0,0,,0,25,0,102140,,,,2,2,0.0,0,942,2900,1958,54,False,,0,,,,,,2
214,214,0,,,,0,20,0,,,1.3,,,128,,,259,,1,0,3.8,,34.4,,2022-02-19T12:30:00Z,,,,90,,,14,0,,0,0,,0,26,0,97929,,,,1,1,2.0,2,-3792,641,4433,54,True,,0,,,,,,2
215,215,0,,,,2,30,1,,,0.2,,,128,,,270,,0,0,4.8,,44.0,,2022-02-27T14:00:00Z,,,,90,,,20,0,,0,0,,0,27,0,106678,,,,0,1,4.0,8,3967,5405,1438,54,True,,0,,,,,,2
216,216,0,,,,0,11,0,,,0.0,,,128,,,274,,1,0,3.1,,31.2,,2022-03-05T17:30:00Z,,,,90,,,11,0,,0,0,,0,28,0,103075,,,,0,1,0.0,2,-236,2303,2539,54,False,,0,,,,,,2
217,217,0,,,,0,16,0,,,1.0,,,128,,,290,,1,0,5.8,,21.6,,2022-03-13T14:00:00Z,,,,90,,,2,0,,0,0,,0,29,0,105949,,,,1,2,35.0,2,1990,3922,1932,54,True,,0,,,,,,2
218,218,0,,,,0,6,0,,,1.8,,,128,,,298,,3,0,0.2,,0.6,,2022-03-20T16:30:00Z,,,,90,,,17,1,,0,0,,0,30,0,146757,,,,1,3,0.0,-1,10796,12551,1755,54,False,,0,,,,,,2
219,219,0,,,,0,15,0,,,0.3,,,128,,,309,,1,0,2.4,,23.6,,2022-04-03T13:00:00Z,,,,90,,,8,0,,0,0,,0,31,0,114707,,,,1,2,0.0,2,-2939,2151,5090,54,True,,0,,,,,,2
220,220,0,,,,0,6,0,,,0.3,,,128,,,313,,0,0,0.7,,6.8,,2022-04-10T13:00:00Z,,,,28,,,3,0,,0,0,,0,32,0,115965,,,,0,2,0.0,1,597,2397,1800,54,False,,0,,,,,,2
221,221,0,,,,0,0,0,,,0.0,,,128,,,329,,0,0,0.0,,0.0,,2022-04-17T13:15:00Z,,,,0,,,5,0,,0,0,,0,33,0,110154,,,,1,1,0.0,0,-5450,807,6257,54,True,,0,,,,,,2
222,222,0,,,,0,0,0,,,0.0,,,128,,,335,,0,0,0.0,,0.0,,2022-04-24T13:00:00Z,,,,0,,,6,0,,0,0,,0,34,0,105587,,,,0,1,0.0,0,-4926,55,4981,54,False,,0,,,,,,2
223,223,0,,,,0,12,0,,,1.0,,,128,,,349,,2,0,2.8,,8.8,,2022-05-01T15:30:00Z,,,,90,,,1,0,,0,0,,0,35,0,103889,,,,2,1,18.0,1,-1915,534,2449,54,True,,0,,,,,,2
224,224,0,,,,0,29,1,,,0.3,,,128,,,360,,0,0,2.4,,23.4,,2022-05-08T13:00:00Z,,,,90,,,15,0,,0,0,,0,36,0,105183,,,,4,0,0.0,6,836,1787,951,54,False,,0,,,,,,2
225,225,0,,,,0,12,0,,,0.0,,,128,,,369,,2,0,3.3,,32.8,,2022-05-15T13:00:00Z,,,,90,,,12,0,,0,0,,0,37,0,106567,,,,2,2,0.0,1,965,2019,1054,54,True,,0,,,,,,2
226,226,0,,,,0,14,0,,,0.0,,,128,,,373,,3,0,0.0,,0.0,,2022-05-22T15:00:00Z,,,,90,,,4,0,,0,0,,0,38,0,110397,,,,1,3,0.0,1,3033,3878,845,54,False,,0,,,,,,2
227,227,0,,,,0,8,0,,,0.2,,,461,,,10,,2,0,1.5,,13.0,,2022-08-07T15:30:00Z,,,,90,,,13,0,,0,0,,0,1,0,110499,,,,2,0,2.0,1,0,0,0,45,True,,0,0.0,0.0,0.0,2.23,1.0,2
228,228,0,,,,0,10,0,,,0.1,,,461,,,18,,1,0,2.8,,11.8,,2022-08-14T13:00:00Z,,,,90,,,16,0,,0,0,,0,2,0,140835,,,,0,1,16.0,2,3785,14864,11079,45,False,,0,0.01,0.19,0.18,1.36,1.0,2
229,229,0,,,,0,12,0,,,0.9,,,461,,,30,,2,0,3.9,,14.0,,2022-08-21T13:00:00Z,,,,90,,,5,0,,0,0,,0,3,0,141072,,,,2,0,24.0,1,-6854,9189,16043,45,True,,0,0.03,0.22,0.19,1.71,1.0,2
230,230,0,,,,3,30,1,,,0.2,,,461,,,32,,0,0,3.0,,29.8,,2022-08-28T13:00:00Z,,,,90,,,2,0,,0,0,,0,4,0,130609,,,,1,0,0.0,9,-14526,3586,18112,45,False,,0,0.0,0.0,0.0,0.49,1.0,2
231,231,0,,,,0,10,0,,,0.3,,,461,,,47,,1,0,1.5,,10.4,,2022-08-31T18:45:00Z,,,,90,,,18,0,,0,0,,0,5,0,132250,,,,1,1,4.0,2,-2981,6032,9013,45,True,,0,0.0,0.11,0.11,0.63,1.0,2
232,232,0,,,,0,15,0,,,0.3,,,461,,,54,,2,0,2.2,,21.4,,2022-09-03T14:00:00Z,,,,90,,,6,0,,0,0,,0,6,0,133938,,,,1,2,0.0,1,-2657,7402,10059,45,False,,0,0.0,0.0,0.0,0.87,1.0,2
233,233,0,,,,0,12,0,,,0.5,,,461,,,75,,1,0,5.4,,16.0,,2022-09-18T13:15:00Z,,,,90,,,8,0,,0,0,,0,8,0,164483,,,,0,1,37.0,2,20170,30190,10020,45,False,,0,0.01,0.15,0.14,0.36,1.0,2
234,234,0,,,,0,21,1,,,0.1,,,461,,,90,,0,0,1.9,,18.8,,2022-10-01T16:30:00Z,,,,90,,,20,0,,0,0,,0,9,0,188205,,,,0,2,0.0,6,27403,40587,13184,45,True,,0,0.0,0.0,0.0,0.74,1.0,2
235,235,0,,,,0,15,0,,,0.3,,,461,,,100,,1,0,1.3,,13.0,,2022-10-09T13:00:00Z,,,,90,,,9,0,,0,0,,0,10,0,223136,,,,1,3,0.0,2,32295,41227,8932,45,True,,0,0.0,0.0,0.0,0.7,1.0,2
236,236,0,,,,0,0,0,,,0.0,,,461,,,108,,0,0,0.0,,0.0,,2022-10-16T13:00:00Z,,,,0,,,17,0,,0,0,,0,11,0,216966,,,,1,1,0.0,0,-6041,11200,17241,45,False,,0,0.0,0.0,0.0,0.0,0.0,2
237,237,0,,,,0,13,0,,,0.3,,,461,,,118,,1,0,1.5,,14.2,,2022-10-19T18:30:00Z,,,,90,,,12,0,,0,0,,0,12,0,168447,,,,0,1,0.0,2,-32852,290,33142,45,False,,0,0.01,0.01,0.0,1.73,1.0,2
238,238,0,,,,3,40,1,,,0.8,,,461,,,129,,0,1,8.2,,44.4,,2022-10-24T19:00:00Z,,,,90,,,3,0,,0,0,,0,13,0,187618,,,,0,2,37.0,15,1515,10950,9435,45,True,,0,0.0,0.32,0.32,0.39,1.0,2
239,239,0,,,,0,14,0,,,0.5,,,461,,,139,,1,0,3.6,,14.6,,2022-10-30T16:15:00Z,,,,90,,,14,0,,0,0,,0,14,0,206687,,,,0,1,21.0,2,15627,23964,8337,45,False,,0,0.0,0.11,0.11,1.24,1.0,2
240,240,0,,,,0,15,0,,,0.0,,,461,,,149,,2,0,1.0,,9.8,,2022-11-06T14:00:00Z,,,,90,,,7,0,,0,0,,0,15,0,233964,,,,2,1,0.0,1,23695,31549,7854,45,True,,0,0.0,0.0,0.0,1.02,1.0,2
241,241,0,,,,0,3,0,,,0.1,,,461,,,159,,1,0,0.2,,1.4,,2022-11-12T15:00:00Z,,,,14,,,10,0,,0,0,,0,16,0,238954,,,,2,0,0.0,1,4555,18642,14087,45,True,,0,0.0,0.0,0.0,0.34,1.0,2
242,242,0,,,,0,0,0,,,0.0,,,461,,,161,,0,0,0.0,,0.0,,2022-12-26T20:00:00Z,,,,0,,,1,0,,0,0,,0,17,0,156907,,,,1,3,0.0,0,-82668,22202,104870,45,False,,0,0.0,0.0,0.0,0.0,0.0,2
243,243,0,,,,0,0,0,,,0.0,,,461,,,179,,0,0,0.0,,0.0,,2022-12-30T19:45:00Z,,,,0,,,4,0,,0,0,,0,18,0,142366,,,,2,0,0.0,0,-15077,312,15389,45,True,,0,0.0,0.0,0.0,0.0,0.0,2
244,244,0,,,,0,0,0,,,0.0,,,461,,,187,,0,0,0.0,,0.0,,2023-01-04T19:45:00Z,,,,0,,,11,0,,0,0,,0,19,0,134308,,,,2,2,0.0,0,-8188,79,8267,45,False,,0,0.0,0.0,0.0,0.0,0.0,2
245,245,0,,,,0,0,0,,,0.0,,,461,,,200,,0,0,0.0,,0.0,,2023-01-14T15:00:00Z,,,,0,,,20,0,,0,0,,0,20,0,124179,,,,0,1,0.0,0,-10031,128,10159,44,False,,0,0.0,0.0,0.0,0.0,0.0,2
246,246,1,,,,2,36,1,,,0.6,,,461,,,210,,0,0,2.7,,21.4,,2023-01-21T15:00:00Z,,,,90,,,8,0,,0,0,,0,21,0,123849,,,,0,2,5.0,11,-973,1917,2890,44,True,,0,0.0,0.06,0.06,0.67,1.0,2
247,247,0,,,,0,0,0,,,0.0,,,461,,,217,,0,0,0.0,,0.0,,2023-02-04T17:30:00Z,,,,0,,,15,0,,0,0,,0,22,0,126047,,,,1,1,0.0,0,1675,7764,6089,44,False,,0,0.0,0.0,0.0,0.0,0.0,2
248,248,0,,,,0,0,0,,,0.0,,,461,,,230,,0,0,0.0,,0.0,,2023-02-11T12:30:00Z,,,,0,,,6,0,,0,0,,0,23,0,118929,,,,1,1,0.0,0,-6923,146,7069,44,True,,0,0.0,0.0,0.0,0.0,0.0,2
249,249,0,,,,0,0,0,,,0.0,,,461,,,239,,0,0,0.0,,0.0,,2023-02-19T16:30:00Z,,,,0,,,18,0,,0,0,,0,24,0,114118,,,,0,2,0.0,0,-5007,66,5073,44,False,,0,0.0,0.0,0.0,0.0,0.0,2
250,250,0,,,,0,0,0,,,0.0,,,461,,,250,,0,0,0.0,,0.0,,2023-02-25T15:00:00Z,,,,0,,,16,0,,0,0,,0,25,0,109435,,,,0,4,0.0,0,-4103,93,4196,44,True,,0,0.0,0.0,0.0,0.0,0.0,2
251,251,0,,,,0,3,0,,,0.4,,,461,,,254,,2,0,0.5,,4.6,,2023-03-04T15:00:00Z,,,,21,,,5,0,,0,0,,0,26,0,108311,,,,0,4,0.0,0,-1879,196,2075,44,False,,0,0.01,0.01,0.0,1.2,0.0,2
252,252,0,,,,0,14,0,,,10.4,,,461,,,270,,1,0,3.9,,20.2,,2023-03-12T14:00:00Z,,,,90,,,2,0,,0,0,,0,27,0,108260,,,,1,1,8.0,2,-184,954,1138,44,True,,0,0.01,0.18,0.17,1.58,1.0,2
253,253,0,,,,0,25,1,,,0.4,,,461,,,290,,0,0,1.0,,5.6,,2023-04-02T13:00:00Z,,,,90,,,17,0,,0,0,,0,29,0,134667,,,,0,1,4.0,6,22337,23680,1343,44,True,,0,0.0,0.13,0.13,0.39,1.0,2
254,254,0,,,,0,16,0,,,0.3,,,461,,,70,,5,1,8.1,,41.6,,2023-04-05T19:00:00Z,,,,90,,,15,0,,0,0,,0,29,0,134667,,,,5,1,39.0,6,22337,23680,1343,44,True,,0,0.03,0.37,0.34,3.12,1.0,2
255,255,0,,,,0,25,1,,,0.0,,,461,,,293,,0,0,5.0,,29.4,,2023-04-08T14:00:00Z,,,,90,,,9,0,,0,0,,0,30,0,138797,,,,1,0,21.0,6,6932,9479,2547,44,False,,0,0.0,0.09,0.09,0.68,1.0,2
256,256,0,,,,0,5,0,,,0.3,,,461,,,309,,2,0,2.6,,8.2,,2023-04-16T13:00:00Z,,,,90,,,1,0,,0,0,,0,31,0,148296,,,,2,2,17.0,1,8452,13783,5331,44,True,,0,0.0,0.12,0.12,2.82,1.0,2
257,257,0,,,,0,26,1,,,0.3,,,461,,,312,,0,0,3.1,,31.0,,2023-04-23T13:00:00Z,,,,90,,,3,0,,0,0,,0,32,0,187174,,,,4,0,0.0,6,25329,28342,3013,44,False,,0,0.0,0.0,0.0,1.14,1.0,2
258,258,0,,,,0,14,0,,,1.4,,,461,,,326,,2,0,2.2,,20.4,,2023-04-26T18:45:00Z,,,,90,,,12,0,,0,0,,0,33,0,187837,,,,2,1,0.0,1,13592,23487,9895,44,True,,0,0.0,0.0,0.0,2.0,1.0,2
259,259,0,,,,0,2,0,,,0.0,,,461,,,335,,1,0,0.0,,0.0,,2023-04-29T11:30:00Z,,,,18,,,7,0,,0,0,,0,34,0,219005,,,,3,4,0.0,1,20845,28858,8013,44,False,,0,0.0,0.0,0.0,0.12,1.0,2
260,260,0,,,,0,0,0,,,0.0,,,461,,,277,,0,0,0.0,,0.0,,2023-05-03T19:00:00Z,,,,0,,,13,0,,0,0,,0,34,0,219005,,,,0,3,0.0,0,20845,28858,8013,44,False,,0,0.0,0.0,0.0,0.0,0.0,2
261,261,0,,,,0,0,0,,,0.0,,,461,,,349,,0,0,0.0,,0.0,,2023-05-07T18:00:00Z,,,,0,,,14,0,,0,0,,0,35,0,175577,,,,0,1,0.0,0,-33151,938,34089,44,True,,0,0.0,0.0,0.0,0.0,0.0,2
262,262,0,,,,0,0,0,,,0.0,,,461,,,353,,0,0,0.0,,0.0,,2023-05-14T13:00:00Z,,,,0,,,4,0,,0,0,,0,36,0,161521,,,,0,2,0.0,0,-14159,999,15158,44,False,,0,0.0,0.0,0.0,0.0,0.0,2
263,263,0,,,,0,1,0,,,0.0,,,461,,,369,,1,0,0.3,,0.0,,2023-05-21T12:30:00Z,,,,45,,,11,0,,0,0,,0,37,0,156572,,,,1,3,4.0,1,-4085,1895,5980,44,True,,0,0.0,0.0,0.0,0.35,1.0,2
264,264,0,,,,0,0,0,,,0.0,,,461,,,378,,0,0,0.0,,0.0,,2023-05-28T15:30:00Z,,,,0,,,10,0,,0,0,,0,38,0,156830,,,,1,2,0.0,0,-681,1875,2556,44,False,,0,0.0,0.0,0.0,0.0,0.0,2
265,265,0,,,,0,10,0,,,0.0,,,544,,,3,,1,0,1.9,,19.4,,2023-08-12T14:00:00Z,,,,90,,,3,0,,0,0,,0,1,0,78870,,,,1,1,0.0,2,0,0,0,45,False,,0,0.0,0.0,0.0,1.37,1.0,2
266,266,0,,,,0,9,0,,,0.0,,,544,,,19,,1,0,0.8,,8.2,,2023-08-20T15:30:00Z,,,,90,,,7,0,,0,0,,0,2,0,84883,,,,1,3,0.0,2,-4429,3516,7945,45,True,,0,0.0,0.0,0.0,2.45,1.0,2
267,267,0,,,,0,18,0,,,0.0,,,544,,,24,,1,0,3.2,,29.6,,2023-08-26T16:30:00Z,,,,90,,,5,0,,0,0,,0,3,0,85875,,,,3,1,2.0,2,-2542,3811,6353,45,False,,0,0.0,0.0,0.0,1.52,1.0,2
268,268,0,,,,3,36,0,,,3.2,,,544,,,38,,1,1,8.7,,65.0,,2023-09-01T19:00:00Z,,,,90,,,12,0,,0,0,,0,4,0,106163,,,,2,1,19.0,11,13770,19322,5552,45,False,,0,0.0,0.2,0.2,1.43,1.0,2
269,269,0,,,,0,11,0,,,0.2,,,544,,,49,,3,0,4.4,,26.4,,2023-09-16T14:00:00Z,,,,90,,,13,0,,0,0,,0,5,0,165746,,,,3,1,17.0,1,44731,59187,14456,45,True,,0,0.0,0.06,0.06,3.63,1.0,2
270,270,0,,,,0,8,0,,,0.3,,,544,,,57,,3,0,0.7,,6.8,,2023-09-24T13:00:00Z,,,,90,,,11,0,,0,0,,0,6,0,176817,,,,1,3,0.0,0,9931,20038,10107,45,False,,1,0.0,0.0,0.0,3.06,1.0,2
271,271,0,,,,1,29,1,,,10.3,,,544,,,69,,0,0,3.5,,22.4,,2023-09-30T14:00:00Z,,,,90,,,17,0,,0,0,,0,7,0,229468,,,,0,2,2.0,7,41860,56762,14902,45,True,,0,0.0,0.0,0.0,1.07,1.0,2
272,272,0,,,,0,10,0,,,0.1,,,544,,,79,,2,0,0.9,,9.0,,2023-10-08T13:00:00Z,,,,90,,,15,0,,0,0,,0,8,0,224966,,,,2,2,0.0,1,1994,20669,18675,45,True,,0,0.0,0.0,0.0,1.95,1.0,2
273,273,0,,,,0,8,0,,,0.2,,,544,,,81,,4,0,2.8,,12.0,,2023-10-22T15:30:00Z,,,,90,,,2,0,,0,0,,0,9,0,228226,,,,1,4,16.0,0,653,12173,11520,45,False,,0,0.0,0.3,0.3,2.02,1.0,2
274,274,0,,,,0,13,0,,,0.7,,,544,,,99,,1,0,3.4,,16.6,,2023-10-29T13:00:00Z,,,,90,,,9,0,,0,0,,0,10,0,233292,,,,1,0,17.0,2,3378,17690,14312,45,True,,0,0.0,0.01,0.01,0.82,1.0,2
275,275,0,,,,0,0,0,,,0.0,,,544,,,101,,0,0,0.0,,0.0,,2023-11-04T15:00:00Z,,,,0,,,4,0,,0,0,,0,11,0,213122,,,,2,3,0.0,0,-19817,6853,26670,45,False,,0,0.0,0.0,0.0,0.0,0.0,2
276,276,0,,,,0,16,0,,,0.4,,,544,,,119,,2,0,1.8,,17.8,,2023-11-12T14:00:00Z,,,,90,,,16,0,,0,0,,0,12,0,184567,,,,2,3,0.0,1,-27447,621,28068,45,True,,0,0.01,0.01,0.0,1.68,1.0,2
277,277,0,,,,0,9,0,,,0.5,,,544,,,122,,1,0,3.2,,8.0,,2023-11-25T15:00:00Z,,,,90,,,6,0,,0,0,,0,13,0,202398,,,,2,1,23.0,2,12191,20019,7828,45,False,,0,0.0,0.19,0.19,1.27,1.0,2
278,278,0,,,,0,0,0,,,0.0,,,544,,,140,,0,0,0.0,,0.0,,2023-12-03T14:00:00Z,,,,0,,,8,0,,0,0,,0,14,0,198554,,,,1,1,0.0,0,-2589,6360,8949,45,True,,0,0.0,0.0,0.0,0.0,0.0,2
279,279,0,,,,0,7,0,,,0.0,,,544,,,148,,1,0,1.4,,7.4,,2023-12-07T20:15:00Z,,,,90,,,18,0,,0,0,,0,15,0,189080,,,,2,1,7.0,2,-9362,1643,11005,45,False,,0,0.0,0.21,0.21,1.74,1.0,2
280,280,0,,,,0,11,0,,,0.3,,,544,,,155,,4,0,0.6,,5.6,,2023-12-10T14:00:00Z,,,,63,,,10,0,,0,0,,0,16,0,187421,,,,0,5,0.0,0,-2304,3262,5566,45,False,,0,0.0,0.0,0.0,1.54,1.0,2
281,281,0,,,,0,22,1,,,0.7,,,544,,,170,,0,0,2.8,,16.8,,2023-12-17T14:00:00Z,,,,90,,,20,0,,0,0,,0,17,0,182593,,,,0,3,10.0,5,-4981,2889,7870,45,True,,1,0.0,0.19,0.19,0.65,1.0,2
282,282,0,,,,0,19,1,,,0.5,,,544,,,179,,0,0,1.4,,13.8,,2023-12-23T12:30:00Z,,,,90,,,14,0,,0,0,,0,18,0,182200,,,,0,2,0.0,6,-929,4252,5181,45,True,,0,0.0,0.0,0.0,0.91,1.0,2
283,283,0,,,,0,0,0,,,0.0,,,544,,,181,,0,0,0.0,,0.0,,2023-12-28T20:15:00Z,,,,0,,,1,0,,0,0,,0,19,0,183138,,,,2,0,0.0,0,-50,4530,4580,45,False,,0,0.0,0.0,0.0,0.0,0.0,2
284,284,0,,,,0,0,0,,,0.0,,,726,,,194,,0,0,0.0,,0.0,,2024-01-01T20:00:00Z,,,,0,,,15,0,,0,0,,0,20,0,2077,,,,2,4,0.0,0,-50,41,91,40,True,,0,0.0,0.0,0.0,0.0,0.0,2
285,285,0,,,,0,0,0,,,0.0,,,726,,,185,,0,0,0.0,,0.0,,2023-12-26T17:30:00Z,,,,0,,,6,0,,0,0,,0,19,0,2049,,,,2,0,0.0,0,-9,66,75,40,False,,0,0.0,0.0,0.0,0.0,0.0,2
286,286,0,,,,0,0,0,,,0.0,,,726,,,174,,0,0,0.0,,0.0,,2023-12-23T17:30:00Z,,,,0,,,1,0,,0,0,,0,18,0,1989,,,,1,1,0.0,0,-29,54,83,40,True,,0,0.0,0.0,0.0,0.0,0.0,2
287,287,0,,,,0,0,0,,,0.0,,,726,,,166,,0,0,0.0,,0.0,,2023-12-17T16:30:00Z,,,,0,,,14,0,,0,0,,0,17,0,1942,,,,0,0,0.0,0,-62,79,141,40,True,,0,0.0,0.0,0.0,0.0,0.0,2
288,288,0,,,,0,0,0,,,0.0,,,726,,,153,,0,0,0.0,,0.0,,2023-12-09T12:30:00Z,,,,0,,,8,0,,0,0,,0,16,0,1887,,,,2,1,0.0,0,-8,75,83,40,False,,0,0.0,0.0,0.0,0.0,0.0,2
289,289,0,,,,0,0,0,,,0.0,,,726,,,147,,0,0,0.0,,0.0,,2023-12-06T19:30:00Z,,,,0,,,17,0,,0,0,,0,15,0,1800,,,,2,0,0.0,0,23,112,89,40,False,,0,0.0,0.0,0.0,0.0,0.0,2
290,290,0,,,,0,0,0,,,0.0,,,726,,,136,,0,0,0.0,,0.0,,2023-12-03T14:00:00Z,,,,0,,,10,0,,0,0,,0,14,0,1695,,,,3,4,0.0,0,25,134,109,40,True,,0,0.0,0.0,0.0,0.0,0.0,2
291,291,0,,,,0,0,0,,,0.0,,,726,,,126,,0,0,0.0,,0.0,,2023-11-25T12:30:00Z,,,,0,,,13,0,,0,0,,0,13,0,1606,,,,1,1,0.0,0,43,199,156,40,False,,0,0.0,0.0,0.0,0.0,0.0,2
292,292,0,,,,0,0,0,,,0.0,,,726,,,117,,0,0,0.0,,0.0,,2023-11-12T14:00:00Z,,,,0,,,4,0,,0,0,,0,12,0,1386,,,,0,3,0.0,0,55,166,111,40,True,,0,0.0,0.0,0.0,0.0,0.0,2
293,293,0,,,,0,0,0,,,0.0,,,726,,,105,,0,0,0.0,,0.0,,2023-11-05T16:30:00Z,,,,0,,,12,0,,0,0,,0,11,0,1214,,,,1,1,0.0,0,85,235,150,40,False,,0,0.0,0.0,0.0,0.0,0.0,2
294,294,0,,,,0,0,0,,,0.0,,,726,,,97,,0,0,0.0,,0.0,,2023-10-29T14:00:00Z,,,,0,,,16,0,,0,0,,0,10,0,992,,,,0,3,0.0,0,267,406,139,40,True,,0,0.0,0.0,0.0,0.0,0.0,2
295,295,0,,,,0,0,0,,,0.0,,,726,,,85,,0,0,0.0,,0.0,,2023-10-21T11:30:00Z,,,,0,,,9,0,,0,0,,0,9,0,540,,,,0,2,0.0,0,269,320,51,40,True,,0,0.0,0.0,0.0,0.0,0.0,2
