,assists,attempted_passes,big_chances_created,big_chances_missed,bonus,bps,clean_sheets,clearances_blocks_interceptions,completed_passes,creativity,dribbles,ea_index,element,errors_leading_to_goal,errors_leading_to_goal_attempt,fixture,fouls,goals_conceded,goals_scored,ict_index,id,influence,key_passes,kickoff_time,kickoff_time_formatted,loaned_in,loaned_out,minutes,offside,open_play_crosses,opponent_team,own_goals,penalties_conceded,penalties_missed,penalties_saved,recoveries,red_cards,round,saves,selected,tackled,tackles,target_missed,team_a_score,team_h_score,threat,total_points,transfers_balance,transfers_in,transfers_out,value,was_home,winning_goals,yellow_cards,expected_assists,expected_goal_involvements,expected_goals,expected_goals_conceded,starts,position,player
0,0,31.0,0.0,0.0,3,28,0,1.0,28.0,49.1,2.0,0.0,304,0.0,0.0,7,0.0,1,1,15.9,304.0,47.2,4.0,2016-08-13T14:00:00Z,13 Aug 15:00,0.0,0.0,90,1.0,0.0,18,0,0.0,0,0,2.0,0,1,0,227151,7.0,1.0,2.0,1,1,63.0,10,0,0,0,60,True,0.0,0,,,,,,3,221
1,0,40.0,0.0,0.0,0,16,0,2.0,38.0,30.2,1.0,0.0,304,0.0,0.0,11,0.0,2,0,4.7,829.0,6.8,2.0,2016-08-19T19:00:00Z,19 Aug 20:00,0.0,0.0,90,0.0,0.0,11,0,0.0,0,0,7.0,0,2,0,333831,1.0,0.0,1.0,0,2,10.0,2,65635,77794,12159,60,False,0.0,0,,,,,,3,221
2,0,34.0,0.0,0.0,0,7,0,0.0,29.0,30.5,3.0,0.0,304,0.0,0.0,26,1.0,1,0,7.1,1369.0,9.8,2.0,2016-08-27T14:00:00Z,27 Aug 15:00,0.0,0.0,90,0.0,0.0,15,0,0.0,0,0,2.0,0,3,0,482828,3.0,0.0,1.0,1,1,31.0,1,128590,148789,20199,61,True,0.0,1,,,,,,3,221
3,0,32.0,0.0,0.0,0,10,0,0.0,27.0,32.3,2.0,0.0,304,0.0,0.0,31,1.0,2,0,5.5,1919.0,3.2,2.0,2016-09-10T14:00:00Z,10 Sep 15:00,0.0,0.0,90,1.0,1.0,1,0,0.0,0,0,4.0,0,4,0,414711,3.0,0.0,1.0,1,2,19.0,2,-72574,27128,99702,61,False,0.0,0,,,,,,3,221
4,0,37.0,1.0,1.0,0,13,1,0.0,33.0,52.8,4.0,0.0,304,0.0,0.0,48,0.0,0,0,9.4,2500.0,10.6,4.0,2016-09-18T13:15:00Z,18 Sep 14:15,0.0,0.0,90,3.0,1.0,16,0,0.0,0,0,6.0,0,5,0,374421,2.0,0.0,3.0,0,1,31.0,3,-41532,8750,50282,61,True,0.0,0,,,,,,3,221
5,0,27.0,0.0,0.0,0,4,1,0.0,24.0,27.8,0.0,0.0,304,0.0,0.0,59,3.0,0,0,9.4,3084.0,6.0,2.0,2016-09-25T15:00:00Z,25 Sep 16:00,0.0,0.0,90,0.0,0.0,20,0,0.0,0,0,5.0,0,6,0,309992,1.0,0.0,1.0,3,0,60.0,3,-65166,7556,72722,60,False,0.0,0,,,,,,3,221
6,0,37.0,0.0,0.0,0,8,1,0.0,33.0,20.1,1.0,0.0,304,0.0,0.0,64,2.0,0,0,4.8,3670.0,4.4,1.0,2016-10-02T13:15:00Z,02 Oct 14:15,0.0,0.0,90,1.0,0.0,8,0,0.0,0,0,4.0,0,7,0,281104,2.0,0.0,0.0,0,0,23.0,3,-29480,5656,35136,60,False,0.0,0,,,,,,3,221
7,0,39.0,0.0,0.0,2,39,0,0.0,36.0,41.3,5.0,0.0,304,0.0,0.0,78,0.0,1,1,20.2,4259.0,49.2,3.0,2016-10-16T15:00:00Z,16 Oct 16:00,0.0,0.0,87,0.0,0.0,3,0,0.0,0,0,7.0,0,8,0,266821,3.0,0.0,1.0,1,3,111.0,9,-14845,8197,23042,59,True,1.0,0,,,,,,3,221
8,0,24.0,0.0,0.0,2,24,0,2.0,20.0,13.2,2.0,0.0,304,0.0,0.0,88,0.0,1,1,9.0,4851.0,44.0,1.0,2016-10-23T12:30:00Z,23 Oct 13:30,0.0,0.0,90,3.0,0.0,10,0,0.0,0,0,8.0,0,9,0,244217,5.0,1.0,0.0,1,1,33.0,9,-23130,5335,28465,59,False,0.0,0,,,,,,3,221
9,0,37.0,0.0,0.0,0,2,0,0.0,31.0,13.0,1.0,0.0,304,0.0,0.0,95,2.0,2,0,2.1,5445.0,2.0,0.0,2016-10-30T16:00:00Z,30 Oct 16:00,0.0,0.0,90,0.0,0.0,4,0,0.0,0,0,5.0,0,10,0,290792,8.0,0.0,0.0,2,0,6.0,2,44111,49616,5505,59,True,0.0,0,,,,,,3,221
10,0,30.0,0.0,0.0,0,13,0,0.0,26.0,34.2,1.0,0.0,304,0.0,0.0,105,1.0,2,0,6.3,6043.0,6.4,2.0,2016-11-06T14:15:00Z,06 Nov 14:15,0.0,0.0,76,0.0,1.0,7,0,0.0,0,0,3.0,0,11,0,343142,1.0,0.0,0.0,1,2,22.0,2,49961,63737,13776,60,False,0.0,0,,,,,,3,221
11,0,27.0,0.0,0.0,0,3,1,1.0,19.0,3.3,1.0,0.0,304,0.0,0.0,115,0.0,0,0,0.5,6642.0,1.2,0.0,2016-11-19T15:00:00Z,19 Nov 15:00,0.0,0.0,90,1.0,0.0,9,0,0.0,0,0,2.0,0,12,0,329270,3.0,0.0,0.0,0,0,0.0,3,-15230,12261,27491,60,True,0.0,0,,,,,,3,221
12,0,34.0,1.0,0.0,0,13,1,1.0,27.0,27.7,2.0,0.0,304,0.0,0.0,128,1.0,0,0,4.4,7243.0,8.8,1.0,2016-11-27T16:30:00Z,27 Nov 16:30,0.0,0.0,78,0.0,2.0,6,0,0.0,0,0,6.0,0,13,0,325547,6.0,2.0,2.0,0,1,7.0,3,-4255,13443,17698,60,True,0.0,0,,,,,,3,221
13,0,37.0,0.0,0.0,0,21,0,0.0,30.0,25.3,6.0,0.0,304,0.0,0.0,132,1.0,3,0,5.2,7847.0,16.2,1.0,2016-12-03T15:00:00Z,03 Dec 15:00,0.0,0.0,90,0.0,2.0,5,0,0.0,0,0,11.0,0,14,0,332087,5.0,3.0,1.0,0,3,10.0,2,6056,19577,13521,60,False,0.0,0,,,,,,3,221
14,0,20.0,1.0,0.0,0,11,0,1.0,16.0,25.3,1.0,0.0,304,0.0,0.0,150,0.0,0,0,5.0,8452.0,9.0,2.0,2016-12-11T14:15:00Z,11 Dec 14:15,0.0,0.0,45,0.0,0.0,12,0,0.0,0,0,4.0,0,15,0,319842,1.0,1.0,0.0,0,1,16.0,1,-12784,11941,24725,60,True,0.0,0,,,,,,3,221
15,0,32.0,0.0,0.0,0,9,1,0.0,28.0,15.2,1.0,0.0,304,0.0,0.0,159,1.0,0,0,3.4,9062.0,0.0,1.0,2016-12-14T20:00:00Z,14 Dec 20:00,0.0,0.0,65,1.0,0.0,14,0,0.0,0,0,6.0,0,16,0,293288,2.0,0.0,1.0,0,0,19.0,3,-26761,2591,29352,60,False,0.0,0,,,,,,3,221
16,1,47.0,0.0,0.0,0,17,0,0.0,38.0,31.1,1.0,0.0,304,0.0,0.0,161,1.0,1,0,9.4,9676.0,21.0,2.0,2016-12-18T13:30:00Z,18 Dec 13:30,0.0,0.0,90,0.0,1.0,2,0,0.0,0,0,5.0,0,17,0,276934,3.0,0.0,3.0,3,1,42.0,5,-16630,5102,21732,59,False,0.0,0,,,,,,3,221
17,0,21.0,0.0,0.0,0,-11,0,0.0,15.0,12.4,0.0,0.0,304,0.0,0.0,178,2.0,4,0,1.0,10292.0,0.0,1.0,2016-12-28T19:45:00Z,28 Dec 19:45,0.0,0.0,56,0.0,0.0,17,0,1.0,0,0,5.0,1,18,0,267734,3.0,1.0,1.0,4,1,4.0,-2,-9698,5801,15499,59,True,0.0,0,,,,,,3,221
18,0,0.0,0.0,0.0,0,0,0,0.0,0.0,0.0,0.0,0.0,304,0.0,0.0,188,0.0,0,0,0.0,10910.0,0.0,0.0,2016-12-31T15:00:00Z,31 Dec 15:00,0.0,0.0,0,0.0,0.0,19,0,0.0,0,0,0.0,0,19,0,224961,0.0,0.0,0.0,2,1,0.0,0,-42901,3333,46234,59,True,0.0,0,,,,,,3,221
19,0,27.0,0.0,0.0,0,7,0,0.0,22.0,6.0,2.0,0.0,304,0.0,0.0,193,1.0,3,0,5.3,11532.0,7.6,0.0,2017-01-02T15:00:00Z,02 Jan 15:00,0.0,0.0,90,0.0,0.0,6,0,0.0,0,0,4.0,0,20,0,212329,3.0,2.0,2.0,0,3,39.0,2,-12740,2530,15270,58,False,0.0,0,,,,,,3,221
20,0,28.0,0.0,0.0,0,6,0,1.0,23.0,23.3,1.0,0.0,304,0.0,0.0,201,2.0,1,0,7.9,12156.0,5.6,2.0,2017-01-14T15:00:00Z,14 Jan 15:00,0.0,0.0,79,0.0,0.0,3,0,0.0,0,0,3.0,0,21,0,220683,3.0,1.0,1.0,0,1,50.0,2,7817,23090,15273,58,False,0.0,0,,,,,,3,221
21,0,48.0,0.0,0.0,0,17,1,0.0,39.0,29.6,2.0,0.0,304,0.0,0.0,218,1.0,0,0,8.1,12787.0,13.2,2.0,2017-01-22T12:00:00Z,22 Jan 12:00,0.0,0.0,90,0.0,0.0,8,0,0.0,0,0,8.0,0,22,0,216121,0.0,2.0,2.0,0,3,38.0,3,-4849,6261,11110,58,True,0.0,0,,,,,,3,221
22,0,19.0,0.0,0.0,0,1,0,0.0,16.0,3.8,1.0,0.0,304,0.0,0.0,226,3.0,2,0,3.1,13421.0,0.0,0.0,2017-01-31T19:45:00Z,31 Jan 19:45,0.0,0.0,75,1.0,0.0,16,0,0.0,0,0,1.0,0,23,0,219136,1.0,0.0,1.0,1,2,29.0,2,2617,10351,7734,58,False,0.0,0,,,,,,3,221
23,0,21.0,0.0,0.0,0,2,0,0.0,16.0,16.9,2.0,0.0,304,0.0,0.0,237,2.0,1,0,2.4,14064.0,0.0,1.0,2017-02-04T15:00:00Z,04 Feb 15:00,0.0,0.0,45,0.0,1.0,20,0,0.0,0,0,6.0,0,24,0,215038,3.0,0.0,2.0,3,1,7.0,1,-4258,4287,8545,58,True,0.0,0,,,,,,3,221
24,0,50.0,1.0,0.0,0,20,1,1.0,44.0,32.8,2.0,0.0,304,0.0,0.0,248,2.0,0,0,9.1,14713.0,21.6,2.0,2017-02-11T15:00:00Z,11 Feb 15:00,0.0,0.0,90,0.0,1.0,15,0,0.0,0,0,9.0,0,25,0,204711,3.0,2.0,0.0,4,0,37.0,3,-10538,2622,13160,58,False,0.0,0,,,,,,3,221
25,0,28.0,0.0,0.0,2,53,0,2.0,19.0,59.3,5.0,0.0,304,0.0,0.0,268,1.0,3,2,19.5,15915.0,91.0,5.0,2017-03-04T15:00:00Z,04 Mar 15:00,0.0,0.0,90,0.0,1.0,18,0,0.0,0,0,6.0,0,27,0,195103,6.0,1.0,1.0,4,3,45.0,14,3240,7596,4356,58,False,1.0,0,,,,,,3,221
26,0,28.0,1.0,0.0,0,7,0,0.0,23.0,14.7,1.0,0.0,304,0.0,0.0,288,2.0,2,0,2.1,16860.0,4.6,1.0,2017-03-19T14:15:00Z,19 Mar 14:15,0.0,0.0,79,0.0,0.0,17,0,0.0,0,0,8.0,0,29,0,229864,1.0,0.0,0.0,1,2,2.0,1,16932,20593,3661,58,False,0.0,1,,,,,,3,221
27,0,35.0,0.0,0.0,0,13,1,0.0,28.0,15.0,4.0,0.0,304,0.0,0.0,298,1.0,0,0,4.2,17514.0,10.2,1.0,2017-04-01T16:30:00Z,01 Apr 17:30,0.0,0.0,90,0.0,0.0,2,0,0.0,0,0,5.0,0,30,0,267132,2.0,0.0,0.0,0,0,17.0,3,35588,40406,4818,59,True,0.0,0,,,,,,3,221
28,0,34.0,0.0,0.0,3,34,0,0.0,32.0,62.1,2.0,0.0,304,0.0,0.0,310,1.0,1,1,16.6,18171.0,50.4,5.0,2017-04-05T18:45:00Z,05 Apr 19:45,0.0,0.0,89,0.0,1.0,5,0,0.0,0,0,5.0,0,31,0,271501,3.0,0.0,1.0,1,3,53.0,10,4182,9905,5723,59,True,0.0,0,,,,,,3,221
29,0,30.0,1.0,0.0,0,19,1,0.0,25.0,42.5,2.0,0.0,304,0.0,0.0,319,1.0,0,0,10.4,18832.0,15.6,3.0,2017-04-08T14:00:00Z,08 Apr 15:00,0.0,0.0,70,0.0,1.0,19,0,0.0,0,0,3.0,0,32,0,285628,0.0,0.0,0.0,1,0,46.0,3,13845,18405,4560,59,False,0.0,0,,,,,,3,221
30,0,35.0,0.0,0.0,0,15,0,4.0,28.0,4.4,3.0,0.0,304,0.0,0.0,325,1.0,3,0,2.3,19494.0,10.2,0.0,2017-04-15T16:30:00Z,15 Apr 17:30,0.0,0.0,90,0.0,0.0,10,0,0.0,0,0,6.0,0,33,0,279401,3.0,1.0,0.0,3,0,8.0,2,-6553,8287,14840,59,True,0.0,0,,,,,,3,221
31,0,9.0,0.0,0.0,0,4,0,0.0,7.0,5.1,2.0,0.0,304,0.0,0.0,334,0.0,1,0,1.0,20231.0,4.6,0.0,2017-04-25T18:45:00Z,25 Apr 19:45,0.0,0.0,23,0.0,1.0,4,0,0.0,0,0,0.0,0,34,0,266582,2.0,0.0,0.0,2,4,0.0,1,-13037,5669,18706,59,False,0.0,0,,,,,,3,221
32,0,21.0,0.0,0.0,0,4,1,0.0,17.0,12.8,2.0,0.0,304,0.0,0.0,345,3.0,0,0,1.3,20897.0,0.0,1.0,2017-04-29T14:00:00Z,29 Apr 15:00,0.0,0.0,86,0.0,0.0,7,0,0.0,0,0,6.0,0,35,0,283381,3.0,0.0,1.0,0,0,3.0,3,16483,24568,8085,59,True,0.0,0,,,,,,3,221
33,0,12.0,0.0,0.0,0,6,0,1.0,8.0,0.6,0.0,0.0,304,0.0,0.0,357,0.0,0,0,0.8,21602.0,3.6,0.0,2017-05-07T12:30:00Z,07 May 13:30,0.0,0.0,31,0.0,0.0,9,0,0.0,0,0,5.0,0,36,0,341386,1.0,2.0,1.0,0,0,4.0,1,57655,67467,9812,59,False,0.0,0,,,,,,3,221
34,0,33.0,0.0,0.0,0,10,0,5.0,25.0,19.8,2.0,0.0,304,0.0,0.0,257,0.0,1,0,7.4,21601.0,19.6,1.0,2017-05-10T18:45:00Z,10 May 19:45,0.0,0.0,69,1.0,0.0,1,0,0.0,0,0,6.0,0,36,0,341386,4.0,0.0,0.0,2,0,35.0,2,57655,67467,9812,59,True,0.0,0,,,,,,3,221
35,0,17.0,0.0,0.0,1,23,0,0.0,10.0,4.1,0.0,0.0,304,0.0,0.0,365,0.0,1,1,6.1,22444.0,31.4,0.0,2017-05-13T14:00:00Z,13 May 15:00,0.0,0.0,45,0.0,0.0,12,0,0.0,0,0,0.0,0,37,0,337701,0.0,0.0,1.0,2,1,25.0,7,-3910,17460,21370,59,False,1.0,0,,,,,,3,221
36,0,43.0,0.0,0.0,0,11,1,1.0,32.0,33.0,4.0,0.0,304,0.0,1.0,279,1.0,0,0,8.5,22443.0,9.4,2.0,2017-05-17T18:45:00Z,17 May 19:45,0.0,0.0,90,0.0,1.0,11,0,0.0,0,0,6.0,0,37,0,337701,3.0,0.0,1.0,0,0,43.0,3,-3910,17460,21370,59,True,0.0,0,,,,,,3,221
37,0,34.0,0.0,0.0,0,4,0,1.0,26.0,9.7,1.0,0.0,304,0.0,0.0,378,0.0,1,0,4.4,23309.0,1.2,0.0,2017-05-21T14:00:00Z,21 May 15:00,0.0,0.0,90,1.0,0.0,14,0,0.0,0,0,3.0,0,38,0,332247,4.0,0.0,1.0,1,0,33.0,2,-5679,8340,14019,59,True,0.0,0,,,,,,3,221
38,0,43.0,0.0,0.0,0,8,1,0.0,38.0,67.0,0.0,0.0,324,0.0,0.0,6,1.0,0,0,10.9,324.0,9.2,5.0,2017-08-12T14:00:00Z,12 Aug 15:00,0.0,0.0,90,0.0,1.0,16,0,0.0,0,0,2.0,0,1,0,355220,2.0,0.0,2.0,0,0,33.0,2,0,0,0,65,True,0.0,1,,,,,,3,221
39,1,34.0,0.0,0.0,0,18,0,0.0,25.0,36.5,1.0,0.0,324,0.0,0.0,15,2.0,2,0,9.0,835.0,25.2,3.0,2017-08-19T14:00:00Z,19 Aug 15:00,0.0,0.0,90,0.0,0.0,20,0,0.0,0,0,4.0,0,2,0,351664,3.0,1.0,1.0,2,3,28.0,5,-16119,14617,30736,65,True,0.0,0,,,,,,3,221
40,0,27.0,0.0,1.0,0,0,1,1.0,23.0,16.1,2.0,0.0,324,0.0,0.0,24,1.0,0,0,4.8,1351.0,7.8,1.0,2017-08-26T14:00:00Z,26 Aug 15:00,0.0,0.0,90,0.0,0.0,8,0,0.0,0,0,4.0,0,3,0,337561,4.0,0.0,2.0,0,0,24.0,3,-18266,16394,34660,65,False,0.0,0,,,,,,3,221
41,0,41.0,0.0,0.0,0,7,0,2.0,28.0,19.7,3.0,0.0,324,0.0,0.0,36,0.0,2,0,4.6,1882.0,8.2,1.0,2017-09-09T14:00:00Z,09 Sep 15:00,0.0,0.0,90,0.0,0.0,18,0,0.0,0,0,5.0,0,4,0,318353,4.0,0.0,1.0,2,0,18.0,2,-22302,15923,38225,65,True,0.0,0,,,,,,3,221
42,0,31.0,0.0,0.0,0,8,1,0.0,27.0,28.8,2.0,0.0,324,0.0,1.0,42,2.0,0,0,6.8,2426.0,10.8,2.0,2017-09-16T11:30:00Z,16 Sep 12:30,0.0,0.0,84,0.0,1.0,6,0,0.0,0,0,5.0,0,5,0,283561,4.0,0.0,1.0,1,0,28.0,3,-35677,5883,41560,65,False,0.0,0,,,,,,3,221
43,0,45.0,0.0,0.0,0,14,0,1.0,38.0,35.3,4.0,0.0,324,0.0,0.0,55,1.0,1,0,9.9,2972.0,15.6,2.0,2017-09-23T14:00:00Z,23 Sep 15:00,0.0,0.0,90,0.0,1.0,12,0,0.0,0,0,3.0,0,6,0,237413,2.0,0.0,1.0,1,0,48.0,2,-46935,3061,49996,64,True,0.0,0,,,,,,3,221
44,0,36.0,0.0,0.0,0,9,0,0.0,31.0,22.0,2.0,0.0,324,0.0,0.0,65,1.0,1,0,4.6,3522.0,2.0,1.0,2017-09-30T14:00:00Z,30 Sep 15:00,0.0,0.0,66,1.0,0.0,15,0,0.0,0,0,5.0,0,7,0,210852,2.0,0.0,1.0,1,2,22.0,2,-27261,4642,31903,64,False,0.0,0,,,,,,3,221
45,1,32.0,2.0,0.0,2,28,0,1.0,27.0,53.9,0.0,0.0,324,0.0,0.0,77,0.0,2,0,8.6,4076.0,30.2,4.0,2017-10-15T15:00:00Z,15 Oct 16:00,0.0,0.0,56,0.0,1.0,13,0,0.0,0,0,3.0,0,8,0,192277,0.0,0.0,0.0,2,2,2.0,6,-19208,6310,25518,63,True,0.0,0,,,,,,3,221
46,0,17.0,1.0,0.0,0,7,0,0.0,15.0,12.2,1.0,0.0,324,0.0,0.0,86,0.0,0,0,2.2,4633.0,8.4,1.0,2017-10-21T16:30:00Z,21 Oct 17:30,0.0,0.0,21,0.0,0.0,19,0,0.0,0,0,1.0,0,9,0,184259,0.0,0.0,1.0,0,1,1.0,1,-8364,4768,13132,63,True,0.0,0,,,,,,3,221
47,0,6.0,0.0,0.0,0,1,0,0.0,4.0,0.1,0.0,0.0,324,0.0,0.0,93,0.0,0,0,0.5,5192.0,0.6,0.0,2017-10-29T13:30:00Z,29 Oct 13:30,0.0,0.0,18,0.0,0.0,3,0,0.0,0,0,0.0,0,10,0,162549,2.0,0.0,0.0,1,1,4.0,1,-21952,1555,23507,63,False,0.0,0,,,,,,3,221
48,0,52.0,0.0,0.0,0,14,0,1.0,44.0,32.2,4.0,0.0,324,0.0,0.0,105,0.0,1,0,7.6,5755.0,12.4,2.0,2017-11-04T15:00:00Z,04 Nov 15:00,0.0,0.0,90,0.0,0.0,4,0,0.0,0,0,4.0,0,11,0,149693,3.0,1.0,2.0,1,0,31.0,2,-13053,1432,14485,62,True,0.0,0,,,,,,3,221
49,0,32.0,0.0,0.0,0,15,0,4.0,18.0,6.7,0.0,0.0,324,0.0,0.0,117,0.0,3,0,2.3,6321.0,12.4,0.0,2017-11-18T15:00:00Z,18 Nov 15:00,0.0,0.0,90,0.0,0.0,10,0,0.0,0,0,8.0,0,12,0,137332,1.0,3.0,0.0,0,3,4.0,2,-12534,517,13051,62,False,0.0,0,,,,,,3,221
50,0,0.0,0.0,0.0,0,0,0,0.0,0.0,0.0,0.0,0.0,324,0.0,0.0,126,0.0,0,0,0.0,6890.0,0.0,0.0,2017-11-26T13:30:00Z,26 Nov 13:30,0.0,0.0,0,0.0,0.0,7,0,0.0,0,0,0.0,0,13,0,130213,0.0,0.0,0.0,1,4,0.0,0,-7203,661,7864,61,True,0.0,0,,,,,,3,221
51,0,31.0,0.0,0.0,0,12,0,0.0,22.0,36.8,0.0,0.0,324,0.0,0.0,139,1.0,2,0,4.3,7460.0,6.6,3.0,2017-11-29T20:00:00Z,29 Nov 20:00,0.0,0.0,90,0.0,0.0,11,0,0.0,0,0,10.0,0,14,0,121698,1.0,0.0,0.0,1,2,0.0,2,-8565,170,8735,61,False,0.0,0,,,,,,3,221
52,1,15.0,0.0,0.0,0,13,0,1.0,15.0,28.2,0.0,0.0,324,0.0,0.0,142,0.0,0,0,5.4,8031.0,20.8,2.0,2017-12-03T13:30:00Z,03 Dec 13:30,0.0,0.0,45,0.0,1.0,2,0,0.0,0,0,1.0,0,15,0,117730,1.0,0.0,1.0,1,1,5.0,4,-4068,906,4974,61,False,0.0,0,,,,,,3,221
53,0,30.0,0.0,0.0,0,12,1,4.0,24.0,1.8,1.0,0.0,324,0.0,0.0,160,0.0,0,0,2.7,8605.0,14.2,0.0,2017-12-10T12:00:00Z,10 Dec 12:00,0.0,0.0,73,0.0,0.0,1,0,0.0,0,0,8.0,0,16,0,114320,3.0,0.0,0.0,1,1,11.0,3,-3553,942,4495,61,True,0.0,0,,,,,,3,221
54,0,12.0,0.0,0.0,0,2,0,0.0,10.0,5.4,1.0,0.0,324,0.0,0.0,168,0.0,1,0,1.2,9182.0,4.2,0.0,2017-12-13T19:45:00Z,13 Dec 19:45,0.0,0.0,28,0.0,0.0,9,0,0.0,0,0,2.0,0,17,0,113229,2.0,0.0,0.0,4,1,2.0,1,-1230,1189,2419,60,True,0.0,0,,,,,,3,221
55,0,50.0,0.0,0.0,0,8,0,1.0,36.0,6.3,2.0,0.0,324,0.0,0.0,174,3.0,1,0,1.0,9760.0,3.8,0.0,2017-12-16T15:00:00Z,16 Dec 15:00,0.0,0.0,90,0.0,0.0,5,0,0.0,0,0,6.0,0,18,0,110307,2.0,2.0,0.0,0,1,0.0,1,-3011,560,3571,60,False,0.0,1,,,,,,3,221
56,0,39.0,2.0,0.0,0,14,0,1.0,31.0,37.3,2.0,0.0,324,0.0,0.0,187,1.0,1,0,6.4,10340.0,12.0,3.0,2017-12-23T15:00:00Z,23 Dec 15:00,0.0,0.0,90,1.0,0.0,8,0,0.0,0,0,9.0,0,19,0,108073,3.0,0.0,0.0,1,1,15.0,1,-2365,1159,3524,60,True,0.0,1,,,,,,3,221
57,0,25.0,0.0,0.0,0,4,0,0.0,18.0,13.8,1.0,0.0,324,1.0,0.0,198,0.0,4,0,2.2,10925.0,4.0,1.0,2017-12-26T12:30:00Z,26 Dec 12:30,0.0,0.0,62,1.0,0.0,17,0,0.0,0,0,2.0,0,20,0,105312,0.0,0.0,0.0,2,5,4.0,2,-2825,235,3060,60,False,0.0,0,,,,,,3,221
58,0,5.0,0.0,0.0,0,2,0,0.0,2.0,1.0,0.0,0.0,324,0.0,0.0,206,1.0,0,0,0.0,11511.0,0.0,0.0,2017-12-30T17:30:00Z,30 Dec 17:30,0.0,0.0,5,0.0,0.0,12,0,0.0,0,0,2.0,0,21,0,101912,0.0,0.0,0.0,0,0,0.0,1,-3470,299,3769,60,False,0.0,0,,,,,,3,221
59,0,6.0,0.0,0.0,0,4,0,0.0,3.0,3.6,0.0,0.0,324,0.0,0.0,217,0.0,1,0,0.6,12037.0,0.0,0.0,2018-01-02T19:45:00Z,02 Jan 19:45,0.0,0.0,11,0.0,0.0,6,0,0.0,0,0,3.0,0,22,0,100747,0.0,0.0,0.0,2,1,2.0,1,-1192,443,1635,60,True,0.0,0,,,,,,3,221
60,0,0.0,0.0,0.0,0,0,0,0.0,0.0,0.0,0.0,0.0,324,0.0,0.0,229,0.0,0,0,0.0,12689.0,0.0,0.0,2018-01-13T15:00:00Z,13 Jan 15:00,0.0,0.0,0,0.0,0.0,18,0,0.0,0,0,0.0,0,23,0,97883,0.0,0.0,0.0,2,2,0.0,0,-2998,618,3616,60,False,0.0,0,,,,,,3,221
61,0,0.0,0.0,0.0,0,0,0,0.0,0.0,0.0,0.0,0.0,324,0.0,0.0,237,0.0,0,0,0.0,13287.0,0.0,0.0,2018-01-21T16:00:00Z,21 Jan 16:00,0.0,0.0,0,0.0,0.0,17,0,0.0,0,0,0.0,0,24,0,95295,0.0,0.0,0.0,1,1,0.0,0,-2660,158,2818,59,True,0.0,0,,,,,,3,221
62,0,0.0,0.0,0.0,0,0,0,0.0,0.0,0.0,0.0,0.0,324,0.0,0.0,248,0.0,0,0,0.0,13890.0,0.0,0.0,2018-01-31T19:45:00Z,31 Jan 19:45,0.0,0.0,0,0.0,0.0,3,0,0.0,0,0,0.0,0,25,0,94050,0.0,0.0,0.0,1,1,0.0,0,-1338,410,1748,59,True,0.0,0,,,,,,3,221
63,0,3.0,0.0,0.0,0,5,0,2.0,3.0,0.3,1.0,0.0,324,0.0,0.0,260,0.0,0,0,2.4,14503.0,6.4,0.0,2018-02-03T15:00:00Z,03 Feb 15:00,0.0,0.0,2,0.0,0.0,19,0,0.0,0,0,1.0,0,26,0,92911,0.0,0.0,0.0,3,2,17.0,1,-1184,229,1413,59,False,0.0,0,,,,,,3,221
64,0,0.0,0.0,0.0,0,0,0,0.0,0.0,0.0,0.0,0.0,324,0.0,0.0,266,0.0,0,0,0.0,15128.0,0.0,0.0,2018-02-11T16:30:00Z,11 Feb 16:30,0.0,0.0,0,0.0,0.0,10,0,0.0,0,0,0.0,0,27,0,91626,0.0,0.0,0.0,2,0,0.0,0,-1343,165,1508,59,True,0.0,0,,,,,,3,221
65,0,28.0,0.0,0.0,0,16,0,0.0,17.0,56.8,5.0,0.0,324,0.0,0.0,274,0.0,1,0,13.7,15755.0,26.0,4.0,2018-02-24T15:00:00Z,24 Feb 15:00,0.0,0.0,90,0.0,1.0,4,0,0.0,0,0,6.0,0,28,0,90559,2.0,0.0,0.0,1,1,54.0,2,-1139,226,1365,59,False,0.0,0,,,,,,3,221
66,0,32.0,1.0,0.0,0,20,1,1.0,28.0,62.2,5.0,0.0,324,0.0,0.0,287,0.0,0,0,12.5,16385.0,26.8,4.0,2018-03-03T15:00:00Z,03 Mar 15:00,0.0,0.0,90,0.0,2.0,15,0,0.0,0,0,4.0,0,29,0,90414,5.0,0.0,0.0,0,0,36.0,3,-171,337,508,59,True,0.0,0,,,,,,3,221
67,0,38.0,0.0,0.0,0,8,0,1.0,28.0,4.2,4.0,0.0,324,0.0,0.0,297,0.0,3,0,2.1,17018.0,10.8,0.0,2018-03-10T15:00:00Z,10 Mar 15:00,0.0,0.0,90,0.0,0.0,13,0,0.0,0,0,3.0,0,30,0,108130,5.0,0.0,0.0,0,3,6.0,2,-212,314,526,59,False,0.0,0,,,,,,3,221
68,0,19.0,0.0,0.0,0,7,0,1.0,13.0,2.4,1.0,0.0,324,0.0,0.0,320,1.0,3,0,1.0,17919.0,4.0,0.0,2018-03-31T14:00:00Z,31 Mar 15:00,0.0,0.0,66,0.0,0.0,20,0,0.0,0,0,3.0,0,32,0,107455,3.0,2.0,1.0,0,3,4.0,2,-321,254,575,59,False,0.0,0,,,,,,3,221
69,0,0.0,0.0,0.0,0,0,0,0.0,0.0,0.0,0.0,0.0,324,0.0,0.0,321,0.0,0,0,0.0,18556.0,0.0,0.0,2018-04-08T13:15:00Z,08 Apr 14:15,0.0,0.0,0,0.0,0.0,1,0,0.0,0,0,0.0,0,33,0,107225,0.0,0.0,0.0,2,3,0.0,0,-293,202,495,59,False,0.0,0,,,,,,3,221
70,0,0.0,0.0,0.0,0,0,0,0.0,0.0,0.0,0.0,0.0,324,0.0,0.0,337,0.0,0,0,0.0,19348.0,0.0,0.0,2018-04-14T11:30:00Z,14 Apr 12:30,0.0,0.0,0,0.0,0.0,5,0,0.0,0,0,0.0,0,34,0,107176,0.0,0.0,0.0,3,2,0.0,0,-139,318,457,59,True,0.0,0,,,,,,3,221
71,0,3.0,0.0,0.0,0,7,0,1.0,1.0,0.0,2.0,0.0,324,0.0,0.0,346,0.0,0,0,0.6,19349.0,6.0,0.0,2018-04-19T18:45:00Z,19 Apr 19:45,0.0,0.0,2,0.0,0.0,9,0,0.0,0,0,1.0,0,34,0,107176,0.0,1.0,0.0,0,0,0.0,1,-139,318,457,59,False,0.0,0,,,,,,3,221
72,0,18.0,0.0,0.0,0,3,0,2.0,12.0,11.2,1.0,0.0,324,0.0,0.0,357,1.0,1,0,2.7,20481.0,2.6,1.0,2018-04-28T14:00:00Z,28 Apr 15:00,0.0,0.0,58,0.0,0.0,2,0,0.0,0,0,3.0,0,36,0,106671,2.0,0.0,1.0,1,2,13.0,1,-111,198,309,59,True,0.0,0,,,,,,3,221
73,0,12.0,0.0,0.0,1,24,0,2.0,9.0,4.4,4.0,0.0,324,0.0,0.0,365,1.0,1,1,10.5,21322.0,42.0,0.0,2018-05-05T16:30:00Z,05 May 17:30,0.0,0.0,45,0.0,0.0,7,0,0.0,0,0,6.0,0,37,0,106822,2.0,0.0,1.0,1,1,59.0,7,90,365,275,59,False,0.0,0,,,,,,3,221
74,0,22.0,0.0,0.0,0,2,1,1.0,14.0,12.0,0.0,0.0,324,0.0,0.0,308,2.0,0,0,4.0,21321.0,6.0,1.0,2018-05-08T18:45:00Z,08 May 19:45,0.0,0.0,63,0.0,0.0,16,0,0.0,0,0,4.0,0,37,0,106822,4.0,0.0,0.0,1,0,22.0,3,90,365,275,59,False,0.0,0,,,,,,3,221
75,0,11.0,0.0,0.0,0,4,1,0.0,7.0,12.7,1.0,0.0,324,0.0,0.0,377,0.0,0,0,2.1,22145.0,8.0,1.0,2018-05-13T14:00:00Z,13 May 15:00,0.0,0.0,63,1.0,0.0,11,0,0.0,0,0,4.0,0,38,0,107476,4.0,0.0,0.0,1,0,0.0,3,596,950,354,59,True,0.0,0,,,,,,3,221
76,0,32.0,0.0,0.0,0,13,1,0.0,28.0,13.4,5.0,0.0,343,0.0,0.0,8,0.0,0,0,6.1,343.0,10.0,1.0,2018-08-12T12:30:00Z,12 Aug 13:30,0.0,0.0,90,0.0,0.0,4,0,0.0,0,0,5.0,0,1,0,24948,4.0,0.0,0.0,0,0,38.0,3,0,0,0,55,True,0.0,0,,,,,,3,221
77,0,25.0,0.0,0.0,0,0,0,0.0,19.0,2.9,1.0,0.0,343,0.0,0.0,16,1.0,2,0,0.7,868.0,0.0,0.0,2018-08-18T14:00:00Z,18 Aug 15:00,0.0,0.0,90,0.0,0.0,8,0,0.0,0,0,4.0,0,2,0,26113,6.0,0.0,1.0,1,2,5.0,2,-1559,1659,3218,55,False,0.0,0,,,,,,3,221
78,0,43.0,0.0,0.0,0,12,0,2.0,32.0,23.4,3.0,0.0,343,0.0,0.0,28,0.0,2,0,5.2,1395.0,10.4,1.0,2018-08-25T14:00:00Z,25 Aug 15:00,0.0,0.0,90,0.0,1.0,11,0,0.0,0,0,5.0,0,3,0,23776,3.0,0.0,0.0,2,1,18.0,2,-2877,1442,4319,55,True,0.0,0,,,,,,3,221
79,0,37.0,0.0,0.0,0,13,1,1.0,30.0,23.3,4.0,0.0,343,0.0,0.0,35,0.0,0,0,7.7,1926.0,17.0,1.0,2018-09-01T14:00:00Z,01 Sep 15:00,0.0,0.0,90,0.0,1.0,7,0,0.0,0,0,2.0,0,4,0,22057,3.0,0.0,0.0,2,0,37.0,3,-2235,1057,3292,54,False,0.0,0,,,,,,3,221
80,0,25.0,1.0,0.0,0,13,0,1.0,19.0,40.6,4.0,0.0,343,0.0,0.0,47,1.0,2,0,7.7,2463.0,14.8,3.0,2018-09-17T19:00:00Z,17 Sep 20:00,0.0,0.0,90,1.0,2.0,3,0,0.0,0,0,3.0,0,5,0,23335,4.0,0.0,0.0,2,2,22.0,2,639,3328,2689,54,True,0.0,0,,,,,,3,221
81,0,37.0,0.0,0.0,0,10,0,3.0,32.0,8.5,0.0,0.0,343,0.0,0.0,58,0.0,3,0,2.1,3000.0,6.6,0.0,2018-09-22T14:00:00Z,22 Sep 15:00,0.0,0.0,90,0.0,0.0,12,0,0.0,0,0,3.0,0,6,0,20522,4.0,1.0,0.0,0,3,6.0,2,-2672,478,3150,54,False,0.0,0,,,,,,3,221
82,0,28.0,0.0,0.0,0,7,0,2.0,20.0,44.4,4.0,0.0,343,0.0,1.0,70,0.0,2,0,9.4,3538.0,17.8,4.0,2018-09-29T14:00:00Z,29 Sep 15:00,0.0,0.0,90,0.0,0.0,20,0,0.0,0,0,7.0,0,7,0,19379,9.0,0.0,0.0,0,2,32.0,2,-1341,569,1910,54,False,0.0,0,,,,,,3,221
83,0,32.0,0.0,0.0,0,13,0,4.0,28.0,20.0,0.0,0.0,343,0.0,0.0,78,0.0,3,0,6.5,4077.0,17.8,1.0,2018-10-07T13:15:00Z,07 Oct 14:15,0.0,0.0,90,0.0,1.0,6,0,0.0,0,0,5.0,0,8,0,18457,2.0,0.0,0.0,3,0,27.0,2,-959,416,1375,53,True,0.0,0,,,,,,3,221
84,0,37.0,1.0,0.0,0,4,1,0.0,23.0,28.7,1.0,0.0,343,0.0,0.0,82,3.0,0,0,4.4,4619.0,9.8,2.0,2018-10-20T14:00:00Z,20 Oct 15:00,0.0,0.0,90,2.0,1.0,2,0,0.0,0,0,8.0,0,9,0,18268,5.0,0.0,1.0,0,0,5.0,3,-396,1163,1559,53,False,0.0,0,,,,,,3,221
85,0,37.0,0.0,0.0,0,13,1,1.0,28.0,32.5,2.0,0.0,343,0.0,0.0,98,0.0,0,0,7.8,5165.0,14.0,2.0,2018-10-27T14:00:00Z,27 Oct 15:00,0.0,0.0,90,0.0,2.0,15,0,0.0,0,0,7.0,0,10,0,18886,2.0,0.0,1.0,0,0,31.0,3,387,1504,1117,53,True,0.0,0,,,,,,3,221
86,0,24.0,0.0,0.0,0,7,0,0.0,18.0,7.3,1.0,0.0,343,0.0,0.0,107,0.0,5,0,2.3,5713.0,10.0,0.0,2018-11-04T15:00:00Z,04 Nov 15:00,0.0,0.0,72,0.0,1.0,13,0,0.0,0,0,2.0,0,11,0,17232,1.0,0.0,0.0,1,6,6.0,2,-1487,327,1814,53,False,0.0,0,,,,,,3,221
87,0,30.0,0.0,0.0,0,16,0,2.0,22.0,14.3,5.0,0.0,343,0.0,0.0,120,0.0,1,0,3.0,6263.0,11.8,1.0,2018-11-10T15:00:00Z,10 Nov 15:00,0.0,0.0,89,0.0,0.0,18,0,0.0,0,0,6.0,0,12,0,17004,3.0,1.0,0.0,1,1,4.0,2,-389,682,1071,53,True,0.0,0,,,,,,3,221
88,0,45.0,0.0,0.0,0,15,0,0.0,37.0,41.7,4.0,0.0,343,0.0,0.0,125,1.0,3,0,8.5,6815.0,21.2,3.0,2018-11-24T15:00:00Z,24 Nov 15:00,0.0,0.0,90,0.0,1.0,9,0,0.0,0,0,6.0,0,13,0,16725,4.0,0.0,0.0,2,3,22.0,2,-343,602,945,53,False,0.0,0,,,,,,3,221
89,0,35.0,0.0,0.0,0,9,0,0.0,20.0,46.4,3.0,0.0,343,0.0,0.0,140,1.0,2,0,9.5,7368.0,16.4,3.0,2018-12-01T17:30:00Z,01 Dec 17:30,0.0,0.0,90,0.0,1.0,14,0,0.0,0,0,4.0,0,14,0,16232,6.0,2.0,2.0,2,2,32.0,2,-475,280,755,52,True,0.0,0,,,,,,3,221
90,0,42.0,0.0,0.0,0,10,0,1.0,34.0,9.8,2.0,0.0,343,0.0,0.0,150,0.0,3,0,4.7,7924.0,9.2,0.0,2018-12-05T20:00:00Z,05 Dec 20:00,0.0,0.0,90,0.0,1.0,17,0,0.0,0,0,3.0,0,15,0,16669,4.0,0.0,0.0,1,3,28.0,2,355,1066,711,52,False,0.0,0,,,,,,3,221
91,0,33.0,0.0,0.0,0,1,0,0.0,23.0,8.2,1.0,0.0,343,0.0,0.0,154,1.0,1,0,2.1,8482.0,3.0,0.0,2018-12-08T15:00:00Z,08 Dec 15:00,0.0,0.0,90,0.0,0.0,5,0,0.0,0,0,2.0,0,16,0,18335,5.0,0.0,0.0,0,1,10.0,2,1363,2034,671,52,False,0.0,0,,,,,,3,221
92,1,26.0,0.0,0.0,0,19,0,2.0,23.0,38.3,1.0,0.0,343,0.0,0.0,167,3.0,2,0,8.4,9041.0,25.2,3.0,2018-12-16T13:30:00Z,16 Dec 13:30,0.0,0.0,62,0.0,1.0,1,0,0.0,0,0,5.0,0,17,0,17218,2.0,1.0,0.0,2,3,20.0,5,-876,424,1300,52,True,0.0,0,,,,,,3,221
93,1,40.0,1.0,0.0,3,34,0,1.0,31.0,17.8,1.0,0.0,343,0.0,0.0,176,2.0,1,1,9.9,9603.0,50.8,1.0,2018-12-22T15:00:00Z,22 Dec 15:00,0.0,0.0,90,0.0,0.0,10,0,0.0,0,0,5.0,0,18,0,16751,6.0,2.0,3.0,3,1,30.0,13,-511,880,1391,52,False,0.0,0,,,,,,3,221
94,0,37.0,0.0,1.0,0,20,0,2.0,27.0,19.3,2.0,0.0,343,0.0,0.0,188,2.0,2,1,13.7,10168.0,50.6,1.0,2018-12-27T19:45:00Z,27 Dec 19:45,0.0,0.0,90,1.0,1.0,19,0,0.0,0,0,1.0,0,19,0,36981,5.0,0.0,0.0,2,1,67.0,7,18334,19768,1434,52,True,0.0,0,,,,,,3,221
95,0,8.0,0.0,0.0,0,4,0,1.0,6.0,10.5,1.0,0.0,343,0.0,0.0,198,0.0,0,0,1.5,10736.0,4.6,1.0,2018-12-30T14:15:00Z,30 Dec 14:15,0.0,0.0,45,0.0,0.0,13,0,0.0,0,0,1.0,0,20,0,43108,3.0,1.0,0.0,3,1,0.0,1,7057,11101,4044,52,True,0.0,0,,,,,,3,221
96,0,29.0,0.0,0.0,0,2,1,1.0,19.0,2.7,1.0,0.0,343,0.0,0.0,204,1.0,0,0,0.8,11304.0,5.0,0.0,2019-01-02T19:45:00Z,02 Jan 19:45,0.0,0.0,90,1.0,0.0,6,0,0.0,0,0,8.0,0,21,0,43915,5.0,0.0,0.0,0,0,0.0,3,752,7210,6458,52,False,0.0,0,,,,,,3,221
97,0,12.0,0.0,0.0,0,13,0,4.0,7.0,12.2,3.0,0.0,343,0.0,0.0,217,0.0,1,0,2.6,11874.0,11.6,1.0,2019-01-12T15:00:00Z,12 Jan 15:00,0.0,0.0,90,1.0,0.0,11,0,0.0,0,0,4.0,0,22,0,73814,1.0,1.0,0.0,2,1,2.0,2,28319,39543,11224,52,False,0.0,0,,,,,,3,221
98,0,16.0,0.0,0.0,0,-6,1,1.0,13.0,4.0,1.0,0.0,343,0.0,0.0,228,3.0,0,0,1.1,12448.0,0.0,0.0,2019-01-19T15:00:00Z,19 Jan 15:00,0.0,0.0,85,1.0,0.0,8,0,0.0,0,0,2.0,0,23,0,99246,4.0,0.0,2.0,1,2,12.0,2,24033,41172,17139,52,True,0.0,1,,,,,,3,221
99,0,23.0,0.0,0.0,0,2,0,0.0,13.0,13.6,2.0,0.0,343,0.0,0.0,239,0.0,1,0,2.2,13027.0,3.6,1.0,2019-01-30T19:45:00Z,30 Jan 19:45,0.0,0.0,90,2.0,0.0,7,0,0.0,0,0,2.0,0,24,0,107635,4.0,0.0,1.0,1,1,5.0,2,8455,18682,10227,52,True,0.0,0,,,,,,3,221
100,0,27.0,0.0,0.0,3,27,1,0.0,22.0,34.5,5.0,0.0,343,0.0,0.0,242,2.0,0,1,9.2,13656.0,46.0,3.0,2019-02-02T15:00:00Z,02 Feb 15:00,0.0,0.0,86,0.0,0.0,4,0,0.0,0,0,1.0,0,25,0,98125,5.0,1.0,0.0,1,1,11.0,11,-7558,4117,11675,53,False,0.0,0,,,,,,3,221
101,0,38.0,0.0,0.0,0,4,0,0.0,26.0,4.7,7.0,0.0,343,0.0,0.0,257,1.0,2,0,4.9,14264.0,11.8,0.0,2019-02-09T15:00:00Z,09 Feb 15:00,0.0,0.0,90,0.0,0.0,5,0,0.0,0,0,5.0,0,26,0,160387,5.0,0.0,1.0,2,1,32.0,1,57621,63043,5422,53,True,0.0,1,,,,,,3,221
102,0,15.0,0.0,1.0,0,1,0,1.0,11.0,26.7,0.0,0.0,343,0.0,0.0,261,2.0,2,0,5.8,14773.0,8.4,2.0,2019-02-24T14:05:00Z,24 Feb 14:05,0.0,0.0,90,1.0,1.0,1,0,0.0,0,0,3.0,0,27,0,150392,3.0,0.0,0.0,0,2,23.0,2,-5439,12275,17714,53,False,0.0,0,,,,,,3,221
103,1,31.0,0.0,0.0,0,13,1,0.0,24.0,26.2,1.0,0.0,343,0.0,0.0,280,1.0,0,0,6.6,15348.0,6.6,2.0,2019-02-27T19:45:00Z,27 Feb 19:45,0.0,0.0,90,1.0,0.0,9,0,0.0,0,0,4.0,0,28,0,163780,3.0,0.0,3.0,0,2,33.0,6,9078,17353,8275,53,True,0.0,0,,,,,,3,221
104,0,36.0,0.0,0.0,0,9,0,0.0,24.0,33.1,1.0,0.0,343,0.0,0.0,286,1.0,3,0,5.7,15953.0,14.6,2.0,2019-03-02T15:00:00Z,02 Mar 15:00,0.0,0.0,90,0.0,2.0,14,0,0.0,0,0,12.0,0,29,0,148213,4.0,0.0,1.0,2,3,9.0,2,-14831,5390,20221,53,False,0.0,0,,,,,,3,221
105,0,22.0,0.0,2.0,0,-4,0,3.0,16.0,4.8,5.0,0.0,343,0.0,0.0,300,0.0,1,0,3.5,16559.0,6.4,0.0,2019-03-09T15:00:00Z,09 Mar 15:00,0.0,0.0,90,0.0,0.0,17,0,0.0,0,0,4.0,0,30,0,138648,7.0,1.0,3.0,1,2,24.0,1,-9855,5719,15574,53,True,0.0,1,,,,,,3,221
106,1,22.0,1.0,0.0,0,18,1,2.0,16.0,14.7,1.0,0.0,343,0.0,0.0,312,0.0,0,0,6.8,17621.0,24.6,1.0,2019-03-30T15:00:00Z,30 Mar 15:00,0.0,0.0,88,0.0,0.0,3,0,0.0,0,0,5.0,0,32,0,111677,3.0,0.0,1.0,1,0,29.0,6,-9849,3297,13146,53,False,0.0,0,,,,,,3,221
107,0,34.0,0.0,0.0,0,8,0,0.0,22.0,4.3,2.0,0.0,343,0.0,0.0,327,0.0,3,0,2.2,18269.0,5.8,0.0,2019-04-05T19:00:00Z,05 Apr 20:00,0.0,0.0,90,1.0,0.0,12,0,0.0,0,0,5.0,0,33,0,123307,2.0,1.0,0.0,3,1,12.0,2,7678,11140,3462,53,True,0.0,0,,,,,,3,221
108,0,22.0,0.0,0.0,3,47,0,3.0,17.0,4.6,4.0,0.0,343,0.0,0.0,338,1.0,1,2,16.1,18794.0,81.4,0.0,2019-04-13T14:00:00Z,13 Apr 15:00,0.0,0.0,90,0.0,0.0,20,0,0.0,0,0,5.0,0,34,0,131924,3.0,0.0,0.0,1,3,75.0,15,8997,23880,14883,53,True,1.0,0,,,,,,3,221
109,0,25.0,0.0,0.0,0,4,0,2.0,23.0,38.0,3.0,0.0,343,0.0,0.0,348,0.0,3,0,7.5,19529.0,11.8,3.0,2019-04-20T16:30:00Z,20 Apr 17:30,0.0,0.0,90,0.0,0.0,15,0,0.0,0,0,4.0,0,35,0,304503,9.0,0.0,1.0,1,3,25.0,2,159633,166375,6742,54,False,0.0,0,,,,,,3,221
110,0,32.0,1.0,1.0,0,10,0,2.0,25.0,31.6,1.0,0.0,343,0.0,0.0,308,0.0,1,0,13.3,19528.0,23.8,2.0,2019-04-23T18:45:00Z,23 Apr 19:45,0.0,0.0,90,2.0,2.0,18,0,0.0,0,0,9.0,0,35,0,304503,5.0,0.0,0.0,1,1,78.0,2,159633,166375,6742,54,False,0.0,0,,,,,,3,221
111,1,27.0,1.0,1.0,0,15,0,2.0,24.0,14.7,2.0,0.0,343,0.0,0.0,358,0.0,3,0,8.0,20279.0,20.8,1.0,2019-04-27T14:00:00Z,27 Apr 15:00,0.0,0.0,90,0.0,0.0,2,0,0.0,0,0,3.0,0,36,0,306094,3.0,1.0,4.0,3,3,44.0,5,13278,30986,17708,54,True,0.0,0,,,,,,3,221
112,0,19.0,0.0,0.0,0,-1,0,0.0,12.0,5.8,0.0,0.0,343,0.0,0.0,369,0.0,2,0,8.1,20894.0,1.8,0.0,2019-05-04T14:00:00Z,04 May 15:00,0.0,0.0,45,1.0,0.0,19,0,0.0,0,0,2.0,0,37,0,319429,2.0,0.0,1.0,0,3,73.0,1,13338,30669,17331,54,False,0.0,0,,,,,,3,221
113,0,42.0,1.0,0.0,3,38,0,0.0,33.0,74.8,7.0,0.0,343,0.0,0.0,378,2.0,1,1,15.8,21510.0,60.4,6.0,2019-05-12T14:00:00Z,12 May 15:00,0.0,0.0,90,0.0,2.0,10,0,0.0,0,0,7.0,0,38,0,441356,6.0,0.0,0.0,1,1,23.0,10,115696,129572,13876,55,True,0.0,0,,,,,,3,221
114,0,,,,0,7,0,,,3.1,,,320,,,3,,3,0,3.5,,2.4,,2019-08-10T14:00:00Z,,,,90,,,5,0,,0,0,,0,1,0,131545,,,,0,3,29.0,2,0,0,0,65,False,,0,,,,,,3,221
115,0,,,,0,6,0,,,22.9,,,320,,,19,,2,0,3.9,,4.6,,2019-08-17T14:00:00Z,,,,90,,,10,0,,0,0,,0,2,0,119174,,,,2,1,11.0,2,-17182,2549,19731,65,True,,0,,,,,,3,221
116,0,,,,2,31,1,,,23.5,,,320,,,23,,0,1,11.1,,46.2,,2019-08-24T14:00:00Z,,,,90,,,4,0,,0,0,,0,3,0,104328,,,,2,0,41.0,10,-16680,3129,19809,64,False,,0,,,,,,3,221
117,0,,,,0,0,0,,,0.0,,,320,,,39,,0,0,0.0,,0.0,,2019-08-31T11:30:00Z,,,,0,,,12,0,,0,0,,0,4,0,87893,,,,1,1,0.0,0,-18769,12843,31612,64,True,,0,,,,,,3,221
118,0,,,,0,0,0,,,0.0,,,320,,,47,,0,0,0.0,,0.0,,2019-09-14T14:00:00Z,,,,0,,,15,0,,0,0,,0,5,0,58555,,,,1,0,0.0,0,-29175,197,29372,63,False,,0,,,,,,3,221
119,0,,,,0,9,0,,,40.4,,,320,,,59,,2,0,9.1,,14.4,,2019-09-20T19:00:00Z,,,,87,,,3,0,,0,0,,0,6,0,52092,,,,3,1,36.0,2,-7374,735,8109,63,True,,0,,,,,,3,221
120,0,,,,0,6,0,,,18.8,,,320,,,69,,2,0,7.1,,1.2,,2019-09-28T14:00:00Z,,,,90,,,17,0,,0,0,,0,7,0,51802,,,,1,2,51.0,2,-966,2450,3416,63,False,,0,,,,,,3,221
121,0,,,,0,6,0,,,2.3,,,320,,,78,,3,0,1.2,,0.4,,2019-10-06T13:00:00Z,,,,80,,,6,0,,0,0,,0,8,0,51030,,,,4,1,9.0,2,-1083,1803,2886,63,True,,0,,,,,,3,221
122,0,,,,0,11,0,,,5.0,,,320,,,90,,1,0,3.8,,4.6,,2019-10-19T14:00:00Z,,,,90,,,20,0,,0,0,,0,9,0,50468,,,,1,1,28.0,2,-1036,1683,2719,63,False,,0,,,,,,3,221
123,0,,,,0,11,0,,,2.6,,,320,,,98,,9,0,4.3,,11.0,,2019-10-25T19:00:00Z,,,,90,,,9,0,,0,0,,0,10,0,50003,,,,9,0,29.0,2,-824,1294,2118,63,True,,0,,,,,,3,221
124,0,,,,0,15,0,,,23.5,,,320,,,107,,2,0,3.6,,10.0,,2019-11-02T15:00:00Z,,,,90,,,11,0,,0,0,,0,11,0,45982,,,,1,2,2.0,2,-4051,297,4348,63,False,,0,,,,,,3,221
125,0,,,,0,6,0,,,3.4,,,320,,,118,,2,0,0.9,,3.4,,2019-11-09T15:00:00Z,,,,80,,,8,0,,0,0,,0,12,0,46246,,,,2,1,2.0,2,-171,1549,1720,62,True,,0,,,,,,3,221
126,0,,,,0,10,0,,,23.3,,,320,,,121,,2,0,7.0,,16.8,,2019-11-23T15:00:00Z,,,,90,,,1,0,,0,0,,0,13,0,44771,,,,2,2,30.0,2,-1530,1037,2567,62,False,,0,,,,,,3,221
127,0,,,,0,-1,0,,,3.4,,,320,,,138,,1,0,2.2,,1.2,,2019-11-30T17:30:00Z,,,,56,,,18,0,,0,0,,0,14,0,45776,,,,1,2,17.0,0,725,2214,1489,62,True,,1,,,,,,3,221
128,0,,,,0,9,0,,,13.7,,,320,,,150,,1,0,7.5,,15.0,,2019-12-04T19:30:00Z,,,,90,,,14,0,,0,0,,0,15,0,44568,,,,1,2,46.0,2,-1254,698,1952,62,True,,0,,,,,,3,221
129,0,,,,0,17,0,,,3.4,,,320,,,156,,2,0,6.2,,24.4,,2019-12-08T14:00:00Z,,,,90,,,13,0,,0,0,,0,16,0,43487,,,,1,2,34.0,2,-1168,643,1811,62,False,,0,,,,,,3,221
130,0,,,,0,0,0,,,1.8,,,320,,,169,,1,0,0.1,,0.0,,2019-12-14T17:30:00Z,,,,45,,,19,0,,0,0,,0,17,0,42645,,,,1,0,0.0,1,-970,794,1764,62,True,,0,,,,,,3,221
131,0,,,,0,6,0,,,28.6,,,320,,,171,,1,0,4.5,,6.6,,2019-12-21T15:00:00Z,,,,90,,,2,0,,0,0,,0,18,0,41899,,,,3,1,10.0,2,-939,662,1601,62,False,,0,,,,,,3,221
132,0,,,,0,22,1,,,1.0,,,320,,,183,,0,1,7.9,,39.6,,2019-12-26T15:00:00Z,,,,90,,,6,0,,0,0,,0,19,0,41176,,,,2,0,38.0,8,-743,460,1203,62,False,,0,,,,,,3,221
133,0,,,,0,10,0,,,12.7,,,320,,,198,,1,0,2.8,,7.0,,2019-12-28T15:00:00Z,,,,90,,,7,0,,0,0,,0,20,0,47981,,,,1,1,8.0,2,6122,6807,685,62,True,,0,,,,,,3,221
134,0,,,,0,7,1,,,27.0,,,320,,,208,,0,0,10.4,,18.2,,2020-01-01T15:00:00Z,,,,90,,,17,0,,0,0,,0,21,0,46898,,,,0,1,59.0,3,-933,2156,3089,62,True,,0,,,,,,3,221
135,0,,,,0,13,0,,,33.5,,,320,,,216,,1,0,5.4,,16.8,,2020-01-11T15:00:00Z,,,,90,,,9,0,,0,0,,0,22,0,46276,,,,2,1,4.0,2,-845,1860,2705,62,False,,0,,,,,,3,221
136,0,,,,0,14,0,,,30.3,,,320,,,228,,3,0,4.6,,12.4,,2020-01-18T15:00:00Z,,,,77,,,20,0,,0,0,,0,23,0,47424,,,,3,2,3.0,2,848,3009,2161,62,True,,0,,,,,,3,221
137,1,,,,3,49,1,,,40.0,,,320,,,239,,0,1,13.5,,69.4,,2020-01-21T19:30:00Z,,,,90,,,7,0,,0,0,,0,24,0,47176,,,,2,0,26.0,13,-255,1711,1966,62,False,,1,,,,,,3,221
138,0,,,,0,5,0,,,15.7,,,320,,,245,,4,0,3.6,,0.8,,2020-02-01T15:00:00Z,,,,90,,,10,0,,0,0,,0,25,0,59874,,,,0,4,19.0,2,11475,16011,4536,62,False,,0,,,,,,3,221
139,0,,,,0,0,0,,,0.0,,,320,,,259,,0,0,0.0,,0.0,,2020-02-15T12:30:00Z,,,,0,,,5,0,,0,0,,0,26,0,84305,,,,2,1,0.0,0,23979,27831,3852,62,True,,0,,,,,,3,221
140,0,,,,0,0,0,,,0.0,,,320,,,269,,0,0,0.0,,0.0,,2020-02-22T15:00:00Z,,,,0,,,2,0,,0,0,,0,27,0,57939,,,,0,2,0.0,0,-25771,2729,28500,62,True,,0,,,,,,3,221
141,0,,,,0,0,0,,,0.0,,,320,,,280,,0,0,0.0,,0.0,,2020-02-29T15:00:00Z,,,,0,,,19,0,,0,0,,0,28,0,47407,,,,1,3,0.0,0,-10191,81,10272,62,False,,0,,,,,,3,221
142,0,,,,0,0,0,,,0.0,,,320,,,289,,0,0,0.0,,0.0,,2020-03-07T15:00:00Z,,,,0,,,13,0,,0,0,,0,29,0,43840,,,,1,0,0.0,0,-4263,27,4290,62,True,,0,,,,,,3,221
143,0,,,,1,31,1,,,23.0,,,320,,,297,,0,1,11.3,,47.0,,2020-06-19T17:00:00Z,,,,88,,,14,0,,0,0,,0,39,0,43946,,,,3,0,43.0,9,881,3376,2495,62,False,,0,,,,,,3,221
144,0,,,,0,9,0,,,5.5,,,320,,,308,,2,0,1.7,,5.6,,2020-06-25T17:00:00Z,,,,90,,,1,0,,0,0,,0,40,0,49420,,,,2,0,6.0,2,4422,5574,1152,62,True,,0,,,,,,3,221
145,0,,,,0,13,0,,,8.8,,,320,,,319,,1,0,3.5,,9.8,,2020-06-28T15:30:00Z,,,,90,,,18,0,,0,0,,0,41,0,51314,,,,3,1,16.0,2,1807,3242,1435,62,False,,0,,,,,,3,221
146,0,,,,0,5,1,,,15.7,,,320,,,328,,0,0,5.7,,11.6,,2020-07-05T18:00:00Z,,,,90,,,11,0,,0,0,,0,42,0,50047,,,,0,1,30.0,3,-1106,2173,3279,62,True,,0,,,,,,3,221
147,0,,,,0,9,0,,,15.8,,,320,,,336,,1,0,2.5,,1.0,,2020-07-09T17:00:00Z,,,,90,,,8,0,,0,0,,0,43,0,50275,,,,1,1,8.0,2,3,1489,1486,62,False,,0,,,,,,3,221
148,1,,,,0,25,0,,,31.6,,,320,,,345,,2,0,9.2,,36.4,,2020-07-13T19:00:00Z,,,,90,,,12,0,,0,0,,0,44,0,49868,,,,2,2,24.0,5,-482,1301,1783,62,False,,0,,,,,,3,221
149,1,,,,2,25,0,,,26.8,,,320,,,359,,1,0,8.1,,30.6,,2020-07-16T19:15:00Z,,,,90,,,4,0,,0,0,,0,45,0,54948,,,,1,1,24.0,7,4305,5426,1121,62,True,,0,,,,,,3,221
150,1,,,,0,11,1,,,26.1,,,320,,,362,,0,0,9.2,,31.4,,2020-07-19T13:00:00Z,,,,90,,,3,0,,0,0,,0,46,0,71800,,,,2,0,34.0,6,14339,15777,1438,62,False,,0,,,,,,3,221
151,0,,,,0,15,0,,,5.9,,,320,,,379,,1,0,5.8,,17.4,,2020-07-26T15:00:00Z,,,,90,,,15,0,,0,0,,0,47,0,74053,,,,1,3,35.0,2,4301,9452,5151,62,True,,0,,,,,,3,221
152,0,,,,0,5,0,,,7.2,,,365,,,1,,1,0,3.7,,7.2,,2020-09-12T14:00:00Z,,,,90,,,6,0,,0,0,,0,1,0,54083,,,,0,1,23.0,2,0,0,0,65,False,,0,,,,,,3,221
153,0,,,,0,0,0,,,0.0,,,365,,,17,,0,0,0.0,,0.0,,2020-09-20T11:00:00Z,,,,0,,,17,0,,0,0,,0,2,0,39617,,,,5,2,0.0,0,-18613,1322,19935,65,True,,0,,,,,,3,221
154,0,,,,0,0,0,,,0.0,,,365,,,20,,0,0,0.0,,0.0,,2020-09-26T19:00:00Z,,,,0,,,4,0,,0,0,,0,3,0,20292,,,,1,0,0.0,0,-19857,9744,29601,64,False,,0,,,,,,3,221
155,0,,,,0,2,0,,,1.6,,,365,,,37,,0,0,1.1,,5.8,,2020-10-04T11:00:00Z,,,,35,,,18,0,,0,0,,0,4,0,16700,,,,0,2,4.0,1,-4342,616,4958,64,True,,0,,,,,,3,221
156,0,,,,0,5,0,,,4.4,,,365,,,39,,3,0,1.4,,1.4,,2020-10-17T14:00:00Z,,,,76,,,5,0,,0,0,,0,5,0,16121,,,,3,3,8.0,2,-1092,853,1945,64,False,,0,,,,,,3,221
157,0,,,,0,8,1,,,19.2,,,365,,,56,,0,0,4.3,,8.0,,2020-10-25T14:00:00Z,,,,90,,,7,0,,0,0,,0,6,0,15953,,,,0,2,16.0,3,-429,712,1141,64,True,,0,,,,,,3,221
158,0,,,,0,0,0,,,0.0,,,365,,,59,,0,0,0.0,,0.0,,2020-11-01T12:00:00Z,,,,0,,,2,0,,0,0,,0,7,0,16928,,,,4,3,0.0,0,642,1574,932,64,False,,0,,,,,,3,221
159,0,,,,0,4,0,,,10.8,,,365,,,76,,0,0,1.3,,2.2,,2020-11-06T20:00:00Z,,,,16,,,14,0,,0,0,,0,8,0,16722,,,,0,2,0.0,1,-410,1214,1624,64,True,,0,,,,,,3,221
160,0,,,,0,0,0,,,0.0,,,365,,,88,,0,0,0.0,,0.0,,2020-11-23T20:00:00Z,,,,0,,,20,0,,0,0,,0,9,0,16078,,,,1,1,0.0,0,-799,842,1641,64,False,,0,,,,,,3,221
161,0,,,,0,0,0,,,0.0,,,365,,,96,,0,0,0.0,,0.0,,2020-11-29T14:00:00Z,,,,0,,,13,0,,0,0,,0,10,0,14758,,,,3,2,0.0,0,-1368,277,1645,64,True,,0,,,,,,3,221
162,0,,,,0,0,0,,,1.4,,,365,,,100,,0,0,0.5,,0.0,,2020-12-07T20:00:00Z,,,,21,,,3,0,,0,0,,0,11,0,13418,,,,2,1,4.0,1,-1330,35,1365,64,False,,0,,,,,,3,221
163,0,,,,0,21,0,,,0.5,,,365,,,117,,0,1,5.1,,33.6,,2020-12-13T12:00:00Z,,,,10,,,15,0,,0,0,,0,12,0,13740,,,,0,3,17.0,6,155,648,493,64,True,,0,,,,,,3,221
164,0,,,,0,0,0,,,3.9,,,365,,,119,,0,0,1.4,,0.0,,2020-12-16T18:00:00Z,,,,27,,,1,0,,0,0,,0,13,0,15569,,,,1,1,10.0,1,1684,2124,440,64,False,,0,,,,,,3,221
165,0,,,,0,7,0,,,3.4,,,365,,,136,,0,0,2.1,,8.6,,2020-12-19T15:00:00Z,,,,31,,,12,0,,0,0,,0,14,0,15891,,,,1,0,9.0,1,262,1128,866,64,True,,0,,,,,,3,221
166,0,,,,0,0,0,,,0.0,,,365,,,141,,0,0,0.0,,0.0,,2020-12-26T15:00:00Z,,,,0,,,8,0,,0,0,,0,15,0,14986,,,,0,0,0.0,0,-969,789,1758,64,False,,0,,,,,,3,221
167,0,,,,0,0,0,,,0.0,,,365,,,156,,0,0,0.0,,0.0,,2020-12-29T18:00:00Z,,,,0,,,19,0,,0,0,,0,16,0,14135,,,,0,0,0.0,0,-875,26,901,64,True,,0,,,,,,3,221
168,0,,,,0,0,0,,,0.0,,,365,,,166,,0,0,0.0,,0.0,,2021-01-04T20:00:00Z,,,,0,,,11,0,,0,0,,0,17,0,13434,,,,0,1,0.0,0,-716,22,738,64,True,,0,,,,,,3,221
169,0,,,,0,0,0,,,0.0,,,365,,,183,,0,0,0.0,,0.0,,2021-01-16T20:00:00Z,,,,0,,,9,0,,0,0,,0,19,0,12582,,,,0,2,0.0,0,-264,23,287,64,False,,0,,,,,,3,221
170,0,,,,0,4,0,,,1.2,,,365,,,197,,1,0,0.3,,2.2,,2021-01-26T20:15:00Z,,,,23,,,1,0,,0,0,,0,20,0,12322,,,,3,1,0.0,1,-294,77,371,64,True,,0,,,,,,3,221
171,0,,,,0,7,0,,,24.1,,,365,,,206,,1,0,8.8,,6.0,,2021-01-30T20:00:00Z,,,,90,,,2,0,,0,0,,0,21,0,12356,,,,1,0,58.0,2,-20,110,130,64,True,,0,,,,,,3,221
172,0,,,,0,9,0,,,10.3,,,365,,,213,,4,0,1.6,,4.0,,2021-02-02T20:15:00Z,,,,20,,,13,0,,0,0,,0,22,0,12466,,,,0,9,2.0,1,51,205,154,64,False,,0,,,,,,3,221
173,0,,,,0,16,0,,,28.3,,,365,,,225,,3,0,6.1,,17.0,,2021-02-06T15:00:00Z,,,,90,,,14,0,,0,0,,0,23,0,12623,,,,2,3,16.0,2,67,315,248,64,False,,0,,,,,,3,221
174,0,,,,0,11,0,,,27.8,,,365,,,236,,2,0,7.0,,13.4,,2021-02-14T12:00:00Z,,,,90,,,20,0,,0,0,,0,24,0,12711,,,,2,1,29.0,2,-9,334,343,64,True,,0,,,,,,3,221
175,1,,,,0,13,0,,,15.3,,,365,,,246,,1,0,3.2,,16.2,,2021-02-20T12:30:00Z,,,,90,,,5,0,,0,0,,0,25,0,14448,,,,1,1,0.0,5,1532,1962,430,64,True,,0,,,,,,3,221
176,0,,,,0,6,0,,,1.5,,,365,,,172,,1,0,2.4,,5.2,,2021-02-23T18:00:00Z,,,,57,,,10,0,,0,0,,0,25,0,14448,,,,0,3,17.0,1,1532,1962,430,64,False,,0,,,,,,3,221
177,0,,,,0,4,0,,,4.2,,,365,,,251,,1,0,1.0,,0.0,,2021-03-01T20:00:00Z,,,,87,,,7,0,,0,0,,0,26,0,13670,,,,0,1,7.0,2,-749,588,1337,64,False,,0,,,,,,3,221
178,0,,,,0,2,0,,,0.5,,,365,,,265,,0,0,2.7,,3.0,,2021-03-06T15:00:00Z,,,,13,,,15,0,,0,0,,0,27,0,18416,,,,2,0,23.0,1,4390,5045,655,64,False,,0,,,,,,3,221
179,0,,,,0,13,0,,,12.0,,,365,,,325,,5,0,4.6,,12.6,,2021-03-10T18:00:00Z,,,,90,,,12,0,,0,0,,0,27,0,18416,,,,2,5,21.0,2,4390,5045,655,64,False,,0,,,,,,3,221
180,0,,,,0,0,0,,,1.8,,,365,,,277,,0,0,0.9,,4.8,,2021-03-14T12:00:00Z,,,,25,,,3,0,,0,0,,0,28,0,16832,,,,2,1,2.0,1,-1527,615,2142,64,True,,0,,,,,,3,221
181,1,,,,3,43,0,,,42.5,,,365,,,297,,2,1,17.7,,62.6,,2021-04-04T11:00:00Z,,,,90,,,4,0,,0,0,,0,30,0,16487,,,,2,3,72.0,13,707,1451,744,64,True,,0,,,,,,3,221
182,0,,,,0,8,0,,,16.9,,,365,,,307,,3,0,3.3,,1.6,,2021-04-12T17:00:00Z,,,,90,,,18,0,,0,0,,0,31,0,21074,,,,0,3,14.0,2,4384,5136,752,64,False,,0,,,,,,3,221
183,0,,,,0,3,0,,,0.0,,,365,,,286,,1,0,0.4,,4.0,,2021-04-21T17:00:00Z,,,,6,,,17,0,,0,0,,0,32,0,19801,,,,1,2,0.0,1,-1356,1530,2886,64,False,,0,,,,,,3,221
184,0,,,,0,1,0,,,0.8,,,365,,,336,,1,0,1.6,,5.8,,2021-04-30T19:00:00Z,,,,90,,,9,0,,0,0,,0,34,0,19260,,,,1,1,9.0,2,616,1447,831,64,True,,0,,,,,,3,221
185,0,,,,0,12,0,,,28.5,,,365,,,344,,2,0,5.9,,12.6,,2021-05-08T19:15:00Z,,,,90,,,11,0,,0,0,,0,35,0,19924,,,,0,2,18.0,1,574,1853,1279,64,False,,1,,,,,,3,221
186,1,,,,0,19,0,,,37.5,,,365,,,317,,1,0,10.0,,26.8,,2021-05-11T19:15:00Z,,,,90,,,6,0,,0,0,,0,35,0,19924,,,,1,3,36.0,5,574,1853,1279,64,True,,0,,,,,,3,221
187,0,,,,0,4,0,,,14.0,,,365,,,357,,1,0,5.7,,10.2,,2021-05-15T14:00:00Z,,,,90,,,8,0,,0,0,,0,36,0,22646,,,,1,3,33.0,2,2523,3408,885,64,True,,0,,,,,,3,221
188,0,,,,0,-2,0,,,0.4,,,365,,,366,,2,0,1.3,,0.0,,2021-05-18T17:00:00Z,,,,20,,,10,0,,0,0,,0,37,0,21056,,,,2,0,15.0,1,-1392,562,1954,64,True,,0,,,,,,3,221
189,0,,,,0,18,0,,,80.4,,,365,,,377,,3,0,11.7,,22.2,,2021-05-23T15:00:00Z,,,,90,,,19,0,,0,0,,0,38,0,19852,,,,0,3,14.0,2,-1218,390,1608,64,False,,0,,,,,,3,221
190,0,,,,0,4,0,,,1.4,,,336,,,4,,0,0,0.6,,2.6,,2021-08-14T14:00:00Z,,,,7,,,8,0,,0,0,,0,1,0,8313,,,,1,3,2.0,1,0,0,0,60,False,,0,,,,,,3,221
191,0,,,,0,0,0,,,0.0,,,336,,,19,,0,0,0.0,,0.0,,2021-08-22T13:00:00Z,,,,0,,,13,0,,0,0,,0,2,0,8321,,,,1,1,0.0,0,-1388,253,1641,60,True,,0,,,,,,3,221
192,0,,,,0,4,0,,,23.3,,,336,,,25,,1,0,3.2,,8.2,,2021-08-28T14:00:00Z,,,,32,,,14,0,,0,0,,0,3,0,7685,,,,2,2,0.0,1,-1164,403,1567,59,False,,0,,,,,,3,221
193,0,,,,0,9,1,,,12.8,,,336,,,39,,0,0,4.4,,6.8,,2021-09-11T14:00:00Z,,,,90,,,19,0,,0,0,,0,4,0,7325,,,,0,0,24.0,3,-892,403,1295,59,True,,0,,,,,,3,221
194,0,,,,0,18,1,,,23.9,,,336,,,45,,0,0,5.5,,14.8,,2021-09-18T14:00:00Z,,,,90,,,12,0,,0,0,,0,5,0,7400,,,,0,0,16.0,3,-338,347,685,59,False,,0,,,,,,3,221
195,0,,,,0,7,0,,,23.0,,,336,,,59,,1,0,4.1,,6.4,,2021-09-26T13:00:00Z,,,,63,,,20,0,,0,0,,0,6,0,7945,,,,1,0,12.0,2,139,802,663,59,True,,0,,,,,,3,221
196,0,,,,0,9,0,,,3.7,,,336,,,63,,2,0,1.6,,6.4,,2021-10-02T14:00:00Z,,,,86,,,6,0,,0,0,,0,7,0,7987,,,,1,3,6.0,2,-138,567,705,59,False,,0,,,,,,3,221
197,1,,,,3,30,1,,,85.4,,,336,,,79,,0,0,15.1,,37.0,,2021-10-16T14:00:00Z,,,,90,,,10,0,,0,0,,0,8,0,9676,,,,0,1,29.0,9,1263,2097,834,59,True,,0,,,,,,3,221
198,1,,,,0,22,0,,,48.3,,,336,,,89,,2,0,12.3,,28.2,,2021-10-23T14:00:00Z,,,,88,,,5,0,,0,0,,0,9,0,22299,,,,2,2,46.0,5,10899,12771,1872,59,True,,0,,,,,,3,221
199,0,,,,0,11,1,,,30.3,,,336,,,99,,0,0,6.1,,12.8,,2021-10-30T14:00:00Z,,,,90,,,18,0,,0,0,,0,10,0,29183,,,,1,0,18.0,3,6779,10572,3793,59,False,,0,,,,,,3,221
200,0,,,,0,0,0,,,0.0,,,336,,,109,,0,0,0.0,,0.0,,2021-11-05T20:00:00Z,,,,0,,,2,0,,0,0,,0,11,0,33302,,,,0,1,0.0,0,3396,8040,4644,59,True,,0,,,,,,3,221
201,0,,,,0,0,0,,,0.0,,,336,,,117,,0,0,0.0,,0.0,,2021-11-20T15:00:00Z,,,,0,,,15,0,,0,0,,0,12,0,24704,,,,1,2,0.0,0,-8325,1335,9660,59,False,,0,,,,,,3,221
202,0,,,,0,3,0,,,0.8,,,336,,,128,,1,0,0.6,,3.6,,2021-11-27T15:00:00Z,,,,45,,,11,0,,0,0,,0,13,0,20022,,,,0,4,2.0,1,-4877,622,5499,59,False,,0,,,,,,3,221
203,1,,,,0,21,0,,,33.5,,,336,,,139,,2,0,7.8,,24.2,,2021-12-01T19:30:00Z,,,,90,,,9,0,,0,0,,0,14,0,19084,,,,2,2,20.0,5,-1148,1283,2431,59,True,,0,,,,,,3,221
204,1,,,,1,21,0,,,27.5,,,336,,,146,,1,0,5.7,,25.4,,2021-12-04T15:00:00Z,,,,90,,,4,0,,0,0,,0,15,0,20411,,,,1,1,4.0,6,1080,3288,2208,59,True,,0,,,,,,3,221
205,0,,,,0,7,0,,,12.0,,,336,,,151,,3,0,5.1,,9.8,,2021-12-11T15:00:00Z,,,,90,,,1,0,,0,0,,0,16,0,22452,,,,0,3,29.0,2,1687,4557,2870,59,False,,0,,,,,,3,221
206,0,,,,0,5,0,,,9.1,,,336,,,165,,2,0,2.0,,5.0,,2021-12-15T19:30:00Z,,,,90,,,7,0,,0,0,,0,17,0,20015,,,,2,2,6.0,2,-2431,897,3328,59,False,,0,,,,,,3,221
207,0,,,,0,16,0,,,29.1,,,336,,,189,,2,0,6.2,,19.0,,2021-12-26T15:00:00Z,,,,90,,,19,0,,0,0,,0,19,0,18154,,,,3,2,14.0,2,-307,1274,1581,59,False,,0,,,,,,3,221
208,0,,,,0,3,0,,,0.3,,,336,,,199,,0,0,0.1,,0.2,,2021-12-28T15:00:00Z,,,,7,,,17,0,,0,0,,0,20,0,18057,,,,1,1,0.0,1,-169,800,969,59,True,,0,,,,,,3,221
209,0,,,,0,5,0,,,18.3,,,336,,,176,,1,0,2.6,,3.6,,2022-01-11T19:45:00Z,,,,64,,,3,0,,0,0,,0,21,0,16974,,,,1,4,4.0,2,-1128,714,1842,59,True,,0,,,,,,3,221
210,1,,,,0,22,0,,,17.6,,,336,,,220,,3,0,3.1,,5.6,,2022-01-15T15:00:00Z,,,,90,,,20,0,,0,0,,0,22,0,16552,,,,1,3,8.0,5,-403,1014,1417,59,False,,0,,,,,,3,221
211,1,,,,0,11,0,,,11.0,,,336,,,229,,0,0,2.8,,17.2,,2022-01-22T17:30:00Z,,,,45,,,12,0,,0,0,,0,23,0,16138,,,,1,1,0.0,4,-663,305,968,59,True,,0,,,,,,3,221
212,0,,,,0,0,0,,,0.0,,,336,,,240,,0,0,0.0,,0.0,,2022-02-09T19:45:00Z,,,,0,,,17,0,,0,0,,0,24,0,15964,,,,3,2,0.0,0,-351,326,677,59,False,,0,,,,,,3,221
213,0,,,,0,0,0,,,0.0,,,336,,,246,,0,0,0.0,,0.0,,2022-02-12T12:30:00Z,,,,0,,,13,0,,0,0,,0,25,0,14749,,,,1,1,0.0,0,-1186,97,1283,59,False,,0,,,,,,3,221
214,0,,,,0,0,0,,,0.0,,,336,,,258,,0,0,0.0,,0.0,,2022-02-19T15:00:00Z,,,,0,,,8,0,,0,0,,0,26,0,13587,,,,0,2,0.0,0,-1143,25,1168,59,True,,0,,,,,,3,221
215,0,,,,0,0,0,,,0.0,,,336,,,269,,0,0,0.0,,0.0,,2022-02-25T20:00:00Z,,,,0,,,15,0,,0,0,,0,27,0,14045,,,,0,2,0.0,0,138,615,477,59,True,,0,,,,,,3,221
216,0,,,,0,0,0,,,0.0,,,336,,,271,,0,0,0.0,,0.0,,2022-03-05T15:00:00Z,,,,0,,,2,0,,0,0,,0,28,0,14832,,,,0,4,0.0,0,477,1067,590,59,False,,0,,,,,,3,221
217,0,,,,0,0,0,,,0.0,,,336,,,209,,0,0,0.0,,0.0,,2022-03-10T19:30:00Z,,,,0,,,14,0,,0,0,,0,28,0,14832,,,,2,1,0.0,0,477,1067,590,59,True,,0,,,,,,3,221
218,0,,,,0,5,0,,,15.0,,,336,,,289,,0,0,3.1,,7.2,,2022-03-13T14:00:00Z,,,,16,,,18,0,,0,0,,0,29,0,13674,,,,2,1,9.0,1,-746,114,860,59,True,,0,,,,,,3,221
219,0,,,,0,0,0,,,0.0,,,336,,,305,,0,0,0.0,,0.0,,2022-04-02T14:00:00Z,,,,0,,,10,0,,0,0,,0,31,0,13360,,,,1,1,0.0,0,-235,43,278,59,False,,0,,,,,,3,221
220,0,,,,0,0,0,,,0.0,,,336,,,319,,0,0,0.0,,0.0,,2022-04-09T14:00:00Z,,,,0,,,6,0,,0,0,,0,32,0,13299,,,,6,0,0.0,0,-96,92,188,59,True,,0,,,,,,3,221
221,0,,,,0,3,0,,,0.0,,,336,,,326,,0,0,0.5,,5.0,,2022-04-16T14:00:00Z,,,,8,,,1,0,,0,0,,0,33,0,13447,,,,0,1,0.0,1,49,273,224,59,True,,0,,,,,,3,221
222,0,,,,0,8,0,,,21.9,,,336,,,292,,0,0,2.8,,4.4,,2022-04-21T18:45:00Z,,,,24,,,5,0,,0,0,,0,33,0,13447,,,,0,2,2.0,1,49,273,224,59,False,,0,,,,,,3,221
223,0,,,,0,11,0,,,23.1,,,336,,,333,,2,0,4.5,,13.6,,2022-04-24T13:00:00Z,,,,90,,,4,0,,0,0,,0,34,0,13209,,,,2,2,8.0,2,-215,78,293,59,False,,0,,,,,,3,221
224,0,,,,0,11,0,,,3.3,,,336,,,346,,2,0,1.2,,7.0,,2022-04-30T14:00:00Z,,,,90,,,7,0,,0,0,,0,35,0,13395,,,,2,1,2.0,2,122,324,202,59,True,,0,,,,,,3,221
225,0,,,,0,15,0,,,29.8,,,336,,,352,,3,0,4.2,,8.6,,2022-05-07T14:00:00Z,,,,90,,,3,0,,0,0,,0,36,0,13514,,,,0,3,4.0,2,67,425,358,59,False,,0,,,,,,3,221
226,0,,,,2,27,0,,,2.3,,,336,,,366,,2,1,7.4,,47.8,,2022-05-17T18:45:00Z,,,,90,,,11,0,,0,0,,0,37,0,13166,,,,2,1,24.0,9,-382,99,481,59,True,,0,,,,,,3,221
227,0,,,,0,5,0,,,0.0,,,336,,,377,,3,0,0.0,,0.0,,2022-05-22T15:00:00Z,,,,82,,,9,0,,0,0,,0,38,0,13856,,,,1,4,0.0,2,455,683,228,59,False,,0,,,,,,3,221
228,0,,,,0,3,0,,,0.0,,,403,,,8,,0,0,0.0,,0.0,,2022-08-06T14:00:00Z,,,,1,,,18,0,,0,0,,0,1,0,5871,,,,1,4,0.0,1,0,0,0,55,False,,0,0.0,0.0,0.0,0.02,0.0,3,221
229,0,,,,0,0,0,,,0.0,,,403,,,19,,0,0,0.0,,0.0,,2022-08-13T14:00:00Z,,,,0,,,11,0,,0,0,,0,2,0,6353,,,,2,2,0.0,0,-636,190,826,55,True,,0,0.0,0.0,0.0,0.0,0.0,3,221
230,0,,,,0,0,0,,,0.0,,,403,,,26,,0,0,0.0,,0.0,,2022-08-20T14:00:00Z,,,,0,,,10,0,,0,0,,0,3,0,5926,,,,2,1,0.0,0,-905,218,1123,54,False,,0,0.0,0.0,0.0,0.0,0.0,3,221
231,0,,,,0,0,0,,,0.0,,,403,,,39,,0,0,0.0,,0.0,,2022-08-27T11:30:00Z,,,,0,,,14,0,,0,0,,0,4,0,5352,,,,1,0,0.0,0,-800,145,945,54,True,,0,0.0,0.0,0.0,0.0,0.0,3,221
232,0,,,,0,0,0,,,0.0,,,403,,,50,,0,0,0.0,,0.0,,2022-08-30T18:45:00Z,,,,0,,,6,0,,0,0,,0,5,0,4990,,,,1,2,0.0,0,-543,87,630,53,True,,0,0.0,0.0,0.0,0.0,0.0,3,221
233,0,,,,0,0,0,,,0.0,,,403,,,60,,0,0,0.0,,0.0,,2022-09-03T14:00:00Z,,,,0,,,20,0,,0,0,,0,6,0,4884,,,,0,1,0.0,0,-336,217,553,53,False,,0,0.0,0.0,0.0,0.0,0.0,3,221
234,0,,,,0,0,0,,,0.0,,,403,,,71,,0,0,0.0,,0.0,,2022-09-16T19:00:00Z,,,,0,,,2,0,,0,0,,0,8,0,4337,,,,0,1,0.0,0,-420,0,420,53,False,,0,0.0,0.0,0.0,0.0,0.0,3,221
235,0,,,,0,0,0,,,0.0,,,403,,,89,,0,0,0.0,,0.0,,2022-10-01T14:00:00Z,,,,0,,,8,0,,0,0,,0,9,0,3806,,,,2,1,0.0,0,-563,0,563,53,True,,0,0.0,0.0,0.0,0.0,0.0,3,221
236,0,,,,0,0,0,,,0.0,,,403,,,97,,0,0,0.0,,0.0,,2022-10-08T14:00:00Z,,,,0,,,13,0,,0,0,,0,10,0,3502,,,,0,4,0.0,0,-312,0,312,53,False,,0,0.0,0.0,0.0,0.0,0.0,3,221
237,0,,,,0,0,0,,,0.0,,,403,,,108,,0,0,0.0,,0.0,,2022-10-16T13:00:00Z,,,,0,,,19,0,,0,0,,0,11,0,3368,,,,1,1,0.0,0,-138,0,138,53,True,,0,0.0,0.0,0.0,0.0,0.0,3,221
238,0,,,,0,0,0,,,0.0,,,403,,,112,,0,0,0.0,,0.0,,2022-10-19T18:30:00Z,,,,0,,,3,0,,0,0,,0,12,0,3287,,,,1,0,0.0,0,-71,0,71,53,False,,0,0.0,0.0,0.0,0.0,0.0,3,221
239,0,,,,0,0,0,,,0.0,,,403,,,127,,0,0,0.0,,0.0,,2022-10-23T13:00:00Z,,,,0,,,1,0,,0,0,,0,13,0,3230,,,,1,1,0.0,0,-69,0,69,53,True,,0,0.0,0.0,0.0,0.0,0.0,3,221
240,0,,,,0,0,0,,,0.0,,,403,,,135,,0,0,0.0,,0.0,,2022-10-29T14:00:00Z,,,,0,,,7,0,,0,0,,0,14,0,3154,,,,0,1,0.0,0,-79,0,79,53,False,,0,0.0,0.0,0.0,0.0,0.0,3,221
241,0,,,,0,0,0,,,0.0,,,403,,,147,,0,0,0.0,,0.0,,2022-11-06T14:00:00Z,,,,0,,,15,0,,0,0,,0,15,0,3088,,,,4,1,0.0,0,-61,0,61,53,True,,0,0.0,0.0,0.0,0.0,0.0,3,221
242,0,,,,0,0,0,,,0.0,,,403,,,154,,0,0,0.0,,0.0,,2022-11-12T15:00:00Z,,,,0,,,12,0,,0,0,,0,16,0,3051,,,,1,3,0.0,0,-42,0,42,53,False,,0,0.0,0.0,0.0,0.0,0.0,3,221
243,0,,,,0,0,0,,,0.0,,,403,,,170,,0,0,0.0,,0.0,,2022-12-26T15:00:00Z,,,,0,,,5,0,,0,0,,0,17,0,2985,,,,3,1,0.0,0,-66,0,66,53,True,,0,0.0,0.0,0.0,0.0,0.0,3,221
244,0,,,,0,0,0,,,0.0,,,403,,,173,,0,0,0.0,,0.0,,2022-12-31T15:00:00Z,,,,0,,,9,0,,0,0,,0,18,0,2958,,,,1,2,0.0,0,-28,0,28,53,False,,0,0.0,0.0,0.0,0.0,0.0,3,221
245,0,,,,0,0,0,,,0.0,,,403,,,190,,0,0,0.0,,0.0,,2023-01-04T19:30:00Z,,,,0,,,16,0,,0,0,,0,19,0,2947,,,,1,0,0.0,0,-11,0,11,53,True,,0,0.0,0.0,0.0,0.0,0.0,3,221
246,0,,,,0,0,0,,,0.0,,,403,,,195,,0,0,0.0,,0.0,,2023-01-14T15:00:00Z,,,,0,,,8,0,,0,0,,0,20,0,2924,,,,2,1,0.0,0,-23,0,23,53,False,,0,0.0,0.0,0.0,0.0,0.0,3,221
247,0,,,,0,0,0,,,0.0,,,403,,,209,,0,0,0.0,,0.0,,2023-01-21T15:00:00Z,,,,0,,,2,0,,0,0,,0,21,0,2912,,,,1,0,0.0,0,-12,0,12,53,True,,0,0.0,0.0,0.0,0.0,0.0,3,221
248,0,,,,0,0,0,,,0.0,,,403,,,212,,0,0,0.0,,0.0,,2023-02-04T15:00:00Z,,,,0,,,4,0,,0,0,,0,22,0,2889,,,,0,3,0.0,0,-23,0,23,53,False,,0,0.0,0.0,0.0,0.0,0.0,3,221
249,0,,,,0,0,0,,,0.0,,,403,,,229,,0,0,0.0,,0.0,,2023-02-11T15:00:00Z,,,,0,,,20,0,,0,0,,0,23,0,2880,,,,2,1,0.0,0,-9,0,9,53,True,,0,0.0,0.0,0.0,0.0,0.0,3,221
250,0,,,,0,0,0,,,0.0,,,403,,,234,,0,0,0.0,,0.0,,2023-02-18T15:00:00Z,,,,0,,,6,0,,0,0,,0,24,0,2869,,,,1,0,0.0,0,-11,0,11,53,False,,0,0.0,0.0,0.0,0.0,0.0,3,221
251,0,,,,0,0,0,,,0.0,,,403,,,245,,0,0,0.0,,0.0,,2023-02-25T15:00:00Z,,,,0,,,11,0,,0,0,,0,25,0,2863,,,,0,1,0.0,0,-7,0,7,53,False,,0,0.0,0.0,0.0,0.0,0.0,3,221
252,0,,,,0,0,0,,,0.0,,,403,,,259,,0,0,0.0,,0.0,,2023-03-04T17:30:00Z,,,,0,,,10,0,,0,0,,0,26,0,2856,,,,0,1,0.0,0,-8,0,8,53,True,,0,0.0,0.0,0.0,0.0,0.0,3,221
253,0,,,,0,0,0,,,0.0,,,403,,,267,,0,0,0.0,,0.0,,2023-03-12T14:00:00Z,,,,0,,,14,0,,0,0,,0,27,0,2845,,,,0,0,0.0,0,-10,0,10,53,False,,0,0.0,0.0,0.0,0.0,0.0,3,221
254,0,,,,0,0,0,,,0.0,,,403,,,69,,0,0,0.0,,0.0,,2023-03-15T19:30:00Z,,,,0,,,4,0,,0,0,,0,27,0,2845,,,,2,0,0.0,0,-10,0,10,53,True,,0,0.0,0.0,0.0,0.0,0.0,3,221
255,0,,,,0,0,0,,,0.0,,,403,,,279,,0,0,0.0,,0.0,,2023-03-18T15:00:00Z,,,,0,,,18,0,,0,0,,0,28,0,2838,,,,3,3,0.0,0,-7,0,7,53,True,,0,0.0,0.0,0.0,0.0,0.0,3,221
256,0,,,,0,0,0,,,0.0,,,403,,,290,,0,0,0.0,,0.0,,2023-04-02T13:00:00Z,,,,0,,,19,0,,0,0,,0,29,0,2832,,,,0,1,0.0,0,-5,0,5,53,False,,0,0.0,0.0,0.0,0.0,0.0,3,221
257,0,,,,0,0,0,,,0.0,,,403,,,298,,0,0,0.0,,0.0,,2023-04-08T16:30:00Z,,,,0,,,13,0,,0,0,,0,30,0,2828,,,,4,1,0.0,0,-6,0,6,53,True,,0,0.0,0.0,0.0,0.0,0.0,3,221
258,0,,,,0,0,0,,,0.0,,,403,,,307,,0,0,0.0,,0.0,,2023-04-15T14:00:00Z,,,,0,,,7,0,,0,0,,0,31,0,2822,,,,2,0,0.0,0,-5,0,5,53,True,,0,0.0,0.0,0.0,0.0,0.0,3,221
259,0,,,,0,0,0,,,0.0,,,403,,,311,,0,0,0.0,,0.0,,2023-04-21T19:00:00Z,,,,0,,,1,0,,0,0,,0,32,0,2820,,,,3,3,0.0,0,-3,0,3,53,False,,0,0.0,0.0,0.0,0.0,0.0,3,221
260,0,,,,0,0,0,,,0.0,,,403,,,330,,0,0,0.0,,0.0,,2023-04-27T18:45:00Z,,,,0,,,3,0,,0,0,,0,33,0,2817,,,,1,0,0.0,0,-3,0,3,53,True,,0,0.0,0.0,0.0,0.0,0.0,3,221
261,0,,,,0,0,0,,,0.0,,,403,,,340,,0,0,0.0,,0.0,,2023-04-30T13:00:00Z,,,,0,,,15,0,,0,0,,0,34,0,2815,,,,1,3,0.0,0,-1,0,1,53,False,,0,0.0,0.0,0.0,0.0,0.0,3,221
262,0,,,,0,0,0,,,0.0,,,403,,,347,,0,0,0.0,,0.0,,2023-05-08T19:00:00Z,,,,0,,,16,0,,0,0,,0,35,0,2812,,,,3,4,0.0,0,-4,0,4,53,False,,0,0.0,0.0,0.0,0.0,0.0,3,221
263,0,,,,0,0,0,,,0.0,,,403,,,360,,0,0,0.0,,0.0,,2023-05-13T14:00:00Z,,,,0,,,9,0,,0,0,,0,36,0,2805,,,,2,0,0.0,0,-7,0,7,53,True,,0,0.0,0.0,0.0,0.0,0.0,3,221
264,0,,,,0,0,0,,,0.0,,,403,,,362,,0,0,0.0,,0.0,,2023-05-21T13:00:00Z,,,,0,,,5,0,,0,0,,0,37,0,2805,,,,1,3,0.0,0,0,0,0,53,False,,0,0.0,0.0,0.0,0.0,0.0,3,221
265,0,,,,0,0,0,,,0.0,,,403,,,380,,0,0,0.0,,0.0,,2023-05-28T15:30:00Z,,,,0,,,12,0,,0,0,,0,38,0,2803,,,,4,4,0.0,0,-3,0,3,53,True,,0,0.0,0.0,0.0,0.0,0.0,3,221
266,0,,,,0,2,0,,,12.7,,,221,,,12,,1,0,3.8,,3.6,,2023-08-21T19:00:00Z,,,,90,,,1,0,,0,0,,0,2,0,38180,,,,1,0,22.0,1,4871,8288,3417,55,True,,1,0.03,0.21,0.18,2.00,1.0,3,221
267,1,,,,0,16,0,,,34.0,,,221,,,23,,1,0,11.5,,26.6,,2023-08-26T14:00:00Z,,,,90,,,4,0,,0,0,,0,3,0,40846,,,,1,1,54.0,5,534,6122,5588,55,False,,0,0.04,0.25,0.21,0.97,1.0,3,221
268,0,,,,0,2,0,,,16.0,,,221,,,36,,2,0,5.8,,17.6,,2023-09-03T13:00:00Z,,,,90,,,20,0,,0,0,,0,4,0,46387,,,,2,3,24.0,2,3296,8790,5494,55,True,,0,0.06,0.53,0.47,1.34,1.0,3,221
269,0,,,,0,3,0,,,0.2,,,221,,,41,,0,0,0.2,,2.0,,2023-09-16T14:00:00Z,,,,24,,,2,0,,0,0,,0,5,0,44196,,,,1,3,0.0,1,-3030,3264,6294,55,False,,0,0.00,0.00,0.00,0.30,1.0,3,221
270,0,,,,0,9,1,,,3.9,,,221,,,56,,0,0,1.2,,3.8,,2023-09-23T14:00:00Z,,,,90,,,10,0,,0,0,,0,6,0,38074,,,,0,0,4.0,2,-6418,1929,8347,55,True,,1,0.01,0.01,0.00,0.59,1.0,3,221
271,0,,,,0,13,1,,,11.8,,,221,,,65,,0,0,3.3,,19.0,,2023-09-30T14:00:00Z,,,,90,,,14,0,,0,0,,0,7,0,35677,,,,1,0,2.0,3,-2822,1718,4540,55,False,,0,0.01,0.01,0.00,1.69,1.0,3,221
272,0,,,,0,3,1,,,4.8,,,221,,,74,,0,0,2.3,,1.4,,2023-10-07T16:30:00Z,,,,90,,,16,0,,0,0,,0,8,0,39543,,,,0,0,17.0,3,2250,5900,3650,55,True,,0,0.02,0.43,0.41,1.18,1.0,3,221
273,0,,,,0,13,0,,,6.4,,,221,,,87,,4,0,2.3,,7.0,,2023-10-21T14:00:00Z,,,,90,,,15,0,,0,0,,0,9,0,36358,,,,0,4,10.0,2,-2708,1128,3836,55,False,,0,0.01,0.17,0.16,2.39,1.0,3,221
274,0,,,,0,12,0,,,6.3,,,221,,,96,,2,1,8.9,,46.6,,2023-10-27T19:00:00Z,,,,90,,,18,0,,0,0,,0,10,0,34875,,,,2,1,36.0,6,-1820,1729,3549,54,True,,1,0.03,0.18,0.15,1.12,1.0,3,221
275,1,,,,0,21,1,,,15.8,,,221,,,102,,0,0,4.7,,27.4,,2023-11-04T15:00:00Z,,,,90,,,6,0,,0,0,,0,11,0,55679,,,,2,0,4.0,5,18864,21805,2941,54,False,,1,0.58,0.65,0.07,1.12,1.0,3,221
276,0,,,,0,6,0,,,5.1,,,221,,,116,,3,0,1.8,,5.0,,2023-11-11T15:00:00Z,,,,90,,,9,0,,0,0,,0,12,0,59846,,,,3,2,8.0,2,4588,11088,6500,54,True,,0,0.03,0.03,0.00,1.60,1.0,3,221
277,0,,,,0,2,0,,,15.3,,,221,,,125,,2,0,2.5,,4.0,,2023-11-25T15:00:00Z,,,,41,,,12,0,,0,0,,0,13,0,65386,,,,1,2,6.0,1,4741,11014,6273,54,False,,0,0.05,0.05,0.00,0.66,0.0,3,221
278,0,,,,0,3,0,,,2.8,,,221,,,140,,1,0,2.3,,13.6,,2023-12-03T14:00:00Z,,,,90,,,19,0,,0,0,,0,14,0,53466,,,,1,1,7.0,2,-11266,838,12104,54,False,,0,0.06,0.08,0.02,1.26,1.0,3,221
279,0,,,,0,5,0,,,15.5,,,221,,,143,,2,0,8.2,,16.6,,2023-12-06T19:30:00Z,,,,90,,,3,0,,0,0,,0,15,0,52602,,,,2,0,50.0,2,-1293,3456,4749,54,True,,0,0.07,0.33,0.26,1.74,1.0,3,221
280,0,,,,0,3,0,,,17.3,,,221,,,153,,2,0,2.7,,2.0,,2023-12-09T12:30:00Z,,,,74,,,11,0,,0,0,,1,16,0,45911,,,,2,1,8.0,-1,-6705,1597,8302,54,True,,0,0.06,0.06,0.00,1.46,1.0,3,221
281,0,,,,0,0,0,,,0.0,,,221,,,167,,0,0,0.0,,0.0,,2023-12-16T15:00:00Z,,,,0,,,13,0,,0,0,,0,17,0,34697,,,,2,2,0.0,0,-10913,139,11052,54,False,,0,0.00,0.00,0.00,0.00,0.0,3,221
282,0,,,,0,22,1,,,3.6,,,221,,,172,,0,1,11.7,,41.0,,2023-12-21T20:00:00Z,,,,69,,,5,0,,0,0,,0,18,0,34772,,,,1,1,72.0,8,-642,1579,2221,54,True,,0,0.04,0.78,0.74,0.88,1.0,3,221
283,1,,,,0,17,0,,,20.0,,,221,,,186,,1,0,5.3,,25.2,,2023-12-27T19:30:00Z,,,,78,,,7,0,,0,0,,0,19,0,36156,,,,1,2,8.0,5,1082,2834,1752,54,False,,0,0.11,0.11,0.00,1.74,1.0,3,221
284,1,,,,0,22,0,,,31.9,,,221,,,192,,1,0,7.2,,24.0,,2023-12-30T15:00:00Z,,,,90,,,4,0,,0,0,,0,20,0,41232,,,,1,3,16.0,5,4767,6721,1954,54,True,,0,0.19,0.23,0.04,1.40,1.0,3,221
