kickoff_time_0,position_0,minutes_0,value_0,bps_0,ict_index_0,points_0,kickoff_time_1,position_1,minutes_1,value_1,bps_1,ict_index_1,points_1,kickoff_time_2,position_2,minutes_2,value_2,bps_2,ict_index_2,points_2,player
265217400,1,0,40,0,0,0,264520800.0,1,0.0,40.0,0.0,0.0,0.0,263916000.0,1,0.0,40.0,0.0,0.0,0.0,778
265217400,4,0,79,0,0,0,264970800.0,4,0.0,79.0,0.0,0.0,0.0,264610800.0,4,0.0,79.0,0.0,0.0,0.0,776
265217400,2,0,40,0,0,0,264601800.0,2,0.0,40.0,0.0,0.0,0.0,263998800.0,2,0.0,40.0,0.0,0.0,0.0,774
283960800,3,0,45,0,0,0,265217400.0,3,0.0,45.0,0.0,0.0,0.0,264529800.0,3,0.0,45.0,0.0,0.0,0.0,772
285179400,2,0,40,0,0,0,283887000.0,2,0.0,40.0,0.0,0.0,0.0,283550400.0,2,0.0,40.0,0.0,0.0,0.0,768
285170400,3,0,45,0,0,0,283878000.0,3,0.0,45.0,0.0,0.0,0.0,283550400.0,3,0.0,45.0,0.0,0.0,0.0,767
285179400,2,0,40,0,0,0,283887000.0,2,0.0,40.0,0.0,0.0,0.0,283550400.0,2,1.0,40.0,3.0,0.0,1.0,766
285170400,1,0,40,0,0,0,283878000.0,1,0.0,40.0,0.0,0.0,0.0,283550400.0,1,0.0,40.0,0.0,0.0,0.0,765
283960800,3,0,45,0,0,0,283724100.0,3,0.0,45.0,0.0,0.0,0.0,283282200.0,3,0.0,45.0,0.0,0.0,0.0,764
283878000,2,0,40,0,0,0,283635000.0,2,0.0,40.0,0.0,0.0,0.0,283118400.0,2,0.0,40.0,0.0,0.0,0.0,763
285096600,3,0,45,0,0,0,283878000.0,3,0.0,45.0,0.0,0.0,0.0,283637700.0,3,0.0,45.0,0.0,0.0,0.0,762
285170400,2,0,40,0,0,0,283878000.0,2,0.0,40.0,0.0,0.0,0.0,283637700.0,2,0.0,40.0,0.0,0.0,0.0,761
285170400,3,0,45,0,0,0,283878000.0,3,0.0,45.0,0.0,0.0,0.0,283637700.0,3,0.0,45.0,0.0,0.0,0.0,760
283878000,3,0,45,0,0,0,283532400.0,3,0.0,45.0,0.0,0.0,0.0,283204800.0,3,0.0,45.0,0.0,0.0,0.0,759
285078600,3,0,45,0,0,0,283869000.0,3,0.0,45.0,0.0,0.0,0.0,283635000.0,3,0.0,45.0,0.0,0.0,0.0,758
284068800,2,0,40,0,0,0,283541400.0,2,0.0,40.0,0.0,0.0,0.0,283282200.0,2,0.0,40.0,0.0,0.0,0.0,757
284068800,1,0,40,0,0,0,283541400.0,1,0.0,40.0,0.0,0.0,0.0,283282200.0,1,0.0,40.0,0.0,0.0,0.0,756
284153400,3,0,45,0,0,0,283721400.0,3,0.0,45.0,0.0,0.0,0.0,283118400.0,3,0.0,45.0,0.0,0.0,0.0,755
285179400,3,0,45,0,0,0,283960800.0,3,0.0,45.0,0.0,0.0,0.0,283721400.0,3,0.0,45.0,0.0,0.0,0.0,754
284153400,2,0,40,0,0,0,283721400.0,2,0.0,40.0,0.0,0.0,0.0,283118400.0,2,0.0,40.0,0.0,0.0,0.0,753
283878000,1,0,40,0,0,0,283635000.0,1,0.0,40.0,0.0,0.0,0.0,282751200.0,1,0.0,40.0,0.0,0.0,0.0,752
283878000,2,0,40,0,0,0,283635000.0,2,0.0,40.0,0.0,0.0,0.0,283352400.0,2,0.0,40.0,0.0,0.0,0.0,751
283878000,3,0,45,0,0,0,283635000.0,3,0.0,45.0,0.0,0.0,0.0,283352400.0,3,0.0,45.0,0.0,0.0,0.0,750
283878000,3,0,45,0,0,0,283635000.0,3,0.0,45.0,0.0,0.0,0.0,283352400.0,3,0.0,45.0,0.0,0.0,0.0,749
285179400,4,0,45,0,0,0,283887000.0,4,0.0,45.0,0.0,0.0,0.0,283550400.0,4,0.0,45.0,0.0,0.0,0.0,748
284153400,3,0,44,0,0,0,283721400.0,3,0.0,44.0,0.0,0.0,0.0,283118400.0,3,0.0,44.0,0.0,0.0,0.0,747
284153400,2,0,40,0,0,0,283721400.0,2,0.0,40.0,0.0,0.0,0.0,283118400.0,2,0.0,40.0,0.0,0.0,0.0,746
285096600,4,0,44,0,0,0,284068800.0,4,0.0,44.0,0.0,0.0,0.0,283523400.0,4,0.0,45.0,0.0,0.0,0.0,745
283878000,3,0,45,0,0,0,283635000.0,3,4.0,45.0,2.0,1.0,1.0,282751200.0,3,0.0,45.0,0.0,0.0,0.0,744
284068800,3,0,45,0,0,0,283541400.0,3,0.0,45.0,0.0,0.0,0.0,283282200.0,3,0.0,45.0,0.0,0.0,0.0,743
284153400,3,0,45,0,0,0,283721400.0,3,0.0,45.0,0.0,0.0,0.0,283118400.0,3,0.0,45.0,0.0,0.0,0.0,742
284153400,4,0,45,0,0,0,283721400.0,4,0.0,45.0,0.0,0.0,0.0,283118400.0,4,0.0,45.0,0.0,0.0,0.0,741
285179400,2,0,40,0,0,0,283960800.0,2,0.0,40.0,0.0,0.0,0.0,283721400.0,2,0.0,40.0,0.0,0.0,0.0,740
285096600,4,0,45,0,0,0,284068800.0,4,0.0,45.0,0.0,0.0,0.0,283523400.0,4,0.0,45.0,0.0,0.0,0.0,739
285096600,3,0,45,0,0,0,284068800.0,3,0.0,45.0,0.0,0.0,0.0,283523400.0,3,0.0,45.0,0.0,0.0,0.0,738
283960800,3,0,45,0,0,0,283724100.0,3,0.0,45.0,0.0,0.0,0.0,283282200.0,3,0.0,45.0,0.0,0.0,0.0,737
283960800,2,0,40,0,0,0,283724100.0,2,0.0,40.0,0.0,0.0,0.0,283282200.0,2,0.0,40.0,0.0,0.0,0.0,736
283960800,3,0,45,0,0,0,283724100.0,3,0.0,45.0,0.0,0.0,0.0,283282200.0,3,0.0,45.0,0.0,0.0,0.0,735
285018300,3,0,45,0,0,0,283869000.0,3,0.0,45.0,0.0,0.0,0.0,283532400.0,3,0.0,45.0,0.0,0.0,0.0,734
283878000,2,0,40,0,0,0,283635000.0,2,0.0,40.0,0.0,0.0,0.0,282751200.0,2,0.0,40.0,0.0,0.0,0.0,733
285078600,2,0,40,0,0,0,283960800.0,2,0.0,40.0,0.0,0.0,0.0,283532400.0,2,0.0,40.0,0.0,0.0,0.0,732
283878000,2,0,40,0,0,0,283532400.0,2,0.0,40.0,0.0,0.0,0.0,283204800.0,2,0.0,40.0,0.0,0.0,0.0,731
283878000,3,0,45,0,0,0,283532400.0,3,0.0,45.0,0.0,0.0,0.0,283204800.0,3,0.0,45.0,0.0,0.0,0.0,730
285018300,3,0,45,0,0,0,283869000.0,3,0.0,45.0,0.0,0.0,0.0,283532400.0,3,0.0,45.0,0.0,0.0,0.0,729
284068800,2,0,40,0,0,0,283541400.0,2,0.0,40.0,0.0,0.0,0.0,283282200.0,2,0.0,40.0,0.0,0.0,0.0,728
285018300,3,63,50,9,2,2,283869000.0,3,61.0,50.0,7.0,2.0,2.0,283532400.0,3,83.0,50.0,7.0,5.0,2.0,727
284068800,2,0,40,0,0,0,283541400.0,2,0.0,40.0,0.0,0.0,0.0,283282200.0,2,0.0,40.0,0.0,0.0,0.0,726
283878000,2,0,40,0,0,0,283635000.0,2,0.0,40.0,0.0,0.0,0.0,282751200.0,2,0.0,40.0,0.0,0.0,0.0,725
283878000,3,0,45,0,0,0,283635000.0,3,0.0,45.0,0.0,0.0,0.0,283118400.0,3,0.0,45.0,0.0,0.0,0.0,724
285078600,2,0,40,0,0,0,283869000.0,2,0.0,40.0,0.0,0.0,0.0,283635000.0,2,0.0,40.0,0.0,0.0,0.0,723
285179400,4,0,45,0,0,0,283960800.0,4,0.0,45.0,0.0,0.0,0.0,283721400.0,4,0.0,45.0,0.0,0.0,0.0,722
283878000,3,0,45,0,0,0,283635000.0,3,0.0,45.0,0.0,0.0,0.0,283118400.0,3,31.0,45.0,0.0,0.0,0.0,721
283878000,4,0,45,0,0,0,283635000.0,4,0.0,45.0,0.0,0.0,0.0,283118400.0,4,0.0,45.0,0.0,0.0,0.0,720
285170400,3,0,45,0,0,0,283878000.0,3,0.0,45.0,0.0,0.0,0.0,283637700.0,3,0.0,45.0,0.0,0.0,0.0,719
285078600,3,0,45,0,0,0,283869000.0,3,0.0,45.0,0.0,0.0,0.0,283635000.0,3,0.0,45.0,0.0,0.0,0.0,718
285078600,4,0,45,0,0,0,283869000.0,4,0.0,45.0,0.0,0.0,0.0,283635000.0,4,0.0,45.0,0.0,0.0,0.0,717
285078600,2,1,40,4,0,1,283869000.0,2,1.0,40.0,3.0,0.0,1.0,283635000.0,2,1.0,40.0,3.0,0.0,1.0,716
283878000,3,10,49,5,0,1,283635000.0,3,45.0,49.0,20.0,7.0,5.0,283352400.0,3,0.0,49.0,0.0,0.0,0.0,715
283887000,4,0,50,0,0,0,283523400.0,4,0.0,50.0,0.0,0.0,0.0,283273200.0,4,25.0,50.0,5.0,1.0,1.0,714
283887000,3,0,49,0,0,0,283523400.0,3,69.0,49.0,6.0,2.0,1.0,283273200.0,3,0.0,49.0,0.0,0.0,0.0,713
283887000,3,78,50,29,7,8,283523400.0,3,11.0,50.0,3.0,0.0,1.0,283273200.0,3,0.0,50.0,0.0,0.0,0.0,712
283887000,2,0,45,0,0,0,283523400.0,2,0.0,45.0,0.0,0.0,0.0,283273200.0,2,0.0,45.0,0.0,0.0,0.0,711
283887000,1,0,45,0,0,0,283523400.0,1,0.0,45.0,0.0,0.0,0.0,283273200.0,1,0.0,45.0,0.0,0.0,0.0,710
285179400,3,0,50,0,0,0,283887000.0,3,0.0,50.0,0.0,0.0,0.0,283550400.0,3,0.0,50.0,0.0,0.0,0.0,709
284068800,3,26,50,4,1,1,283541400.0,3,65.0,50.0,9.0,4.0,2.0,283282200.0,3,22.0,50.0,-1.0,0.0,1.0,708
285078600,2,0,45,0,0,0,283960800.0,2,0.0,45.0,0.0,0.0,0.0,283532400.0,2,7.0,45.0,3.0,0.0,1.0,707
285018300,3,7,54,5,0,1,283878000.0,3,16.0,54.0,3.0,0.0,1.0,283541400.0,3,60.0,54.0,13.0,2.0,1.0,706
283960800,3,60,55,8,6,1,283532400.0,3,18.0,55.0,24.0,6.0,5.0,283273200.0,3,20.0,55.0,4.0,1.0,1.0,705
283878000,4,0,45,0,0,0,283635000.0,4,0.0,45.0,0.0,0.0,0.0,283352400.0,4,0.0,45.0,0.0,0.0,0.0,704
285179400,2,62,40,9,1,2,283887000.0,2,90.0,40.0,13.0,1.0,2.0,283550400.0,2,90.0,40.0,17.0,2.0,2.0,703
285179400,2,0,40,0,0,0,283960800.0,2,0.0,40.0,0.0,0.0,0.0,283721400.0,2,0.0,40.0,0.0,0.0,0.0,702
283878000,3,90,45,14,4,1,283635000.0,3,90.0,45.0,18.0,5.0,2.0,282751200.0,3,90.0,45.0,4.0,3.0,1.0,701
284153400,3,0,64,0,0,0,283721400.0,3,0.0,64.0,0.0,0.0,0.0,283118400.0,3,0.0,64.0,0.0,0.0,0.0,700
285170400,2,90,45,26,2,2,283878000.0,2,61.0,45.0,8.0,0.0,2.0,283550400.0,2,90.0,45.0,28.0,4.0,5.0,699
283878000,3,0,50,0,0,0,283635000.0,3,0.0,50.0,0.0,0.0,0.0,283352400.0,3,0.0,50.0,0.0,0.0,0.0,698
283878000,2,0,45,0,0,0,283635000.0,2,90.0,45.0,16.0,2.0,2.0,283352400.0,2,20.0,45.0,3.0,0.0,1.0,697
283887000,2,90,45,10,2,2,283523400.0,2,90.0,45.0,27.0,5.0,5.0,283273200.0,2,90.0,45.0,8.0,2.0,2.0,696
285179400,1,0,40,0,0,0,283887000.0,1,0.0,40.0,0.0,0.0,0.0,283550400.0,1,0.0,40.0,0.0,0.0,0.0,695
285018300,3,0,50,0,0,0,283878000.0,3,0.0,50.0,0.0,0.0,0.0,283541400.0,3,0.0,50.0,0.0,0.0,0.0,694
283878000,2,89,40,6,0,2,283532400.0,2,0.0,40.0,0.0,0.0,0.0,283204800.0,2,0.0,40.0,0.0,0.0,0.0,693
285078600,1,0,40,0,0,0,283960800.0,1,0.0,40.0,0.0,0.0,0.0,283532400.0,1,0.0,40.0,0.0,0.0,0.0,692
285170400,4,27,57,-1,0,1,283878000.0,4,16.0,57.0,-1.0,0.0,1.0,283637700.0,4,64.0,57.0,2.0,1.0,2.0,691
284153400,3,0,45,0,0,0,283721400.0,3,31.0,45.0,2.0,0.0,1.0,283118400.0,3,45.0,45.0,4.0,1.0,0.0,690
284153400,3,0,69,0,0,0,283724100.0,3,90.0,68.0,5.0,1.0,2.0,283264200.0,3,90.0,67.0,28.0,7.0,7.0,689
285078600,2,26,45,4,1,1,283960800.0,2,90.0,45.0,9.0,1.0,2.0,283532400.0,2,17.0,45.0,3.0,0.0,1.0,688
285078600,1,90,45,28,3,9,283869000.0,1,90.0,45.0,18.0,3.0,1.0,283635000.0,1,90.0,45.0,20.0,3.0,2.0,687
285170400,1,0,40,0,0,0,283878000.0,1,0.0,40.0,0.0,0.0,0.0,283550400.0,1,0.0,40.0,0.0,0.0,0.0,686
285179400,3,0,45,0,0,0,283887000.0,3,0.0,45.0,0.0,0.0,0.0,283550400.0,3,1.0,45.0,5.0,0.0,1.0,685
283878000,3,0,45,0,0,0,283635000.0,3,0.0,45.0,0.0,0.0,0.0,282751200.0,3,0.0,45.0,0.0,0.0,0.0,684
285078600,3,0,45,0,0,0,283960800.0,3,0.0,45.0,0.0,0.0,0.0,283532400.0,3,0.0,45.0,0.0,0.0,0.0,683
285018300,2,0,40,0,0,0,283869000.0,2,0.0,40.0,0.0,0.0,0.0,283532400.0,2,0.0,40.0,0.0,0.0,0.0,682
285078600,3,0,45,0,0,0,283869000.0,3,0.0,45.0,0.0,0.0,0.0,283635000.0,3,0.0,45.0,0.0,0.0,0.0,681
285078600,1,0,40,0,0,0,283869000.0,1,0.0,40.0,0.0,0.0,0.0,283635000.0,1,0.0,40.0,0.0,0.0,0.0,680
283887000,2,73,44,38,4,9,283523400.0,2,69.0,44.0,20.0,3.0,1.0,283273200.0,2,0.0,44.0,0.0,0.0,0.0,679
285096600,3,81,65,2,10,2,283878000.0,3,0.0,65.0,0.0,0.0,0.0,283637700.0,3,0.0,65.0,0.0,0.0,0.0,678
285078600,4,0,45,0,0,0,283869000.0,4,0.0,45.0,0.0,0.0,0.0,283635000.0,4,0.0,45.0,0.0,0.0,0.0,677
284153400,2,90,45,26,2,3,283724100.0,2,90.0,45.0,38.0,8.0,11.0,283264200.0,2,90.0,45.0,25.0,1.0,3.0,676
285018300,3,0,50,0,0,0,283878000.0,3,31.0,50.0,0.0,0.0,1.0,283541400.0,3,1.0,50.0,7.0,0.0,1.0,675
285018300,2,0,40,0,0,0,283878000.0,2,73.0,40.0,9.0,0.0,2.0,283541400.0,2,0.0,40.0,0.0,0.0,0.0,674
283960800,3,0,49,0,0,0,283532400.0,3,0.0,49.0,0.0,0.0,0.0,283273200.0,3,0.0,49.0,0.0,0.0,0.0,673
285170400,3,1,54,1,0,1,283878000.0,3,0.0,54.0,0.0,0.0,0.0,283550400.0,3,13.0,54.0,0.0,0.0,1.0,672
285078600,2,0,40,0,0,0,283869000.0,2,0.0,40.0,0.0,0.0,0.0,283635000.0,2,0.0,40.0,0.0,0.0,0.0,671
285170400,1,0,40,0,0,0,283878000.0,1,0.0,40.0,0.0,0.0,0.0,283550400.0,1,0.0,40.0,0.0,0.0,0.0,670
285179400,1,0,40,0,0,0,283887000.0,1,0.0,40.0,0.0,0.0,0.0,283550400.0,1,0.0,40.0,0.0,0.0,0.0,669
284068800,3,74,54,10,5,1,283541400.0,3,90.0,54.0,12.0,5.0,2.0,283282200.0,3,90.0,54.0,14.0,2.0,1.0,668
285078600,3,0,49,0,0,0,283869000.0,3,0.0,49.0,0.0,0.0,0.0,283635000.0,3,32.0,49.0,2.0,0.0,1.0,667
283878000,3,0,50,0,0,0,283532400.0,3,0.0,50.0,0.0,0.0,0.0,283204800.0,3,0.0,50.0,0.0,0.0,0.0,666
285018300,1,0,44,0,0,0,283869000.0,1,0.0,44.0,0.0,0.0,0.0,283532400.0,1,0.0,44.0,0.0,0.0,0.0,665
284153400,3,90,60,18,4,2,283724100.0,3,90.0,60.0,18.0,5.0,5.0,283264200.0,3,90.0,61.0,12.0,5.0,2.0,664
283878000,3,0,50,0,0,0,283532400.0,3,71.0,50.0,10.0,6.0,1.0,283204800.0,3,32.0,50.0,22.0,5.0,5.0,663
285078600,3,0,49,0,0,0,283960800.0,3,0.0,49.0,0.0,0.0,0.0,283532400.0,3,0.0,49.0,0.0,0.0,0.0,662
285170400,3,90,55,8,2,2,283878000.0,3,90.0,55.0,10.0,2.0,2.0,283637700.0,3,79.0,55.0,28.0,10.0,6.0,661
285018300,3,83,50,10,6,2,283878000.0,3,73.0,50.0,1.0,1.0,2.0,283541400.0,3,90.0,50.0,13.0,3.0,2.0,660
285078600,1,0,39,0,0,0,283869000.0,1,0.0,40.0,0.0,0.0,0.0,283635000.0,1,0.0,40.0,0.0,0.0,0.0,659
283878000,4,0,45,0,0,0,283635000.0,4,0.0,45.0,0.0,0.0,0.0,283118400.0,4,0.0,45.0,0.0,0.0,0.0,658
283878000,3,0,45,0,0,0,283635000.0,3,0.0,45.0,0.0,0.0,0.0,283118400.0,3,0.0,45.0,0.0,0.0,0.0,657
283878000,4,0,44,0,0,0,283532400.0,4,0.0,44.0,0.0,0.0,0.0,283204800.0,4,0.0,45.0,0.0,0.0,0.0,656
283878000,3,79,44,6,0,2,283532400.0,3,45.0,44.0,4.0,1.0,1.0,283204800.0,3,57.0,44.0,9.0,1.0,1.0,655
283878000,4,0,45,0,0,0,283532400.0,4,0.0,45.0,0.0,0.0,0.0,283204800.0,4,0.0,45.0,0.0,0.0,0.0,654
283878000,2,0,40,0,0,0,283532400.0,2,0.0,40.0,0.0,0.0,0.0,283204800.0,2,0.0,40.0,0.0,0.0,0.0,653
285078600,3,0,45,0,0,0,283960800.0,3,0.0,45.0,0.0,0.0,0.0,283532400.0,3,0.0,45.0,0.0,0.0,0.0,652
285078600,4,0,45,0,0,0,283960800.0,4,0.0,45.0,0.0,0.0,0.0,283532400.0,4,0.0,45.0,0.0,0.0,0.0,651
285170400,3,0,45,0,0,0,283878000.0,3,0.0,45.0,0.0,0.0,0.0,283637700.0,3,0.0,45.0,0.0,0.0,0.0,650
285170400,4,0,45,0,0,0,283878000.0,4,0.0,45.0,0.0,0.0,0.0,283637700.0,4,0.0,45.0,0.0,0.0,0.0,649
285018300,2,0,40,0,0,0,283869000.0,2,0.0,40.0,0.0,0.0,0.0,283532400.0,2,0.0,40.0,0.0,0.0,0.0,648
284153400,1,0,40,0,0,0,283724100.0,1,0.0,40.0,0.0,0.0,0.0,283264200.0,1,0.0,40.0,0.0,0.0,0.0,647
283960800,1,0,40,0,0,0,283724100.0,1,0.0,40.0,0.0,0.0,0.0,283282200.0,1,0.0,40.0,0.0,0.0,0.0,646
285170400,4,0,48,0,0,0,283878000.0,4,0.0,48.0,0.0,0.0,0.0,283637700.0,4,0.0,48.0,0.0,0.0,0.0,645
283960800,3,21,49,23,8,5,283532400.0,3,90.0,49.0,34.0,5.0,8.0,283273200.0,3,41.0,49.0,1.0,1.0,0.0,644
283960800,2,45,44,4,0,1,283532400.0,2,0.0,44.0,0.0,0.0,0.0,283273200.0,2,0.0,44.0,0.0,0.0,0.0,643
284153400,3,90,50,16,3,2,283724100.0,3,90.0,50.0,9.0,2.0,2.0,283264200.0,3,90.0,50.0,10.0,0.0,2.0,642
285179400,4,0,54,0,0,0,283960800.0,4,8.0,54.0,3.0,0.0,1.0,283721400.0,4,20.0,54.0,27.0,6.0,1.0,641
285179400,4,0,45,0,0,0,283960800.0,4,0.0,45.0,0.0,0.0,0.0,283721400.0,4,0.0,45.0,0.0,0.0,0.0,640
285179400,2,88,44,13,2,2,283960800.0,2,0.0,44.0,0.0,0.0,0.0,283721400.0,2,0.0,44.0,0.0,0.0,0.0,639
283878000,3,90,50,13,1,2,283532400.0,3,85.0,50.0,17.0,1.0,2.0,283204800.0,3,90.0,50.0,9.0,2.0,2.0,638
283887000,2,0,39,0,0,0,283523400.0,2,0.0,40.0,0.0,0.0,0.0,283273200.0,2,0.0,40.0,0.0,0.0,0.0,637
283887000,1,0,40,0,0,0,283523400.0,1,0.0,40.0,0.0,0.0,0.0,283273200.0,1,0.0,40.0,0.0,0.0,0.0,636
285096600,3,90,45,9,3,2,284068800.0,3,53.0,45.0,0.0,1.0,0.0,283523400.0,3,90.0,45.0,13.0,6.0,2.0,635
285096600,2,0,39,0,0,0,284068800.0,2,0.0,39.0,0.0,0.0,0.0,283523400.0,2,0.0,39.0,0.0,0.0,0.0,634
285096600,2,0,44,0,0,0,284068800.0,2,90.0,44.0,12.0,2.0,2.0,283523400.0,2,35.0,44.0,5.0,0.0,1.0,633
285179400,3,0,44,0,0,0,283887000.0,3,0.0,44.0,0.0,0.0,0.0,283550400.0,3,0.0,44.0,0.0,0.0,0.0,632
285018300,4,0,49,0,0,0,283869000.0,4,45.0,49.0,4.0,2.0,0.0,283532400.0,4,90.0,49.0,5.0,2.0,2.0,631
285018300,3,90,49,17,9,2,283869000.0,3,90.0,49.0,32.0,10.0,7.0,283532400.0,3,90.0,49.0,17.0,7.0,2.0,630
284068800,3,0,44,0,0,0,283541400.0,3,0.0,44.0,0.0,0.0,0.0,283282200.0,3,0.0,44.0,0.0,0.0,0.0,629
284068800,3,0,44,0,0,0,283541400.0,3,0.0,44.0,0.0,0.0,0.0,283282200.0,3,0.0,44.0,0.0,0.0,0.0,628
284068800,3,0,44,0,0,0,283541400.0,3,0.0,44.0,0.0,0.0,0.0,283282200.0,3,0.0,44.0,0.0,0.0,0.0,627
284068800,2,0,40,0,0,0,283541400.0,2,90.0,40.0,21.0,1.0,3.0,283282200.0,2,0.0,40.0,0.0,0.0,0.0,626
285078600,2,0,40,0,0,0,283960800.0,2,0.0,40.0,0.0,0.0,0.0,283532400.0,2,0.0,40.0,0.0,0.0,0.0,625
285170400,3,0,45,0,0,0,283878000.0,3,0.0,45.0,0.0,0.0,0.0,283637700.0,3,0.0,45.0,0.0,0.0,0.0,624
285078600,4,0,45,0,0,0,283869000.0,4,0.0,45.0,0.0,0.0,0.0,283635000.0,4,0.0,45.0,0.0,0.0,0.0,623
285018300,2,0,40,0,0,0,283878000.0,2,0.0,40.0,0.0,0.0,0.0,283541400.0,2,0.0,40.0,0.0,0.0,0.0,622
284153400,3,90,45,15,7,2,283721400.0,3,90.0,45.0,28.0,6.0,8.0,283118400.0,3,74.0,45.0,2.0,3.0,2.0,621
283878000,3,10,45,4,0,1,283635000.0,3,4.0,45.0,3.0,0.0,1.0,282751200.0,3,1.0,45.0,0.0,0.0,1.0,620
283960800,2,0,40,0,0,0,283532400.0,2,0.0,40.0,0.0,0.0,0.0,283273200.0,2,0.0,40.0,0.0,0.0,0.0,619
285170400,3,0,45,0,0,0,283878000.0,3,0.0,45.0,0.0,0.0,0.0,283550400.0,3,0.0,45.0,0.0,0.0,0.0,618
285179400,4,90,68,38,9,7,283887000.0,4,0.0,68.0,0.0,0.0,0.0,283550400.0,4,88.0,68.0,33.0,7.0,3.0,617
285096600,2,90,48,16,2,2,283878000.0,2,90.0,48.0,24.0,4.0,3.0,283637700.0,2,47.0,48.0,14.0,2.0,1.0,616
283878000,3,4,49,3,0,1,283635000.0,3,1.0,49.0,3.0,0.0,1.0,283118400.0,3,0.0,49.0,0.0,0.0,0.0,615
285018300,1,90,45,23,4,3,283869000.0,1,90.0,45.0,20.0,3.0,1.0,283532400.0,1,90.0,45.0,12.0,1.0,1.0,614
285078600,3,0,44,0,0,0,283869000.0,3,0.0,44.0,0.0,0.0,0.0,283635000.0,3,0.0,44.0,0.0,0.0,0.0,613
285078600,2,90,49,21,1,2,283869000.0,2,90.0,49.0,12.0,1.0,1.0,283635000.0,2,90.0,49.0,18.0,2.0,2.0,611
285078600,2,0,44,0,0,0,283960800.0,2,90.0,44.0,13.0,2.0,1.0,283532400.0,2,90.0,44.0,18.0,4.0,2.0,610
285078600,3,0,51,0,0,0,283869000.0,3,0.0,51.0,0.0,0.0,0.0,283635000.0,3,57.0,51.0,-4.0,1.0,1.0,609
285018300,3,6,49,2,0,1,283878000.0,3,0.0,49.0,0.0,0.0,0.0,283541400.0,3,5.0,49.0,2.0,0.0,1.0,608
283960800,1,0,44,0,0,0,283532400.0,1,0.0,44.0,0.0,0.0,0.0,283273200.0,1,0.0,44.0,0.0,0.0,0.0,607
284153400,2,0,43,0,0,0,283721400.0,2,45.0,43.0,2.0,0.0,1.0,283118400.0,2,90.0,43.0,16.0,3.0,1.0,606
285018300,3,0,48,0,0,0,283878000.0,3,0.0,48.0,0.0,0.0,0.0,283541400.0,3,0.0,49.0,0.0,0.0,0.0,605
283887000,2,86,45,4,3,2,283523400.0,2,90.0,45.0,2.0,1.0,2.0,283273200.0,2,5.0,45.0,4.0,0.0,1.0,604
285096600,3,0,62,0,0,0,284068800.0,3,0.0,62.0,0.0,0.0,0.0,283523400.0,3,0.0,62.0,0.0,0.0,0.0,603
285018300,2,0,40,0,0,0,283869000.0,2,45.0,40.0,2.0,0.0,1.0,283532400.0,2,0.0,40.0,0.0,0.0,0.0,602
285170400,3,62,52,8,2,2,283878000.0,3,16.0,52.0,4.0,0.0,1.0,283637700.0,3,10.0,52.0,2.0,0.0,1.0,601
285018300,3,0,47,0,0,0,283878000.0,3,0.0,48.0,0.0,0.0,0.0,283541400.0,3,5.0,48.0,3.0,0.0,1.0,600
285170400,3,63,66,7,5,2,283878000.0,3,81.0,66.0,20.0,9.0,6.0,283550400.0,3,13.0,66.0,3.0,0.0,1.0,599
283878000,2,5,43,2,0,1,283635000.0,2,26.0,43.0,8.0,0.0,1.0,283352400.0,2,4.0,43.0,18.0,5.0,7.0,598
285179400,1,90,48,15,2,1,283887000.0,1,90.0,48.0,12.0,0.0,1.0,283550400.0,1,90.0,48.0,14.0,3.0,1.0,597
285018300,1,90,45,14,2,1,283878000.0,1,90.0,45.0,18.0,2.0,1.0,283541400.0,1,90.0,45.0,27.0,6.0,1.0,596
283960800,2,0,44,0,0,0,283532400.0,2,0.0,44.0,0.0,0.0,0.0,283273200.0,2,0.0,44.0,0.0,0.0,0.0,595
285018300,4,82,53,28,8,5,283878000.0,4,58.0,53.0,30.0,11.0,3.0,283541400.0,4,84.0,53.0,4.0,0.0,2.0,594
283878000,4,0,52,0,0,0,283532400.0,4,0.0,52.0,0.0,0.0,0.0,283204800.0,4,0.0,52.0,0.0,0.0,0.0,593
283878000,2,0,43,0,0,0,283532400.0,2,0.0,43.0,0.0,0.0,0.0,283204800.0,2,57.0,43.0,4.0,1.0,0.0,592
285078600,3,90,53,16,4,2,283960800.0,3,79.0,53.0,6.0,4.0,2.0,283532400.0,3,0.0,53.0,0.0,0.0,0.0,591
283878000,4,79,58,51,13,8,283635000.0,4,90.0,58.0,26.0,6.0,5.0,283352400.0,4,85.0,57.0,-2.0,1.0,1.0,590
285078600,3,0,50,0,0,0,283869000.0,3,0.0,50.0,0.0,0.0,0.0,283635000.0,3,0.0,50.0,0.0,0.0,0.0,589
285170400,2,0,44,0,0,0,283878000.0,2,0.0,44.0,0.0,0.0,0.0,283637700.0,2,0.0,44.0,0.0,0.0,0.0,588
283878000,3,66,47,5,0,2,283532400.0,3,18.0,47.0,-3.0,1.0,-1.0,283204800.0,3,75.0,47.0,3.0,1.0,2.0,587
285018300,3,26,48,2,1,1,283869000.0,3,45.0,48.0,1.0,2.0,1.0,283532400.0,3,0.0,48.0,0.0,0.0,0.0,586
283960800,2,0,46,0,0,0,283724100.0,2,0.0,46.0,0.0,0.0,0.0,283282200.0,2,0.0,46.0,0.0,0.0,0.0,585
285170400,2,0,47,0,0,0,283878000.0,2,28.0,47.0,7.0,0.0,1.0,283550400.0,2,0.0,47.0,0.0,0.0,0.0,584
285179400,3,0,51,0,0,0,283960800.0,3,0.0,51.0,0.0,0.0,0.0,283721400.0,3,0.0,51.0,0.0,0.0,0.0,583
285018300,3,0,47,0,0,0,283869000.0,3,0.0,47.0,0.0,0.0,0.0,283532400.0,3,6.0,47.0,3.0,0.0,1.0,582
285096600,2,0,39,0,0,0,284068800.0,2,0.0,39.0,0.0,0.0,0.0,283523400.0,2,0.0,39.0,0.0,0.0,0.0,581
285096600,1,0,39,0,0,0,284068800.0,1,0.0,39.0,0.0,0.0,0.0,283523400.0,1,0.0,39.0,0.0,0.0,0.0,580
285170400,1,0,39,0,0,0,283878000.0,1,0.0,39.0,0.0,0.0,0.0,283637700.0,1,0.0,39.0,0.0,0.0,0.0,579
283960800,3,13,48,3,0,1,283724100.0,3,26.0,48.0,-2.0,1.0,0.0,283282200.0,3,0.0,48.0,0.0,0.0,0.0,578
284153400,2,90,43,26,1,3,283724100.0,2,90.0,43.0,24.0,3.0,3.0,283264200.0,2,0.0,43.0,0.0,0.0,0.0,577
283878000,2,90,44,8,1,2,283532400.0,2,85.0,44.0,-3.0,1.0,-1.0,283204800.0,2,90.0,44.0,10.0,1.0,2.0,576
285018300,2,0,43,0,0,0,283869000.0,2,0.0,43.0,0.0,0.0,0.0,283532400.0,2,0.0,43.0,0.0,0.0,0.0,575
283878000,3,5,43,5,1,1,283635000.0,3,0.0,43.0,0.0,0.0,0.0,283352400.0,3,0.0,43.0,0.0,0.0,0.0,574
283878000,2,90,44,22,1,3,283635000.0,2,90.0,44.0,27.0,5.0,5.0,283352400.0,2,90.0,44.0,11.0,5.0,2.0,573
283878000,2,84,45,24,4,3,283635000.0,2,63.0,45.0,7.0,0.0,2.0,283352400.0,2,90.0,45.0,7.0,1.0,2.0,572
283878000,1,0,40,0,0,0,283635000.0,1,0.0,40.0,0.0,0.0,0.0,283352400.0,1,0.0,40.0,0.0,0.0,0.0,571
283878000,3,79,47,10,4,2,283635000.0,3,64.0,47.0,19.0,7.0,5.0,283352400.0,3,74.0,47.0,18.0,9.0,6.0,570
283878000,1,90,50,20,0,6,283635000.0,1,90.0,50.0,17.0,2.0,2.0,283352400.0,1,90.0,50.0,15.0,2.0,2.0,569
283878000,3,0,53,0,0,0,283635000.0,3,0.0,53.0,0.0,0.0,0.0,283352400.0,3,0.0,53.0,0.0,0.0,0.0,568
283878000,3,10,56,-1,0,1,283635000.0,3,0.0,56.0,0.0,0.0,0.0,283352400.0,3,0.0,56.0,0.0,0.0,0.0,567
285096600,3,0,48,0,0,0,283878000.0,3,0.0,48.0,0.0,0.0,0.0,283637700.0,3,64.0,48.0,4.0,3.0,2.0,566
283878000,3,0,49,0,0,0,283635000.0,3,90.0,49.0,37.0,8.0,8.0,283352400.0,3,90.0,49.0,35.0,8.0,8.0,565
283878000,1,0,39,0,0,0,283635000.0,1,0.0,39.0,0.0,0.0,0.0,283352400.0,1,0.0,39.0,0.0,0.0,0.0,564
283878000,2,90,45,39,8,9,283635000.0,2,90.0,45.0,10.0,3.0,1.0,283352400.0,2,90.0,45.0,11.0,2.0,2.0,563
283878000,4,0,49,0,0,0,283635000.0,4,0.0,49.0,0.0,0.0,0.0,283352400.0,4,0.0,49.0,0.0,0.0,0.0,562
283878000,3,0,43,0,0,0,283635000.0,3,0.0,43.0,0.0,0.0,0.0,283352400.0,3,0.0,43.0,0.0,0.0,0.0,561
283878000,2,0,43,0,0,0,283635000.0,2,0.0,43.0,0.0,0.0,0.0,283352400.0,2,0.0,43.0,0.0,0.0,0.0,560
283878000,3,84,49,10,3,2,283635000.0,3,90.0,49.0,10.0,3.0,2.0,283352400.0,3,90.0,49.0,16.0,5.0,2.0,559
285078600,4,90,52,1,4,2,283960800.0,4,90.0,52.0,22.0,9.0,3.0,283532400.0,4,0.0,52.0,0.0,0.0,0.0,558
283878000,3,90,57,11,8,5,283635000.0,3,45.0,57.0,39.0,12.0,12.0,283352400.0,3,90.0,58.0,-2.0,3.0,2.0,557
283878000,2,0,40,0,0,0,283635000.0,2,0.0,40.0,0.0,0.0,0.0,283352400.0,2,0.0,40.0,0.0,0.0,0.0,556
283878000,3,0,44,0,0,0,283635000.0,3,0.0,44.0,0.0,0.0,0.0,283352400.0,3,0.0,44.0,0.0,0.0,0.0,555
283878000,3,0,54,0,0,0,283635000.0,3,0.0,54.0,0.0,0.0,0.0,283352400.0,3,0.0,54.0,0.0,0.0,0.0,554
285018300,2,0,43,0,0,0,283869000.0,2,0.0,43.0,0.0,0.0,0.0,283532400.0,2,71.0,43.0,15.0,2.0,2.0,553
283878000,4,0,52,0,0,0,283635000.0,4,0.0,53.0,0.0,0.0,0.0,283352400.0,4,0.0,53.0,0.0,0.0,0.0,552
283878000,2,90,45,46,7,10,283635000.0,2,0.0,45.0,0.0,0.0,0.0,283352400.0,2,69.0,45.0,18.0,2.0,4.0,551
283878000,3,0,45,0,0,0,283635000.0,3,0.0,45.0,0.0,0.0,0.0,283352400.0,3,0.0,45.0,0.0,0.0,0.0,550
283878000,3,0,45,0,0,0,283635000.0,3,0.0,45.0,0.0,0.0,0.0,283352400.0,3,0.0,45.0,0.0,0.0,0.0,549
283878000,2,17,44,3,0,1,283635000.0,2,10.0,44.0,4.0,1.0,1.0,283352400.0,2,3.0,44.0,1.0,0.0,0.0,548
283878000,2,0,40,0,0,0,283635000.0,2,0.0,40.0,0.0,0.0,0.0,283352400.0,2,0.0,40.0,0.0,0.0,0.0,547
283878000,1,0,39,0,0,0,283635000.0,1,0.0,39.0,0.0,0.0,0.0,283352400.0,1,0.0,39.0,0.0,0.0,0.0,546
283878000,2,72,45,26,2,2,283635000.0,2,79.0,45.0,16.0,3.0,2.0,283352400.0,2,86.0,45.0,18.0,1.0,4.0,545
284153400,2,0,45,0,0,0,283724100.0,2,0.0,45.0,0.0,0.0,0.0,283264200.0,2,90.0,45.0,19.0,1.0,3.0,544
284153400,3,0,45,0,0,0,283724100.0,3,0.0,45.0,0.0,0.0,0.0,283264200.0,3,0.0,45.0,0.0,0.0,0.0,543
284153400,3,90,49,8,1,2,283724100.0,3,90.0,49.0,31.0,9.0,7.0,283264200.0,3,90.0,49.0,5.0,1.0,2.0,542
284153400,4,0,60,0,0,0,283724100.0,4,0.0,60.0,0.0,0.0,0.0,283264200.0,4,0.0,60.0,0.0,0.0,0.0,541
283960800,3,90,54,20,5,2,283724100.0,3,90.0,54.0,12.0,5.0,2.0,283282200.0,3,90.0,54.0,14.0,2.0,1.0,540
284153400,3,0,60,0,0,0,283724100.0,3,32.0,60.0,-1.0,0.0,1.0,283264200.0,3,90.0,60.0,18.0,8.0,4.0,539
284153400,4,17,43,2,0,1,283724100.0,4,0.0,43.0,0.0,0.0,0.0,283264200.0,4,0.0,43.0,0.0,0.0,0.0,538
284153400,2,0,43,0,0,0,283724100.0,2,0.0,43.0,0.0,0.0,0.0,283264200.0,2,0.0,43.0,0.0,0.0,0.0,537
284153400,2,90,44,23,1,2,283724100.0,2,0.0,44.0,0.0,0.0,0.0,283264200.0,2,1.0,44.0,2.0,0.0,1.0,536
284153400,4,0,56,0,0,0,283724100.0,4,0.0,56.0,0.0,0.0,0.0,283264200.0,4,0.0,56.0,0.0,0.0,0.0,535
284153400,3,90,46,8,1,2,283724100.0,3,0.0,46.0,0.0,0.0,0.0,283264200.0,3,2.0,46.0,2.0,0.0,1.0,534
284153400,1,0,42,0,0,0,283724100.0,1,0.0,42.0,0.0,0.0,0.0,283264200.0,1,0.0,42.0,0.0,0.0,0.0,533
284153400,2,90,45,23,3,3,283724100.0,2,90.0,45.0,21.0,3.0,3.0,283264200.0,2,90.0,45.0,29.0,4.0,6.0,532
284153400,3,0,50,0,0,0,283724100.0,3,0.0,50.0,0.0,0.0,0.0,283264200.0,3,0.0,50.0,0.0,0.0,0.0,531
284153400,2,0,42,0,0,0,283724100.0,2,0.0,42.0,0.0,0.0,0.0,283264200.0,2,0.0,42.0,0.0,0.0,0.0,530
284153400,3,0,43,0,0,0,283724100.0,3,0.0,44.0,0.0,0.0,0.0,283264200.0,3,0.0,44.0,0.0,0.0,0.0,529
284153400,2,0,46,0,0,0,283724100.0,2,90.0,46.0,18.0,1.0,3.0,283264200.0,2,90.0,46.0,26.0,2.0,4.0,528
284153400,3,0,52,0,0,0,283724100.0,3,0.0,52.0,0.0,0.0,0.0,283264200.0,3,0.0,52.0,0.0,0.0,0.0,527
284153400,3,90,79,10,5,2,283724100.0,3,90.0,78.0,14.0,3.0,5.0,283264200.0,3,87.0,78.0,24.0,13.0,6.0,526
284153400,3,72,56,17,3,2,283724100.0,3,57.0,56.0,-5.0,4.0,-1.0,283264200.0,3,0.0,56.0,0.0,0.0,0.0,525
284153400,1,90,42,37,6,9,283724100.0,1,90.0,42.0,37.0,5.0,8.0,283264200.0,1,90.0,42.0,26.0,1.0,7.0,524
284153400,4,0,57,0,0,0,283724100.0,4,0.0,57.0,0.0,0.0,0.0,283264200.0,4,0.0,57.0,0.0,0.0,0.0,523
284153400,2,0,45,0,0,0,283724100.0,2,0.0,45.0,0.0,0.0,0.0,283264200.0,2,0.0,45.0,0.0,0.0,0.0,522
285179400,1,0,39,0,0,0,283960800.0,1,0.0,39.0,0.0,0.0,0.0,283721400.0,1,0.0,39.0,0.0,0.0,0.0,521
285179400,1,90,53,16,0,1,283960800.0,1,90.0,53.0,15.0,2.0,2.0,283721400.0,1,90.0,53.0,21.0,4.0,0.0,520
285179400,2,90,48,14,4,2,283960800.0,2,90.0,48.0,10.0,2.0,2.0,283721400.0,2,90.0,48.0,14.0,10.0,2.0,519
285179400,2,0,40,0,0,0,283960800.0,2,0.0,40.0,0.0,0.0,0.0,283721400.0,2,0.0,40.0,0.0,0.0,0.0,518
285179400,2,0,40,0,0,0,283960800.0,2,0.0,40.0,0.0,0.0,0.0,283721400.0,2,0.0,40.0,0.0,0.0,0.0,517
285179400,3,0,98,0,0,0,283960800.0,3,90.0,99.0,31.0,13.0,8.0,283721400.0,3,90.0,99.0,18.0,7.0,5.0,516
285179400,3,84,46,12,4,2,283960800.0,3,58.0,46.0,-2.0,0.0,0.0,283721400.0,3,0.0,46.0,0.0,0.0,0.0,515
285179400,2,0,44,0,0,0,283960800.0,2,0.0,44.0,0.0,0.0,0.0,283721400.0,2,0.0,44.0,0.0,0.0,0.0,514
285179400,3,0,45,0,0,0,283960800.0,3,31.0,45.0,22.0,6.0,5.0,283721400.0,3,64.0,45.0,18.0,1.0,2.0,513
285179400,2,0,44,0,0,0,283960800.0,2,0.0,44.0,0.0,0.0,0.0,283721400.0,2,0.0,44.0,0.0,0.0,0.0,512
285179400,2,90,49,10,2,2,283960800.0,2,0.0,50.0,0.0,0.0,0.0,283721400.0,2,0.0,50.0,0.0,0.0,0.0,511
285179400,2,0,40,0,0,0,283960800.0,2,0.0,40.0,0.0,0.0,0.0,283721400.0,2,0.0,40.0,0.0,0.0,0.0,510
285179400,3,90,69,27,11,7,283960800.0,3,81.0,68.0,16.0,11.0,6.0,283721400.0,3,64.0,68.0,0.0,3.0,1.0,509
285179400,2,0,44,0,0,0,283887000.0,2,1.0,44.0,5.0,2.0,1.0,283550400.0,2,0.0,44.0,0.0,0.0,0.0,508
285179400,2,0,47,0,0,0,283960800.0,2,0.0,47.0,0.0,0.0,0.0,283721400.0,2,0.0,47.0,0.0,0.0,0.0,507
285179400,2,90,58,32,13,7,283960800.0,2,90.0,57.0,15.0,6.0,2.0,283721400.0,2,90.0,56.0,28.0,9.0,7.0,506
285179400,3,0,44,0,0,0,283960800.0,3,0.0,44.0,0.0,0.0,0.0,283721400.0,3,0.0,44.0,0.0,0.0,0.0,505
285179400,3,0,78,0,0,0,283960800.0,3,0.0,78.0,0.0,0.0,0.0,283721400.0,3,0.0,78.0,0.0,0.0,0.0,504
285179400,3,0,48,0,0,0,283960800.0,3,81.0,48.0,33.0,7.0,10.0,283721400.0,3,25.0,48.0,8.0,3.0,1.0,503
285179400,1,0,48,0,0,0,283960800.0,1,0.0,48.0,0.0,0.0,0.0,283721400.0,1,0.0,48.0,0.0,0.0,0.0,502
285179400,3,0,71,0,0,0,283960800.0,3,0.0,72.0,0.0,0.0,0.0,283721400.0,3,90.0,72.0,0.0,2.0,1.0,501
285179400,4,0,125,0,0,0,283960800.0,4,0.0,125.0,0.0,0.0,0.0,283721400.0,4,0.0,125.0,0.0,0.0,0.0,500
285179400,3,90,52,8,2,2,283960800.0,3,32.0,52.0,11.0,2.0,1.0,283721400.0,3,90.0,52.0,18.0,3.0,2.0,499
285179400,1,0,39,0,0,0,283960800.0,1,0.0,39.0,0.0,0.0,0.0,283721400.0,1,0.0,39.0,0.0,0.0,0.0,498
285179400,2,1,44,3,0,1,283960800.0,2,90.0,44.0,10.0,3.0,1.0,283721400.0,2,90.0,44.0,15.0,3.0,2.0,497
285179400,2,0,42,0,0,0,283960800.0,2,8.0,42.0,3.0,0.0,1.0,283721400.0,2,0.0,42.0,0.0,0.0,0.0,496
285179400,2,0,43,0,0,0,283960800.0,2,90.0,43.0,13.0,2.0,2.0,283721400.0,2,90.0,43.0,25.0,8.0,7.0,495
285179400,3,10,49,2,0,1,283960800.0,3,8.0,49.0,0.0,0.0,1.0,283721400.0,3,25.0,49.0,3.0,3.0,1.0,494
285179400,3,0,50,0,0,0,283960800.0,3,0.0,50.0,0.0,0.0,0.0,283721400.0,3,0.0,50.0,0.0,0.0,0.0,493
285179400,3,90,54,22,10,5,283960800.0,3,57.0,54.0,5.0,1.0,1.0,283721400.0,3,0.0,54.0,0.0,0.0,0.0,492
285179400,1,0,39,0,0,0,283960800.0,1,0.0,39.0,0.0,0.0,0.0,283721400.0,1,0.0,39.0,0.0,0.0,0.0,491
283878000,4,66,43,2,2,2,283532400.0,4,4.0,43.0,3.0,2.0,1.0,283204800.0,4,0.0,43.0,0.0,0.0,0.0,490
283878000,3,10,48,4,0,1,283532400.0,3,0.0,48.0,0.0,0.0,0.0,283204800.0,3,0.0,48.0,0.0,0.0,0.0,489
283878000,3,90,48,7,2,2,283532400.0,3,4.0,48.0,0.0,0.0,0.0,283204800.0,3,90.0,48.0,10.0,5.0,2.0,488
283878000,2,1,39,3,0,1,283532400.0,2,0.0,39.0,0.0,0.0,0.0,283204800.0,2,0.0,39.0,0.0,0.0,0.0,487
283878000,4,0,55,0,0,0,283532400.0,4,0.0,55.0,0.0,0.0,0.0,283204800.0,4,0.0,55.0,0.0,0.0,0.0,486
283878000,4,0,54,0,0,0,283532400.0,4,90.0,54.0,33.0,9.0,5.0,283204800.0,4,1.0,54.0,0.0,0.0,1.0,485
283878000,2,0,43,0,0,0,283532400.0,2,45.0,43.0,-3.0,1.0,1.0,283204800.0,2,32.0,43.0,4.0,1.0,1.0,484
283878000,4,0,48,0,0,0,283532400.0,4,0.0,48.0,0.0,0.0,0.0,283204800.0,4,0.0,48.0,0.0,0.0,0.0,483
283878000,1,90,45,12,1,1,283532400.0,1,90.0,45.0,12.0,1.0,1.0,283204800.0,1,90.0,45.0,12.0,2.0,2.0,482
283878000,3,0,49,0,0,0,283532400.0,3,0.0,49.0,0.0,0.0,0.0,283204800.0,3,0.0,49.0,0.0,0.0,0.0,481
283878000,2,0,43,0,0,0,283532400.0,2,0.0,43.0,0.0,0.0,0.0,283204800.0,2,0.0,43.0,0.0,0.0,0.0,480
283878000,1,0,40,0,0,0,283532400.0,1,0.0,40.0,0.0,0.0,0.0,283204800.0,1,0.0,40.0,0.0,0.0,0.0,479
283878000,3,0,44,0,0,0,283532400.0,3,0.0,44.0,0.0,0.0,0.0,283204800.0,3,0.0,44.0,0.0,0.0,0.0,478
283878000,4,23,49,3,0,1,283532400.0,4,4.0,49.0,3.0,0.0,1.0,283204800.0,4,0.0,49.0,0.0,0.0,0.0,477
283878000,2,90,45,7,6,1,283532400.0,2,0.0,45.0,0.0,0.0,0.0,283204800.0,2,90.0,45.0,4.0,2.0,1.0,476
285018300,3,0,47,0,0,0,283878000.0,3,55.0,47.0,-7.0,0.0,-2.0,283541400.0,3,90.0,47.0,4.0,2.0,1.0,475
283878000,2,0,39,0,0,0,283532400.0,2,0.0,39.0,0.0,0.0,0.0,283204800.0,2,0.0,39.0,0.0,0.0,0.0,474
283878000,2,90,39,9,2,2,283532400.0,2,90.0,39.0,14.0,4.0,1.0,283204800.0,2,90.0,39.0,6.0,1.0,2.0,473
283878000,1,0,39,0,0,0,283532400.0,1,0.0,39.0,0.0,0.0,0.0,283204800.0,1,0.0,39.0,0.0,0.0,0.0,472
283878000,2,0,43,0,0,0,283532400.0,2,90.0,43.0,26.0,7.0,8.0,283204800.0,2,0.0,43.0,0.0,0.0,0.0,471
283887000,3,90,48,12,2,2,283523400.0,3,20.0,48.0,3.0,0.0,1.0,283273200.0,3,90.0,48.0,5.0,3.0,2.0,470
283887000,2,0,44,0,0,0,283523400.0,2,1.0,44.0,5.0,0.0,1.0,283273200.0,2,0.0,44.0,0.0,0.0,0.0,469
283887000,4,90,49,5,0,2,283523400.0,4,90.0,49.0,85.0,20.0,5.0,283273200.0,4,90.0,49.0,47.0,13.0,7.0,468
283887000,2,16,43,5,0,1,283523400.0,2,20.0,43.0,3.0,0.0,0.0,283273200.0,2,90.0,43.0,19.0,7.0,2.0,467
283887000,4,0,44,0,0,0,283523400.0,4,0.0,44.0,0.0,0.0,0.0,283273200.0,4,0.0,44.0,0.0,0.0,0.0,466
283887000,2,3,44,3,0,1,283523400.0,2,0.0,44.0,0.0,0.0,0.0,283273200.0,2,84.0,44.0,10.0,2.0,2.0,465
283887000,4,0,45,0,0,0,283523400.0,4,0.0,45.0,0.0,0.0,0.0,283273200.0,4,0.0,45.0,0.0,0.0,0.0,464
283887000,3,0,48,0,0,0,283523400.0,3,0.0,48.0,0.0,0.0,0.0,283273200.0,3,0.0,48.0,0.0,0.0,0.0,463
283887000,3,0,45,0,0,0,283523400.0,3,0.0,45.0,0.0,0.0,0.0,283273200.0,3,0.0,45.0,0.0,0.0,0.0,462
283887000,2,0,44,0,0,0,283523400.0,2,0.0,44.0,0.0,0.0,0.0,283273200.0,2,0.0,44.0,0.0,0.0,0.0,461
283887000,2,0,40,0,0,0,283523400.0,2,0.0,40.0,0.0,0.0,0.0,283273200.0,2,0.0,40.0,0.0,0.0,0.0,460
283887000,3,0,45,0,0,0,283523400.0,3,0.0,45.0,0.0,0.0,0.0,283273200.0,3,0.0,45.0,0.0,0.0,0.0,459
283887000,3,0,49,0,0,0,283523400.0,3,0.0,49.0,0.0,0.0,0.0,283273200.0,3,0.0,49.0,0.0,0.0,0.0,458
283887000,2,90,45,22,2,2,283523400.0,2,90.0,45.0,15.0,2.0,2.0,283273200.0,2,64.0,45.0,12.0,2.0,2.0,457
283887000,3,0,44,0,0,0,283523400.0,3,0.0,44.0,0.0,0.0,0.0,283273200.0,3,0.0,44.0,0.0,0.0,0.0,456
283887000,2,0,44,0,0,0,283523400.0,2,0.0,44.0,0.0,0.0,0.0,283273200.0,2,0.0,44.0,0.0,0.0,0.0,455
283887000,2,0,40,0,0,0,283523400.0,2,0.0,40.0,0.0,0.0,0.0,283273200.0,2,0.0,40.0,0.0,0.0,0.0,454
283887000,3,3,50,-1,0,0,283523400.0,3,0.0,50.0,0.0,0.0,0.0,283273200.0,3,45.0,50.0,7.0,1.0,1.0,453
283887000,2,0,45,0,0,0,283523400.0,2,0.0,45.0,0.0,0.0,0.0,283273200.0,2,0.0,45.0,0.0,0.0,0.0,452
283887000,3,0,48,0,0,0,283523400.0,3,1.0,48.0,3.0,0.0,1.0,283273200.0,3,0.0,48.0,0.0,0.0,0.0,451
285179400,3,90,58,7,6,2,283960800.0,3,81.0,58.0,20.0,4.0,5.0,283721400.0,3,69.0,58.0,7.0,3.0,2.0,450
283887000,1,0,43,0,0,0,283523400.0,1,0.0,43.0,0.0,0.0,0.0,283273200.0,1,0.0,43.0,0.0,0.0,0.0,449
283887000,1,0,40,0,0,0,283523400.0,1,0.0,40.0,0.0,0.0,0.0,283273200.0,1,0.0,40.0,0.0,0.0,0.0,448
283887000,3,90,57,23,6,6,283523400.0,3,90.0,57.0,9.0,8.0,2.0,283273200.0,3,90.0,57.0,25.0,5.0,5.0,447
283887000,3,0,49,0,0,0,283523400.0,3,0.0,49.0,0.0,0.0,0.0,283273200.0,3,0.0,49.0,0.0,0.0,0.0,446
283887000,2,0,44,0,0,0,283523400.0,2,0.0,44.0,0.0,0.0,0.0,283273200.0,2,0.0,44.0,0.0,0.0,0.0,445
283887000,2,0,40,0,0,0,283523400.0,2,0.0,40.0,0.0,0.0,0.0,283273200.0,2,0.0,40.0,0.0,0.0,0.0,444
283887000,4,0,48,0,0,0,283523400.0,4,0.0,48.0,0.0,0.0,0.0,283273200.0,4,0.0,48.0,0.0,0.0,0.0,443
283887000,3,86,53,14,1,2,283523400.0,3,89.0,53.0,9.0,1.0,2.0,283273200.0,3,1.0,53.0,3.0,0.0,1.0,442
283887000,2,0,45,0,0,0,283523400.0,2,0.0,45.0,0.0,0.0,0.0,283273200.0,2,0.0,45.0,0.0,0.0,0.0,441
283887000,3,0,45,0,0,0,283523400.0,3,0.0,45.0,0.0,0.0,0.0,283273200.0,3,0.0,45.0,0.0,0.0,0.0,440
283887000,2,3,45,4,0,1,283523400.0,2,0.0,45.0,0.0,0.0,0.0,283273200.0,2,22.0,45.0,-8.0,0.0,-2.0,439
283887000,2,0,39,0,0,0,283523400.0,2,0.0,39.0,0.0,0.0,0.0,283273200.0,2,0.0,39.0,0.0,0.0,0.0,438
283887000,4,0,63,0,0,0,283523400.0,4,0.0,63.0,0.0,0.0,0.0,283273200.0,4,0.0,63.0,0.0,0.0,0.0,437
283887000,2,0,45,0,0,0,283523400.0,2,0.0,45.0,0.0,0.0,0.0,283273200.0,2,0.0,45.0,0.0,0.0,0.0,436
283887000,3,0,43,0,0,0,283523400.0,3,0.0,43.0,0.0,0.0,0.0,283273200.0,3,0.0,43.0,0.0,0.0,0.0,435
283887000,3,0,45,0,0,0,283523400.0,3,0.0,45.0,0.0,0.0,0.0,283273200.0,3,0.0,45.0,0.0,0.0,0.0,434
285096600,4,0,78,0,0,0,284068800.0,4,0.0,78.0,0.0,0.0,0.0,283523400.0,4,35.0,79.0,3.0,0.0,1.0,433
285096600,3,0,53,0,0,0,284068800.0,3,0.0,53.0,0.0,0.0,0.0,283523400.0,3,0.0,53.0,0.0,0.0,0.0,432
285096600,2,0,40,0,0,0,284068800.0,2,0.0,40.0,0.0,0.0,0.0,283523400.0,2,0.0,40.0,0.0,0.0,0.0,431
285096600,2,90,67,14,5,2,284068800.0,2,0.0,68.0,0.0,0.0,0.0,283523400.0,2,90.0,69.0,17.0,6.0,2.0,430
285096600,3,0,52,0,0,0,284068800.0,3,0.0,52.0,0.0,0.0,0.0,283523400.0,3,0.0,52.0,0.0,0.0,0.0,429
285096600,2,0,42,0,0,0,284068800.0,2,0.0,42.0,0.0,0.0,0.0,283523400.0,2,0.0,42.0,0.0,0.0,0.0,428
285096600,2,90,52,15,5,2,284068800.0,2,90.0,53.0,15.0,5.0,2.0,283523400.0,2,90.0,53.0,13.0,3.0,1.0,427
285096600,3,0,60,0,0,0,284068800.0,3,0.0,60.0,0.0,0.0,0.0,283523400.0,3,0.0,60.0,0.0,0.0,0.0,426
285096600,3,0,43,0,0,0,284068800.0,3,0.0,43.0,0.0,0.0,0.0,283523400.0,3,0.0,44.0,0.0,0.0,0.0,425
285096600,1,0,53,0,0,0,284068800.0,1,0.0,54.0,0.0,0.0,0.0,283523400.0,1,0.0,54.0,0.0,0.0,0.0,424
285096600,3,0,48,0,0,0,284068800.0,3,0.0,48.0,0.0,0.0,0.0,283523400.0,3,0.0,48.0,0.0,0.0,0.0,423
285096600,2,0,40,0,0,0,284068800.0,2,0.0,40.0,0.0,0.0,0.0,283523400.0,2,0.0,40.0,0.0,0.0,0.0,422
285096600,3,90,48,3,0,2,284068800.0,3,90.0,48.0,24.0,5.0,4.0,283523400.0,3,70.0,49.0,11.0,0.0,2.0,421
285096600,2,0,40,0,0,0,284068800.0,2,0.0,40.0,0.0,0.0,0.0,283523400.0,2,0.0,40.0,0.0,0.0,0.0,420
285096600,2,0,41,0,0,0,284068800.0,2,8.0,42.0,3.0,0.0,1.0,283523400.0,2,0.0,42.0,0.0,0.0,0.0,419
285096600,3,0,45,0,0,0,284068800.0,3,0.0,45.0,0.0,0.0,0.0,283523400.0,3,0.0,45.0,0.0,0.0,0.0,418
285096600,2,0,44,0,0,0,284068800.0,2,0.0,44.0,0.0,0.0,0.0,283523400.0,2,0.0,44.0,0.0,0.0,0.0,417
285096600,3,0,58,0,0,0,284068800.0,3,81.0,58.0,11.0,2.0,1.0,283523400.0,3,19.0,58.0,2.0,0.0,1.0,416
285096600,4,90,76,23,11,2,284068800.0,4,90.0,76.0,29.0,7.0,2.0,283523400.0,4,90.0,76.0,30.0,19.0,3.0,415
285096600,3,0,44,0,0,0,284068800.0,3,0.0,44.0,0.0,0.0,0.0,283523400.0,3,0.0,44.0,0.0,0.0,0.0,414
285096600,3,0,44,0,0,0,284068800.0,3,0.0,44.0,0.0,0.0,0.0,283523400.0,3,0.0,44.0,0.0,0.0,0.0,413
285096600,3,85,61,24,7,6,284068800.0,3,90.0,61.0,21.0,5.0,5.0,283523400.0,3,90.0,62.0,-5.0,3.0,1.0,412
285096600,1,0,39,0,0,0,284068800.0,1,0.0,39.0,0.0,0.0,0.0,283523400.0,1,0.0,39.0,0.0,0.0,0.0,411
285096600,3,0,49,0,0,0,284068800.0,3,0.0,49.0,0.0,0.0,0.0,283523400.0,3,0.0,49.0,0.0,0.0,0.0,410
285096600,1,90,42,25,5,1,284068800.0,1,90.0,42.0,36.0,8.0,0.0,283523400.0,1,90.0,42.0,16.0,4.0,1.0,409
285096600,1,0,40,0,0,0,284068800.0,1,0.0,40.0,0.0,0.0,0.0,283523400.0,1,0.0,40.0,0.0,0.0,0.0,408
285096600,2,90,44,23,5,5,284068800.0,2,81.0,44.0,9.0,2.0,2.0,283523400.0,2,54.0,44.0,4.0,1.0,1.0,407
285096600,3,90,58,17,6,4,284068800.0,3,90.0,58.0,6.0,0.0,1.0,283523400.0,3,90.0,58.0,6.0,3.0,1.0,406
285096600,2,90,45,17,2,2,284068800.0,2,90.0,45.0,19.0,8.0,7.0,283523400.0,2,78.0,45.0,13.0,1.0,2.0,405
285096600,2,0,40,0,0,0,284068800.0,2,0.0,40.0,0.0,0.0,0.0,283523400.0,2,0.0,40.0,0.0,0.0,0.0,404
285096600,3,0,42,0,0,0,284068800.0,3,0.0,42.0,0.0,0.0,0.0,283523400.0,3,0.0,42.0,0.0,0.0,0.0,403
285096600,3,90,62,9,6,2,284068800.0,3,36.0,62.0,3.0,0.0,1.0,283523400.0,3,54.0,62.0,12.0,5.0,1.0,402
285179400,2,90,44,13,2,1,283887000.0,2,89.0,44.0,12.0,4.0,2.0,283550400.0,2,90.0,44.0,17.0,1.0,2.0,401
285179400,3,0,47,0,0,0,283887000.0,3,0.0,47.0,0.0,0.0,0.0,283550400.0,3,0.0,47.0,0.0,0.0,0.0,400
285179400,4,0,44,0,0,0,283887000.0,4,0.0,44.0,0.0,0.0,0.0,283550400.0,4,0.0,44.0,0.0,0.0,0.0,399
285179400,2,0,52,0,0,0,283887000.0,2,0.0,52.0,0.0,0.0,0.0,283550400.0,2,0.0,52.0,0.0,0.0,0.0,398
285179400,3,0,67,0,0,0,283887000.0,3,0.0,67.0,0.0,0.0,0.0,283550400.0,3,0.0,67.0,0.0,0.0,0.0,397
285179400,3,87,84,18,7,6,283887000.0,3,90.0,84.0,22.0,5.0,6.0,283550400.0,3,79.0,84.0,17.0,8.0,5.0,396
285179400,2,90,49,13,2,2,283887000.0,2,90.0,49.0,11.0,2.0,1.0,283550400.0,2,90.0,49.0,14.0,2.0,2.0,395
285179400,3,0,43,0,0,0,283887000.0,3,0.0,43.0,0.0,0.0,0.0,283550400.0,3,0.0,43.0,0.0,0.0,0.0,394
285018300,2,90,40,10,1,2,283869000.0,2,90.0,40.0,7.0,3.0,1.0,283532400.0,2,90.0,40.0,8.0,2.0,2.0,393
285179400,3,32,47,-2,1,1,283887000.0,3,45.0,48.0,4.0,4.0,1.0,283550400.0,3,9.0,49.0,5.0,0.0,1.0,392
285179400,2,27,47,2,0,1,283887000.0,2,0.0,47.0,0.0,0.0,0.0,283550400.0,2,0.0,47.0,0.0,0.0,0.0,391
285179400,4,0,64,0,0,0,283887000.0,4,0.0,64.0,0.0,0.0,0.0,283550400.0,4,0.0,64.0,0.0,0.0,0.0,390
285179400,2,0,43,0,0,0,283887000.0,2,0.0,43.0,0.0,0.0,0.0,283550400.0,2,0.0,43.0,0.0,0.0,0.0,389
285179400,3,90,44,9,1,2,283887000.0,3,45.0,44.0,0.0,1.0,1.0,283550400.0,3,80.0,44.0,11.0,1.0,2.0,388
285179400,2,0,42,0,0,0,283887000.0,2,0.0,42.0,0.0,0.0,0.0,283550400.0,2,0.0,42.0,0.0,0.0,0.0,387
285179400,2,0,45,0,0,0,283887000.0,2,0.0,45.0,0.0,0.0,0.0,283550400.0,2,0.0,45.0,0.0,0.0,0.0,386
283878000,1,90,44,18,2,2,283635000.0,1,90.0,44.0,9.0,1.0,1.0,283118400.0,1,90.0,44.0,16.0,3.0,1.0,385
285179400,1,0,40,0,0,0,283887000.0,1,0.0,40.0,0.0,0.0,0.0,283550400.0,1,0.0,40.0,0.0,0.0,0.0,384
285179400,3,0,43,0,0,0,283887000.0,3,0.0,44.0,0.0,0.0,0.0,283550400.0,3,1.0,44.0,1.0,0.0,1.0,383
285179400,3,90,48,12,4,2,283887000.0,3,90.0,48.0,8.0,6.0,4.0,283550400.0,3,90.0,47.0,37.0,12.0,12.0,382
285179400,3,0,50,0,0,0,283887000.0,3,0.0,50.0,0.0,0.0,0.0,283550400.0,3,0.0,50.0,0.0,0.0,0.0,381
285179400,2,0,40,0,0,0,283887000.0,2,0.0,40.0,0.0,0.0,0.0,283550400.0,2,0.0,40.0,0.0,0.0,0.0,380
285179400,3,57,58,6,3,1,283887000.0,3,90.0,58.0,12.0,6.0,1.0,283550400.0,3,90.0,58.0,13.0,4.0,2.0,379
283887000,3,86,50,22,7,5,283523400.0,3,89.0,50.0,35.0,14.0,10.0,283273200.0,3,90.0,50.0,19.0,8.0,6.0,378
285179400,2,90,51,20,4,2,283887000.0,2,90.0,51.0,5.0,1.0,1.0,283550400.0,2,90.0,51.0,22.0,3.0,2.0,377
285179400,3,0,53,0,0,0,283887000.0,3,0.0,53.0,0.0,0.0,0.0,283550400.0,3,0.0,53.0,0.0,0.0,0.0,376
285179400,2,0,40,0,0,0,283887000.0,2,0.0,40.0,0.0,0.0,0.0,283550400.0,2,0.0,40.0,0.0,0.0,0.0,375
285179400,2,0,40,0,0,0,283887000.0,2,0.0,40.0,0.0,0.0,0.0,283550400.0,2,0.0,40.0,0.0,0.0,0.0,374
285179400,3,90,82,10,3,2,283887000.0,3,90.0,82.0,12.0,5.0,2.0,283550400.0,3,90.0,82.0,10.0,8.0,1.0,373
285179400,3,2,68,3,0,1,283887000.0,3,53.0,68.0,2.0,1.0,1.0,283550400.0,3,10.0,68.0,6.0,0.0,1.0,372
285179400,3,0,44,0,0,0,283887000.0,3,36.0,44.0,7.0,4.0,1.0,283550400.0,3,0.0,44.0,0.0,0.0,0.0,371
285179400,2,0,45,0,0,0,283887000.0,2,0.0,45.0,0.0,0.0,0.0,283550400.0,2,0.0,45.0,0.0,0.0,0.0,370
285096600,2,90,54,26,6,7,283878000.0,2,67.0,53.0,21.0,1.0,3.0,283637700.0,2,90.0,53.0,18.0,2.0,2.0,369
285096600,2,0,53,0,0,0,283878000.0,2,0.0,53.0,0.0,0.0,0.0,283637700.0,2,42.0,53.0,8.0,0.0,1.0,368
285096600,1,0,39,0,0,0,283878000.0,1,0.0,39.0,0.0,0.0,0.0,283637700.0,1,0.0,39.0,0.0,0.0,0.0,367
285096600,2,0,39,0,0,0,283878000.0,2,0.0,39.0,0.0,0.0,0.0,283637700.0,2,0.0,39.0,0.0,0.0,0.0,366
285096600,3,90,56,22,11,4,283878000.0,3,90.0,56.0,35.0,9.0,8.0,283637700.0,3,90.0,56.0,11.0,4.0,2.0,365
285096600,3,0,47,0,0,0,283878000.0,3,0.0,47.0,0.0,0.0,0.0,283637700.0,3,0.0,47.0,0.0,0.0,0.0,364
285096600,3,0,44,0,0,0,283878000.0,3,0.0,44.0,0.0,0.0,0.0,283637700.0,3,0.0,44.0,0.0,0.0,0.0,363
285078600,3,90,57,28,9,8,283869000.0,3,90.0,56.0,57.0,17.0,16.0,283635000.0,3,0.0,56.0,0.0,0.0,0.0,362
285096600,1,82,38,13,2,1,283878000.0,1,0.0,38.0,0.0,0.0,0.0,283637700.0,1,0.0,38.0,0.0,0.0,0.0,361
283878000,3,0,44,0,0,0,283532400.0,3,90.0,44.0,17.0,6.0,5.0,283204800.0,3,14.0,44.0,6.0,1.0,1.0,360
285096600,3,0,75,0,0,0,283878000.0,3,0.0,75.0,0.0,0.0,0.0,283637700.0,3,0.0,75.0,0.0,0.0,0.0,359
285096600,2,0,43,0,0,0,283878000.0,2,22.0,43.0,2.0,0.0,1.0,283637700.0,2,0.0,43.0,0.0,0.0,0.0,358
285096600,2,0,49,0,0,0,283878000.0,2,0.0,49.0,0.0,0.0,0.0,283637700.0,2,0.0,49.0,0.0,0.0,0.0,357
285096600,3,90,47,16,6,2,283878000.0,3,67.0,47.0,11.0,3.0,1.0,283637700.0,3,25.0,47.0,8.0,0.0,1.0,356
285096600,4,0,139,0,0,0,283878000.0,4,0.0,139.0,0.0,0.0,0.0,283637700.0,4,0.0,139.0,0.0,0.0,0.0,355
285096600,3,0,72,0,0,0,283878000.0,3,51.0,72.0,4.0,3.0,1.0,283637700.0,3,90.0,72.0,14.0,9.0,1.0,354
285096600,3,90,79,10,11,2,283878000.0,3,90.0,77.0,42.0,17.0,11.0,283637700.0,3,90.0,76.0,33.0,12.0,7.0,353
285096600,1,7,55,2,0,1,283878000.0,1,90.0,55.0,24.0,2.0,6.0,283637700.0,1,90.0,55.0,19.0,1.0,2.0,352
283878000,3,90,44,12,2,1,283635000.0,3,25.0,44.0,3.0,0.0,1.0,283352400.0,3,15.0,44.0,3.0,1.0,1.0,351
285096600,2,90,55,17,3,2,283878000.0,2,22.0,55.0,9.0,0.0,1.0,283637700.0,2,0.0,55.0,0.0,0.0,0.0,350
285096600,3,21,103,35,10,11,283878000.0,3,0.0,102.0,0.0,0.0,0.0,283637700.0,3,0.0,102.0,0.0,0.0,0.0,349
285096600,3,0,45,0,0,0,283878000.0,3,0.0,45.0,0.0,0.0,0.0,283637700.0,3,0.0,45.0,0.0,0.0,0.0,348
285096600,1,0,39,0,0,0,283878000.0,1,0.0,39.0,0.0,0.0,0.0,283637700.0,1,0.0,39.0,0.0,0.0,0.0,347
285096600,2,0,58,0,0,0,283878000.0,2,0.0,58.0,0.0,0.0,0.0,283637700.0,2,0.0,58.0,0.0,0.0,0.0,346
285096600,3,8,44,26,8,7,283878000.0,3,38.0,44.0,1.0,3.0,1.0,283637700.0,3,0.0,44.0,0.0,0.0,0.0,345
285096600,3,68,65,26,9,7,283878000.0,3,90.0,65.0,13.0,8.0,2.0,283637700.0,3,90.0,64.0,38.0,11.0,12.0,344
285096600,4,90,70,15,13,2,283878000.0,4,90.0,69.0,33.0,8.0,3.0,283637700.0,4,90.0,68.0,37.0,19.0,4.0,343
285096600,2,90,50,11,0,2,283878000.0,2,90.0,50.0,26.0,3.0,3.0,283637700.0,2,90.0,50.0,26.0,2.0,5.0,342
285096600,2,0,49,0,0,0,283878000.0,2,90.0,49.0,26.0,3.0,3.0,283637700.0,2,90.0,49.0,11.0,1.0,1.0,341
285018300,4,0,44,0,0,0,283869000.0,4,1.0,44.0,3.0,0.0,1.0,283532400.0,4,0.0,44.0,0.0,0.0,0.0,340
285018300,3,0,44,0,0,0,283869000.0,3,0.0,44.0,0.0,0.0,0.0,283532400.0,3,0.0,44.0,0.0,0.0,0.0,339
285018300,1,0,40,0,0,0,283869000.0,1,0.0,40.0,0.0,0.0,0.0,283532400.0,1,0.0,40.0,0.0,0.0,0.0,338
285018300,3,0,45,0,0,0,283869000.0,3,0.0,45.0,0.0,0.0,0.0,283532400.0,3,0.0,45.0,0.0,0.0,0.0,337
285018300,4,0,45,0,0,0,283869000.0,4,0.0,45.0,0.0,0.0,0.0,283532400.0,4,0.0,45.0,0.0,0.0,0.0,336
285018300,1,0,43,0,0,0,283869000.0,1,0.0,43.0,0.0,0.0,0.0,283532400.0,1,0.0,43.0,0.0,0.0,0.0,335
285018300,3,0,44,0,0,0,283869000.0,3,0.0,44.0,0.0,0.0,0.0,283532400.0,3,0.0,44.0,0.0,0.0,0.0,334
285018300,2,0,39,0,0,0,283869000.0,2,0.0,39.0,0.0,0.0,0.0,283532400.0,2,0.0,39.0,0.0,0.0,0.0,333
285018300,3,0,44,0,0,0,283869000.0,3,0.0,44.0,0.0,0.0,0.0,283532400.0,3,0.0,44.0,0.0,0.0,0.0,332
285018300,4,0,45,0,0,0,283869000.0,4,0.0,45.0,0.0,0.0,0.0,283532400.0,4,0.0,45.0,0.0,0.0,0.0,331
285018300,2,90,44,22,1,2,283869000.0,2,90.0,44.0,11.0,1.0,2.0,283532400.0,2,90.0,44.0,12.0,1.0,2.0,330
285018300,3,0,50,0,0,0,283869000.0,3,0.0,50.0,0.0,0.0,0.0,283532400.0,3,0.0,50.0,0.0,0.0,0.0,329
285018300,4,90,49,20,14,2,283869000.0,4,45.0,49.0,8.0,7.0,1.0,283532400.0,4,18.0,49.0,2.0,0.0,1.0,328
285018300,4,0,45,0,0,0,283869000.0,4,0.0,45.0,0.0,0.0,0.0,283532400.0,4,0.0,45.0,0.0,0.0,0.0,327
285018300,4,16,50,24,5,3,283869000.0,4,28.0,51.0,-2.0,5.0,1.0,283532400.0,4,19.0,51.0,19.0,0.0,7.0,326
285018300,3,0,45,0,0,0,283869000.0,3,0.0,45.0,0.0,0.0,0.0,283532400.0,3,0.0,45.0,0.0,0.0,0.0,325
285018300,4,0,45,0,0,0,283869000.0,4,0.0,45.0,0.0,0.0,0.0,283532400.0,4,0.0,45.0,0.0,0.0,0.0,324
285018300,1,0,40,0,0,0,283869000.0,1,0.0,40.0,0.0,0.0,0.0,283532400.0,1,0.0,40.0,0.0,0.0,0.0,323
285018300,3,0,49,0,0,0,283869000.0,3,0.0,49.0,0.0,0.0,0.0,283532400.0,3,0.0,49.0,0.0,0.0,0.0,322
285018300,2,90,45,21,6,5,283869000.0,2,90.0,44.0,44.0,13.0,10.0,283532400.0,2,78.0,44.0,24.0,9.0,7.0,321
285018300,3,73,48,7,1,2,283869000.0,3,0.0,48.0,0.0,0.0,0.0,283532400.0,3,0.0,48.0,0.0,0.0,0.0,320
285018300,3,0,49,0,0,0,283869000.0,3,0.0,49.0,0.0,0.0,0.0,283532400.0,3,0.0,49.0,0.0,0.0,0.0,319
285018300,2,0,40,0,0,0,283869000.0,2,0.0,40.0,0.0,0.0,0.0,283532400.0,2,0.0,40.0,0.0,0.0,0.0,318
285018300,3,4,47,0,0,1,283869000.0,3,0.0,47.0,0.0,0.0,0.0,283532400.0,3,0.0,47.0,0.0,0.0,0.0,317
285018300,2,90,39,14,1,2,283869000.0,2,90.0,39.0,12.0,2.0,2.0,283532400.0,2,90.0,39.0,9.0,2.0,2.0,316
285018300,2,0,39,0,0,0,283869000.0,2,0.0,39.0,0.0,0.0,0.0,283532400.0,2,12.0,39.0,3.0,0.0,1.0,315
285018300,4,90,48,5,3,2,283869000.0,4,90.0,48.0,18.0,8.0,2.0,283532400.0,4,70.0,48.0,3.0,7.0,2.0,314
284068800,2,90,62,15,1,2,283541400.0,2,90.0,62.0,29.0,3.0,4.0,283282200.0,2,90.0,62.0,12.0,2.0,2.0,313
284068800,2,0,40,0,0,0,283541400.0,2,0.0,40.0,0.0,0.0,0.0,283282200.0,2,0.0,40.0,0.0,0.0,0.0,312
284068800,2,0,47,0,0,0,283541400.0,2,0.0,48.0,0.0,0.0,0.0,283282200.0,2,34.0,49.0,4.0,0.0,1.0,311
284068800,3,0,48,0,0,0,283541400.0,3,0.0,48.0,0.0,0.0,0.0,283282200.0,3,0.0,48.0,0.0,0.0,0.0,310
284068800,3,63,71,14,6,2,283541400.0,3,23.0,71.0,0.0,0.0,1.0,283282200.0,3,90.0,71.0,15.0,2.0,2.0,309
284068800,3,90,133,52,27,14,283541400.0,3,90.0,133.0,7.0,5.0,2.0,283282200.0,3,90.0,132.0,23.0,12.0,6.0,308
284068800,2,0,64,0,0,0,283541400.0,2,0.0,64.0,0.0,0.0,0.0,283282200.0,2,0.0,64.0,0.0,0.0,0.0,307
284068800,2,0,40,0,0,0,283541400.0,2,0.0,40.0,0.0,0.0,0.0,283282200.0,2,0.0,40.0,0.0,0.0,0.0,306
284068800,2,0,49,0,0,0,283541400.0,2,0.0,49.0,0.0,0.0,0.0,283282200.0,2,0.0,49.0,0.0,0.0,0.0,305
284068800,3,15,58,2,0,1,283541400.0,3,0.0,58.0,0.0,0.0,0.0,283282200.0,3,0.0,58.0,0.0,0.0,0.0,304
284068800,3,63,73,8,7,1,283541400.0,3,23.0,74.0,9.0,5.0,4.0,283282200.0,3,67.0,74.0,4.0,2.0,2.0,303
284068800,2,90,49,11,3,2,283541400.0,2,0.0,49.0,0.0,0.0,0.0,283282200.0,2,90.0,49.0,13.0,3.0,2.0,302
284068800,1,0,38,0,0,0,283541400.0,1,0.0,38.0,0.0,0.0,0.0,283282200.0,1,0.0,38.0,0.0,0.0,0.0,301
284068800,3,90,49,37,14,8,283541400.0,3,24.0,49.0,0.0,0.0,1.0,283282200.0,3,67.0,49.0,12.0,2.0,2.0,300
284068800,3,0,50,0,0,0,283541400.0,3,0.0,50.0,0.0,0.0,0.0,283282200.0,3,0.0,50.0,0.0,0.0,0.0,299
284068800,2,90,45,11,2,2,283541400.0,2,90.0,45.0,26.0,1.0,3.0,283282200.0,2,55.0,45.0,11.0,6.0,1.0,298
284068800,4,26,72,32,7,1,283541400.0,4,66.0,72.0,19.0,11.0,5.0,283282200.0,4,67.0,72.0,3.0,3.0,2.0,297
284068800,3,0,50,0,0,0,283541400.0,3,0.0,50.0,0.0,0.0,0.0,283282200.0,3,0.0,50.0,0.0,0.0,0.0,296
284068800,3,0,48,0,0,0,283541400.0,3,66.0,48.0,17.0,5.0,2.0,283282200.0,3,22.0,48.0,8.0,2.0,1.0,295
284068800,3,26,77,24,5,7,283541400.0,3,6.0,77.0,20.0,7.0,5.0,283282200.0,3,0.0,77.0,0.0,0.0,0.0,294
284068800,4,63,75,6,16,5,283541400.0,4,83.0,75.0,32.0,10.0,4.0,283282200.0,4,22.0,75.0,6.0,0.0,1.0,293
284068800,3,0,47,0,0,0,283541400.0,3,0.0,47.0,0.0,0.0,0.0,283282200.0,3,0.0,47.0,0.0,0.0,0.0,292
284068800,1,90,56,14,1,1,283541400.0,1,90.0,56.0,24.0,0.0,6.0,283282200.0,1,90.0,56.0,16.0,1.0,2.0,291
284068800,2,90,84,10,5,1,283541400.0,2,90.0,83.0,36.0,8.0,5.0,283282200.0,2,90.0,82.0,20.0,8.0,5.0,290
284068800,1,0,39,0,0,0,283541400.0,1,0.0,39.0,0.0,0.0,0.0,283282200.0,1,0.0,39.0,0.0,0.0,0.0,289
285078600,3,63,53,3,4,1,283960800.0,3,10.0,53.0,4.0,0.0,1.0,283532400.0,3,17.0,53.0,2.0,0.0,1.0,288
285078600,4,0,46,0,0,0,283960800.0,4,0.0,46.0,0.0,0.0,0.0,283532400.0,4,8.0,47.0,3.0,0.0,1.0,287
285078600,2,90,43,15,4,2,283960800.0,2,90.0,43.0,11.0,2.0,2.0,283532400.0,2,90.0,43.0,16.0,3.0,2.0,286
285078600,2,63,44,10,2,2,283960800.0,2,0.0,44.0,0.0,0.0,0.0,283532400.0,2,72.0,44.0,18.0,2.0,2.0,285
285078600,1,0,39,0,0,0,283960800.0,1,0.0,39.0,0.0,0.0,0.0,283532400.0,1,0.0,39.0,0.0,0.0,0.0,284
285078600,2,90,44,14,5,2,283960800.0,2,90.0,44.0,13.0,5.0,2.0,283532400.0,2,82.0,44.0,11.0,6.0,2.0,283
285078600,3,0,45,0,0,0,283960800.0,3,1.0,45.0,3.0,0.0,1.0,283532400.0,3,0.0,46.0,0.0,0.0,0.0,282
285078600,2,0,45,0,0,0,283960800.0,2,0.0,45.0,0.0,0.0,0.0,283532400.0,2,0.0,45.0,0.0,0.0,0.0,281
285078600,3,81,50,10,3,2,283960800.0,3,90.0,50.0,15.0,3.0,2.0,283532400.0,3,90.0,50.0,19.0,2.0,2.0,280
285078600,4,8,44,4,1,1,283960800.0,4,0.0,44.0,0.0,0.0,0.0,283532400.0,4,90.0,44.0,4.0,4.0,2.0,279
285078600,4,0,74,0,0,0,283960800.0,4,0.0,74.0,0.0,0.0,0.0,283532400.0,4,0.0,74.0,0.0,0.0,0.0,278
285078600,2,0,40,0,0,0,283960800.0,2,0.0,40.0,0.0,0.0,0.0,283532400.0,2,0.0,40.0,0.0,0.0,0.0,277
285078600,3,8,43,2,0,1,283960800.0,3,0.0,43.0,0.0,0.0,0.0,283532400.0,3,7.0,43.0,2.0,0.0,1.0,276
285078600,1,90,48,14,1,2,283960800.0,1,90.0,48.0,8.0,1.0,1.0,283532400.0,1,90.0,48.0,7.0,1.0,0.0,275
285078600,2,0,40,0,0,0,283960800.0,2,0.0,40.0,0.0,0.0,0.0,283532400.0,2,0.0,40.0,0.0,0.0,0.0,274
285078600,3,0,44,0,0,0,283960800.0,3,0.0,44.0,0.0,0.0,0.0,283532400.0,3,0.0,44.0,0.0,0.0,0.0,273
285078600,3,0,44,0,0,0,283960800.0,3,0.0,44.0,0.0,0.0,0.0,283532400.0,3,0.0,44.0,0.0,0.0,0.0,272
285078600,2,90,44,15,2,2,283960800.0,2,10.0,44.0,4.0,0.0,1.0,283532400.0,2,0.0,44.0,0.0,0.0,0.0,271
285078600,3,26,53,3,0,1,283960800.0,3,79.0,54.0,29.0,7.0,9.0,283532400.0,3,72.0,54.0,9.0,2.0,2.0,270
285078600,3,0,50,0,0,0,283960800.0,3,0.0,50.0,0.0,0.0,0.0,283532400.0,3,0.0,50.0,0.0,0.0,0.0,269
285078600,3,90,49,10,2,2,283960800.0,3,90.0,49.0,22.0,5.0,6.0,283532400.0,3,82.0,49.0,15.0,2.0,2.0,268
285078600,3,81,53,5,5,2,283960800.0,3,18.0,53.0,3.0,1.0,1.0,283532400.0,3,82.0,53.0,10.0,4.0,1.0,267
285170400,1,0,39,0,0,0,283878000.0,1,0.0,39.0,0.0,0.0,0.0,283637700.0,1,0.0,39.0,0.0,0.0,0.0,266
285170400,2,90,45,21,2,2,283878000.0,2,90.0,45.0,12.0,5.0,1.0,283637700.0,2,90.0,45.0,8.0,2.0,2.0,265
285170400,4,0,45,0,0,0,283878000.0,4,0.0,45.0,0.0,0.0,0.0,283637700.0,4,0.0,45.0,0.0,0.0,0.0,264
285170400,1,90,45,29,3,8,283878000.0,1,90.0,44.0,17.0,3.0,1.0,283637700.0,1,90.0,44.0,17.0,4.0,0.0,263
285170400,2,0,44,0,0,0,283878000.0,2,62.0,44.0,6.0,0.0,1.0,283637700.0,2,90.0,44.0,6.0,2.0,1.0,262
285170400,3,90,47,7,3,2,283878000.0,3,90.0,47.0,14.0,2.0,2.0,283637700.0,3,90.0,47.0,4.0,0.0,2.0,261
285170400,2,90,46,21,2,3,283878000.0,2,90.0,46.0,21.0,2.0,2.0,283637700.0,2,90.0,46.0,10.0,2.0,2.0,260
285170400,3,27,54,3,0,1,283878000.0,3,73.0,54.0,6.0,2.0,1.0,283637700.0,3,90.0,54.0,22.0,5.0,5.0,259
283878000,4,27,49,1,1,1,283635000.0,4,90.0,49.0,14.0,4.0,5.0,282751200.0,4,22.0,49.0,-1.0,0.0,0.0,258
285170400,2,0,43,0,0,0,283878000.0,2,62.0,43.0,10.0,1.0,2.0,283637700.0,2,25.0,43.0,3.0,0.0,1.0,257
285078600,3,0,53,0,0,0,283960800.0,3,71.0,53.0,13.0,4.0,2.0,283532400.0,3,90.0,53.0,12.0,1.0,2.0,256
285170400,2,0,40,0,0,0,283878000.0,2,0.0,40.0,0.0,0.0,0.0,283637700.0,2,0.0,40.0,0.0,0.0,0.0,255
285170400,3,0,48,0,0,0,283878000.0,3,0.0,48.0,0.0,0.0,0.0,283637700.0,3,0.0,48.0,0.0,0.0,0.0,254
285170400,3,0,53,0,0,0,283878000.0,3,0.0,53.0,0.0,0.0,0.0,283637700.0,3,0.0,53.0,0.0,0.0,0.0,253
285170400,2,0,43,0,0,0,283878000.0,2,0.0,43.0,0.0,0.0,0.0,283637700.0,2,0.0,43.0,0.0,0.0,0.0,252
285170400,3,0,44,0,0,0,283878000.0,3,0.0,44.0,0.0,0.0,0.0,283637700.0,3,0.0,44.0,0.0,0.0,0.0,251
285170400,3,90,49,11,7,2,283878000.0,3,90.0,49.0,13.0,2.0,2.0,283637700.0,3,90.0,49.0,10.0,4.0,2.0,250
285170400,3,90,55,11,2,2,283878000.0,3,0.0,55.0,0.0,0.0,0.0,283637700.0,3,0.0,55.0,0.0,0.0,0.0,249
285170400,3,0,48,0,0,0,283878000.0,3,0.0,48.0,0.0,0.0,0.0,283637700.0,3,0.0,48.0,0.0,0.0,0.0,248
285170400,2,90,44,25,2,3,283878000.0,2,27.0,44.0,6.0,0.0,1.0,283637700.0,2,0.0,44.0,0.0,0.0,0.0,247
285170400,4,62,58,0,2,2,283878000.0,4,73.0,58.0,3.0,6.0,2.0,283637700.0,4,25.0,58.0,-1.0,0.0,1.0,246
285170400,2,90,41,21,2,3,283878000.0,2,90.0,41.0,15.0,2.0,2.0,283637700.0,2,90.0,41.0,12.0,1.0,1.0,245
285170400,3,0,44,0,0,0,283878000.0,3,27.0,44.0,2.0,1.0,1.0,283637700.0,3,64.0,44.0,6.0,0.0,1.0,244
283878000,1,0,39,0,0,0,283635000.0,1,0.0,39.0,0.0,0.0,0.0,283118400.0,1,0.0,40.0,0.0,0.0,0.0,243
283878000,2,0,45,0,0,0,283635000.0,2,0.0,45.0,0.0,0.0,0.0,283118400.0,2,0.0,45.0,0.0,0.0,0.0,242
283878000,2,0,40,0,0,0,283635000.0,2,0.0,40.0,0.0,0.0,0.0,283118400.0,2,0.0,40.0,0.0,0.0,0.0,241
283878000,3,1,49,3,0,1,283635000.0,3,11.0,49.0,6.0,1.0,1.0,283118400.0,3,0.0,49.0,0.0,0.0,0.0,240
283878000,3,0,44,0,0,0,283635000.0,3,0.0,44.0,0.0,0.0,0.0,283118400.0,3,0.0,44.0,0.0,0.0,0.0,239
283878000,2,90,39,9,1,2,283635000.0,2,90.0,39.0,3.0,2.0,1.0,283118400.0,2,90.0,39.0,11.0,1.0,2.0,238
283878000,4,0,45,0,0,0,283635000.0,4,0.0,45.0,0.0,0.0,0.0,283118400.0,4,0.0,45.0,0.0,0.0,0.0,237
283878000,3,90,58,55,21,13,283635000.0,3,90.0,58.0,27.0,14.0,8.0,283118400.0,3,90.0,58.0,26.0,11.0,6.0,236
283878000,2,0,40,0,0,0,283635000.0,2,0.0,40.0,0.0,0.0,0.0,283118400.0,2,0.0,40.0,0.0,0.0,0.0,235
283878000,2,90,47,28,6,6,283635000.0,2,90.0,47.0,7.0,2.0,1.0,283118400.0,2,90.0,47.0,4.0,2.0,1.0,234
283878000,1,0,39,0,0,0,283635000.0,1,0.0,39.0,0.0,0.0,0.0,283118400.0,1,0.0,39.0,0.0,0.0,0.0,233
283878000,4,85,49,12,6,2,283635000.0,4,90.0,49.0,0.0,5.0,2.0,283118400.0,4,90.0,49.0,8.0,7.0,1.0,232
283878000,3,90,47,8,4,2,283635000.0,3,89.0,47.0,11.0,1.0,2.0,283118400.0,3,90.0,47.0,11.0,2.0,2.0,231
283878000,1,0,45,0,0,0,283635000.0,1,0.0,45.0,0.0,0.0,0.0,283118400.0,1,0.0,46.0,0.0,0.0,0.0,230
283878000,3,4,49,1,0,1,283635000.0,3,0.0,49.0,0.0,0.0,0.0,283118400.0,3,58.0,49.0,-1.0,0.0,0.0,229
283878000,2,90,45,22,4,5,283635000.0,2,90.0,45.0,13.0,1.0,2.0,283118400.0,2,90.0,45.0,14.0,1.0,2.0,228
283878000,1,0,44,0,0,0,283635000.0,1,0.0,44.0,0.0,0.0,0.0,283118400.0,1,0.0,44.0,0.0,0.0,0.0,227
283878000,3,85,60,36,11,8,283635000.0,3,90.0,60.0,1.0,5.0,2.0,283118400.0,3,20.0,60.0,-3.0,1.0,1.0,226
283878000,4,0,54,0,0,0,283635000.0,4,0.0,54.0,0.0,0.0,0.0,283118400.0,4,0.0,54.0,0.0,0.0,0.0,225
283878000,3,0,44,0,0,0,283635000.0,3,0.0,45.0,0.0,0.0,0.0,283118400.0,3,0.0,45.0,0.0,0.0,0.0,224
283878000,3,0,49,0,0,0,283635000.0,3,0.0,49.0,0.0,0.0,0.0,283118400.0,3,0.0,49.0,0.0,0.0,0.0,223
283878000,2,90,44,16,1,2,283635000.0,2,90.0,44.0,16.0,2.0,2.0,283118400.0,2,90.0,44.0,9.0,1.0,2.0,222
283878000,3,90,54,22,7,5,283635000.0,3,78.0,54.0,17.0,5.0,5.0,283118400.0,3,69.0,54.0,22.0,11.0,6.0,221
283878000,2,90,49,11,2,2,283635000.0,2,90.0,49.0,12.0,4.0,2.0,283118400.0,2,90.0,50.0,19.0,3.0,2.0,220
283878000,3,0,43,0,0,0,283635000.0,3,0.0,43.0,0.0,0.0,0.0,283118400.0,3,0.0,43.0,0.0,0.0,0.0,219
285078600,3,0,54,0,0,0,283869000.0,3,0.0,54.0,0.0,0.0,0.0,283635000.0,3,0.0,54.0,0.0,0.0,0.0,218
285078600,2,90,50,23,2,2,283869000.0,2,90.0,50.0,18.0,3.0,2.0,283635000.0,2,32.0,50.0,7.0,2.0,1.0,217
285078600,3,76,71,7,3,5,283869000.0,3,0.0,71.0,0.0,0.0,0.0,283635000.0,3,0.0,71.0,0.0,0.0,0.0,216
285078600,1,0,40,0,0,0,283869000.0,1,0.0,40.0,0.0,0.0,0.0,283635000.0,1,0.0,40.0,0.0,0.0,0.0,215
285078600,2,0,43,0,0,0,283869000.0,2,0.0,43.0,0.0,0.0,0.0,283635000.0,2,0.0,43.0,0.0,0.0,0.0,214
285078600,3,0,55,0,0,0,283869000.0,3,0.0,55.0,0.0,0.0,0.0,283635000.0,3,0.0,55.0,0.0,0.0,0.0,213
285078600,4,0,74,0,0,0,283869000.0,4,28.0,74.0,1.0,0.0,1.0,283635000.0,4,70.0,74.0,2.0,2.0,2.0,212
285078600,4,0,69,0,0,0,283869000.0,4,90.0,69.0,15.0,8.0,5.0,283635000.0,4,90.0,69.0,6.0,3.0,2.0,211
285078600,3,0,63,0,0,0,283869000.0,3,0.0,63.0,0.0,0.0,0.0,283635000.0,3,70.0,63.0,21.0,10.0,7.0,210
285179400,3,0,68,0,0,0,283887000.0,3,0.0,68.0,0.0,0.0,0.0,283550400.0,3,0.0,68.0,0.0,0.0,0.0,209
285078600,3,24,53,5,3,1,283869000.0,3,80.0,53.0,29.0,11.0,6.0,283635000.0,3,19.0,53.0,21.0,5.0,5.0,208
285078600,4,0,68,0,0,0,283869000.0,4,0.0,68.0,0.0,0.0,0.0,283635000.0,4,0.0,68.0,0.0,0.0,0.0,207
285078600,2,0,53,0,0,0,283869000.0,2,0.0,53.0,0.0,0.0,0.0,283635000.0,2,0.0,53.0,0.0,0.0,0.0,206
283887000,3,11,47,1,0,1,283523400.0,3,78.0,47.0,7.0,3.0,2.0,283273200.0,3,45.0,47.0,4.0,1.0,1.0,205
285096600,2,4,43,5,0,1,284068800.0,2,8.0,43.0,3.0,0.0,1.0,283523400.0,2,11.0,43.0,2.0,0.0,1.0,204
285078600,2,90,42,22,6,2,283869000.0,2,90.0,42.0,8.0,2.0,1.0,283635000.0,2,90.0,41.0,34.0,7.0,8.0,203
285078600,3,90,54,11,4,2,283869000.0,3,90.0,54.0,10.0,3.0,2.0,283635000.0,3,90.0,54.0,20.0,5.0,1.0,202
285078600,2,0,44,0,0,0,283869000.0,2,0.0,44.0,0.0,0.0,0.0,283635000.0,2,0.0,44.0,0.0,0.0,0.0,201
285078600,4,0,50,0,0,0,283869000.0,4,0.0,50.0,0.0,0.0,0.0,283635000.0,4,0.0,50.0,0.0,0.0,0.0,200
285078600,3,90,48,17,9,1,283869000.0,3,9.0,48.0,2.0,0.0,1.0,283635000.0,3,0.0,48.0,0.0,0.0,0.0,199
285078600,2,0,48,0,0,0,283869000.0,2,0.0,48.0,0.0,0.0,0.0,283635000.0,2,0.0,48.0,0.0,0.0,0.0,198
285078600,2,90,47,24,5,4,283869000.0,2,90.0,47.0,10.0,2.0,2.0,283635000.0,2,57.0,46.0,3.0,0.0,1.0,197
285078600,3,1,42,4,0,1,283869000.0,3,0.0,42.0,0.0,0.0,0.0,283635000.0,3,0.0,42.0,0.0,0.0,0.0,196
285078600,2,13,54,0,1,1,283869000.0,2,0.0,54.0,0.0,0.0,0.0,283635000.0,2,0.0,54.0,0.0,0.0,0.0,195
285078600,2,0,43,0,0,0,283869000.0,2,0.0,43.0,0.0,0.0,0.0,283635000.0,2,0.0,43.0,0.0,0.0,0.0,194
285078600,4,65,49,1,4,2,283869000.0,4,61.0,49.0,2.0,4.0,2.0,283635000.0,4,19.0,49.0,-2.0,0.0,1.0,193
285078600,1,0,40,0,0,0,283869000.0,1,0.0,40.0,0.0,0.0,0.0,283635000.0,1,0.0,40.0,0.0,0.0,0.0,192
285078600,2,0,44,0,0,0,283869000.0,2,0.0,44.0,0.0,0.0,0.0,283635000.0,2,90.0,44.0,17.0,1.0,2.0,191
285078600,2,0,40,0,0,0,283869000.0,2,0.0,40.0,0.0,0.0,0.0,283635000.0,2,0.0,40.0,0.0,0.0,0.0,190
285078600,2,0,45,0,0,0,283869000.0,2,0.0,45.0,0.0,0.0,0.0,283635000.0,2,0.0,45.0,0.0,0.0,0.0,189
285078600,4,0,65,0,0,0,283869000.0,4,0.0,65.0,0.0,0.0,0.0,283635000.0,4,0.0,65.0,0.0,0.0,0.0,188
285078600,1,0,50,0,0,0,283869000.0,1,0.0,50.0,0.0,0.0,0.0,283635000.0,1,0.0,50.0,0.0,0.0,0.0,187
285078600,3,0,43,0,0,0,283887000.0,3,0.0,43.0,0.0,0.0,0.0,283523400.0,3,0.0,43.0,0.0,0.0,0.0,186
285078600,2,0,40,0,0,0,283869000.0,2,0.0,40.0,0.0,0.0,0.0,283635000.0,2,0.0,40.0,0.0,0.0,0.0,185
285018300,3,0,47,0,0,0,283878000.0,3,0.0,47.0,0.0,0.0,0.0,283541400.0,3,0.0,47.0,0.0,0.0,0.0,184
285018300,4,0,55,0,0,0,283878000.0,4,0.0,55.0,0.0,0.0,0.0,283541400.0,4,0.0,55.0,0.0,0.0,0.0,183
285018300,2,90,44,5,3,2,283878000.0,2,90.0,44.0,11.0,2.0,2.0,283541400.0,2,90.0,44.0,5.0,1.0,2.0,182
285018300,1,0,39,0,0,0,283878000.0,1,0.0,39.0,0.0,0.0,0.0,283541400.0,1,0.0,39.0,0.0,0.0,0.0,181
285018300,3,0,49,0,0,0,283878000.0,3,0.0,49.0,0.0,0.0,0.0,283541400.0,3,0.0,49.0,0.0,0.0,0.0,180
285018300,2,0,40,0,0,0,283878000.0,2,0.0,40.0,0.0,0.0,0.0,283541400.0,2,0.0,40.0,0.0,0.0,0.0,179
285018300,2,0,40,0,0,0,283878000.0,2,90.0,40.0,4.0,1.0,1.0,283541400.0,2,90.0,40.0,14.0,3.0,2.0,178
285018300,4,0,53,0,0,0,283878000.0,4,0.0,53.0,0.0,0.0,0.0,283541400.0,4,0.0,53.0,0.0,0.0,0.0,177
285018300,2,16,43,4,1,1,283878000.0,2,16.0,43.0,1.0,0.0,1.0,283541400.0,2,0.0,43.0,0.0,0.0,0.0,176
285018300,1,0,40,0,0,0,283878000.0,1,0.0,40.0,0.0,0.0,0.0,283541400.0,1,0.0,40.0,0.0,0.0,0.0,175
285018300,4,0,49,0,0,0,283878000.0,4,0.0,49.0,0.0,0.0,0.0,283541400.0,4,0.0,49.0,0.0,0.0,0.0,174
285018300,2,90,44,13,3,2,283878000.0,2,90.0,44.0,20.0,4.0,5.0,283541400.0,2,90.0,44.0,7.0,3.0,1.0,173
285018300,1,0,43,0,0,0,283878000.0,1,0.0,43.0,0.0,0.0,0.0,283541400.0,1,0.0,43.0,0.0,0.0,0.0,172
285018300,2,0,40,0,0,0,283878000.0,2,0.0,40.0,0.0,0.0,0.0,283541400.0,2,0.0,40.0,0.0,0.0,0.0,171
285018300,3,73,48,5,5,2,283878000.0,3,73.0,48.0,16.0,3.0,5.0,283541400.0,3,29.0,48.0,0.0,2.0,1.0,170
285018300,1,0,39,0,0,0,283878000.0,1,0.0,39.0,0.0,0.0,0.0,283541400.0,1,0.0,39.0,0.0,0.0,0.0,169
285018300,4,90,48,0,5,2,283878000.0,4,90.0,48.0,26.0,7.0,2.0,283541400.0,4,84.0,48.0,7.0,1.0,2.0,168
285018300,2,90,39,10,1,2,283878000.0,2,0.0,39.0,0.0,0.0,0.0,283541400.0,2,0.0,39.0,0.0,0.0,0.0,167
285018300,2,0,39,0,0,0,283878000.0,2,0.0,39.0,0.0,0.0,0.0,283541400.0,2,0.0,39.0,0.0,0.0,0.0,166
285018300,3,90,50,14,5,2,283878000.0,3,0.0,50.0,0.0,0.0,0.0,283541400.0,3,0.0,50.0,0.0,0.0,0.0,165
285018300,3,0,45,0,0,0,283878000.0,3,0.0,45.0,0.0,0.0,0.0,283541400.0,3,0.0,45.0,0.0,0.0,0.0,164
285018300,3,1,48,3,0,1,283878000.0,3,0.0,48.0,0.0,0.0,0.0,283541400.0,3,0.0,48.0,0.0,0.0,0.0,163
285018300,3,0,44,0,0,0,283878000.0,3,0.0,44.0,0.0,0.0,0.0,283541400.0,3,0.0,44.0,0.0,0.0,0.0,162
285018300,3,90,47,14,2,2,283878000.0,3,90.0,47.0,7.0,4.0,2.0,283541400.0,3,90.0,47.0,10.0,1.0,2.0,161
285018300,2,0,40,0,0,0,283878000.0,2,16.0,40.0,3.0,0.0,1.0,283541400.0,2,90.0,40.0,11.0,4.0,2.0,160
285018300,3,0,52,0,0,0,283878000.0,3,0.0,52.0,0.0,0.0,0.0,283541400.0,3,0.0,52.0,0.0,0.0,0.0,159
285018300,3,0,49,0,0,0,283878000.0,3,0.0,49.0,0.0,0.0,0.0,283541400.0,3,0.0,49.0,0.0,0.0,0.0,158
285018300,2,90,38,8,4,2,283878000.0,2,0.0,39.0,0.0,0.0,0.0,283541400.0,2,0.0,39.0,0.0,0.0,0.0,157
285018300,3,0,43,0,0,0,283878000.0,3,0.0,43.0,0.0,0.0,0.0,283541400.0,3,0.0,43.0,0.0,0.0,0.0,156
284153400,4,0,44,0,0,0,283721400.0,4,0.0,44.0,0.0,0.0,0.0,283118400.0,4,0.0,44.0,0.0,0.0,0.0,155
284153400,4,66,57,6,3,2,283721400.0,4,68.0,57.0,11.0,5.0,5.0,283118400.0,4,45.0,57.0,29.0,9.0,4.0,154
284153400,2,73,42,27,2,3,283721400.0,2,0.0,42.0,0.0,0.0,0.0,283118400.0,2,0.0,42.0,0.0,0.0,0.0,153
284153400,1,0,44,0,0,0,283721400.0,1,0.0,44.0,0.0,0.0,0.0,283118400.0,1,90.0,44.0,19.0,1.0,2.0,152
284153400,2,0,43,0,0,0,283721400.0,2,0.0,44.0,0.0,0.0,0.0,283118400.0,2,0.0,44.0,0.0,0.0,0.0,151
284153400,2,90,40,31,2,5,283721400.0,2,90.0,40.0,8.0,1.0,2.0,283118400.0,2,90.0,40.0,22.0,5.0,2.0,150
284153400,4,0,55,0,0,0,283721400.0,4,0.0,55.0,0.0,0.0,0.0,283118400.0,4,0.0,55.0,0.0,0.0,0.0,149
284153400,1,90,42,31,1,8,283721400.0,1,90.0,42.0,11.0,1.0,1.0,283118400.0,1,0.0,42.0,0.0,0.0,0.0,148
284153400,1,0,40,0,0,0,283721400.0,1,0.0,40.0,0.0,0.0,0.0,283118400.0,1,0.0,40.0,0.0,0.0,0.0,147
284153400,3,0,45,0,0,0,283721400.0,3,0.0,45.0,0.0,0.0,0.0,283118400.0,3,0.0,45.0,0.0,0.0,0.0,146
285078600,1,0,46,0,0,0,283869000.0,1,0.0,46.0,0.0,0.0,0.0,283635000.0,1,0.0,46.0,0.0,0.0,0.0,145
284153400,3,16,44,4,3,1,283721400.0,3,21.0,44.0,1.0,0.0,0.0,283118400.0,3,7.0,44.0,4.0,0.0,1.0,144
284153400,3,0,65,0,0,0,283721400.0,3,0.0,65.0,0.0,0.0,0.0,283118400.0,3,82.0,65.0,11.0,5.0,2.0,143
284153400,3,90,48,14,9,2,283721400.0,3,68.0,48.0,21.0,5.0,5.0,283118400.0,3,0.0,48.0,0.0,0.0,0.0,142
284153400,1,0,39,0,0,0,283721400.0,1,0.0,39.0,0.0,0.0,0.0,283118400.0,1,0.0,39.0,0.0,0.0,0.0,141
284153400,3,0,61,0,0,0,283721400.0,3,0.0,61.0,0.0,0.0,0.0,283118400.0,3,0.0,61.0,0.0,0.0,0.0,140
284153400,2,0,39,0,0,0,283721400.0,2,0.0,39.0,0.0,0.0,0.0,283118400.0,2,0.0,40.0,0.0,0.0,0.0,139
284153400,3,16,49,2,5,1,283721400.0,3,1.0,49.0,3.0,0.0,1.0,283118400.0,3,15.0,49.0,2.0,0.0,1.0,138
284153400,3,0,45,0,0,0,283721400.0,3,0.0,45.0,0.0,0.0,0.0,283118400.0,3,0.0,45.0,0.0,0.0,0.0,137
284153400,2,0,40,0,0,0,283721400.0,2,0.0,40.0,0.0,0.0,0.0,283118400.0,2,0.0,40.0,0.0,0.0,0.0,136
284153400,4,90,54,9,7,2,283721400.0,4,90.0,54.0,68.0,20.0,8.0,283118400.0,4,90.0,54.0,6.0,2.0,2.0,135
284153400,3,90,64,10,8,2,283721400.0,3,90.0,64.0,25.0,8.0,2.0,283118400.0,3,90.0,64.0,28.0,13.0,7.0,134
284153400,3,90,49,13,3,2,283721400.0,3,90.0,49.0,18.0,3.0,2.0,283118400.0,3,90.0,49.0,16.0,4.0,2.0,133
284153400,4,23,59,3,1,1,283721400.0,4,21.0,60.0,11.0,0.0,4.0,283118400.0,4,0.0,60.0,0.0,0.0,0.0,132
284153400,2,90,49,30,5,3,283721400.0,2,45.0,49.0,23.0,5.0,6.0,283118400.0,2,0.0,50.0,0.0,0.0,0.0,131
284153400,3,0,51,0,0,0,283721400.0,3,0.0,51.0,0.0,0.0,0.0,283118400.0,3,0.0,51.0,0.0,0.0,0.0,130
284153400,2,0,50,0,0,0,283721400.0,2,90.0,50.0,10.0,7.0,1.0,283118400.0,2,90.0,50.0,9.0,2.0,2.0,129
284153400,3,0,48,0,0,0,283721400.0,3,0.0,48.0,0.0,0.0,0.0,283118400.0,3,0.0,48.0,0.0,0.0,0.0,128
284153400,4,0,45,0,0,0,283721400.0,4,0.0,45.0,0.0,0.0,0.0,283118400.0,4,0.0,45.0,0.0,0.0,0.0,127
285078600,3,90,46,17,3,2,283869000.0,3,90.0,46.0,20.0,2.0,2.0,283635000.0,3,90.0,46.0,8.0,3.0,1.0,126
284153400,3,73,47,9,7,2,283721400.0,3,58.0,47.0,3.0,3.0,0.0,283118400.0,3,45.0,47.0,4.0,2.0,1.0,125
284153400,3,0,45,0,0,0,283721400.0,3,0.0,45.0,0.0,0.0,0.0,283118400.0,3,0.0,45.0,0.0,0.0,0.0,124
284153400,3,0,44,0,0,0,283721400.0,3,0.0,44.0,0.0,0.0,0.0,283118400.0,3,0.0,44.0,0.0,0.0,0.0,123
284153400,3,0,50,0,0,0,283721400.0,3,0.0,50.0,0.0,0.0,0.0,283118400.0,3,45.0,50.0,2.0,3.0,1.0,122
283878000,2,90,43,10,2,2,283635000.0,2,0.0,43.0,0.0,0.0,0.0,282751200.0,2,90.0,43.0,9.0,1.0,2.0,121
283878000,3,10,43,1,0,1,283635000.0,3,45.0,44.0,5.0,0.0,1.0,282751200.0,3,2.0,44.0,-1.0,0.0,0.0,120
283878000,4,90,57,-4,0,2,283635000.0,4,85.0,58.0,30.0,10.0,3.0,282751200.0,4,75.0,58.0,-4.0,3.0,2.0,119
283878000,3,0,45,0,0,0,283635000.0,3,0.0,45.0,0.0,0.0,0.0,282751200.0,3,0.0,45.0,0.0,0.0,0.0,118
283878000,4,0,79,0,0,0,283635000.0,4,0.0,79.0,0.0,0.0,0.0,282751200.0,4,0.0,79.0,0.0,0.0,0.0,117
283878000,1,0,39,0,0,0,283635000.0,1,0.0,39.0,0.0,0.0,0.0,282751200.0,1,0.0,39.0,0.0,0.0,0.0,116
283878000,3,0,53,0,0,0,283635000.0,3,0.0,53.0,0.0,0.0,0.0,282751200.0,3,0.0,53.0,0.0,0.0,0.0,115
283878000,2,62,44,23,5,5,283635000.0,2,66.0,44.0,8.0,2.0,2.0,282751200.0,2,88.0,44.0,13.0,1.0,2.0,114
283960800,1,90,49,12,1,1,283724100.0,1,90.0,49.0,25.0,3.0,1.0,283282200.0,1,90.0,49.0,13.0,1.0,2.0,113
283878000,2,90,46,12,2,2,283635000.0,2,90.0,46.0,13.0,3.0,2.0,282751200.0,2,90.0,46.0,11.0,1.0,2.0,112
283878000,3,27,49,3,0,1,283635000.0,3,0.0,49.0,0.0,0.0,0.0,282751200.0,3,22.0,49.0,1.0,0.0,0.0,111
283878000,3,66,54,12,3,2,283635000.0,3,90.0,54.0,13.0,3.0,1.0,282751200.0,3,90.0,54.0,6.0,3.0,1.0,110
283878000,2,0,48,0,0,0,283635000.0,2,0.0,48.0,0.0,0.0,0.0,282751200.0,2,70.0,48.0,-3.0,0.0,-1.0,109
283878000,3,0,68,0,0,0,283635000.0,3,0.0,68.0,0.0,0.0,0.0,282751200.0,3,0.0,69.0,0.0,0.0,0.0,108
283878000,3,79,47,21,9,6,283635000.0,3,85.0,47.0,12.0,10.0,2.0,282751200.0,3,67.0,47.0,21.0,6.0,7.0,107
283878000,3,62,54,9,2,2,283635000.0,3,23.0,54.0,4.0,1.0,1.0,282751200.0,3,0.0,54.0,0.0,0.0,0.0,106
283878000,3,79,53,18,3,2,283635000.0,3,90.0,53.0,12.0,10.0,2.0,282751200.0,3,87.0,53.0,4.0,0.0,1.0,105
283878000,2,0,44,0,0,0,283635000.0,2,0.0,44.0,0.0,0.0,0.0,282751200.0,2,0.0,44.0,0.0,0.0,0.0,104
283878000,2,0,43,0,0,0,283635000.0,2,0.0,43.0,0.0,0.0,0.0,282751200.0,2,0.0,43.0,0.0,0.0,0.0,103
283878000,2,0,39,0,0,0,283635000.0,2,0.0,39.0,0.0,0.0,0.0,282751200.0,2,0.0,39.0,0.0,0.0,0.0,102
283878000,1,90,45,19,2,1,283635000.0,1,90.0,45.0,15.0,1.0,0.0,282751200.0,1,90.0,45.0,14.0,2.0,1.0,101
283878000,4,0,45,0,0,0,283635000.0,4,0.0,45.0,0.0,0.0,0.0,282751200.0,4,0.0,45.0,0.0,0.0,0.0,100
283878000,3,0,47,0,0,0,283635000.0,3,0.0,47.0,0.0,0.0,0.0,282751200.0,3,0.0,47.0,0.0,0.0,0.0,99
283878000,3,23,48,4,1,1,283635000.0,3,45.0,48.0,7.0,3.0,1.0,282751200.0,3,67.0,48.0,7.0,5.0,2.0,98
283878000,1,0,40,0,0,0,283635000.0,1,0.0,40.0,0.0,0.0,0.0,282751200.0,1,0.0,40.0,0.0,0.0,0.0,97
283878000,2,90,45,17,2,2,283635000.0,2,90.0,45.0,2.0,2.0,2.0,282751200.0,2,14.0,45.0,2.0,0.0,1.0,96
283878000,3,0,50,0,0,0,283635000.0,3,0.0,50.0,0.0,0.0,0.0,282751200.0,3,0.0,50.0,0.0,0.0,0.0,95
283878000,3,0,45,0,0,0,283635000.0,3,0.0,45.0,0.0,0.0,0.0,282751200.0,3,0.0,45.0,0.0,0.0,0.0,94
283878000,2,0,40,0,0,0,283635000.0,2,0.0,40.0,0.0,0.0,0.0,282751200.0,2,0.0,40.0,0.0,0.0,0.0,93
283878000,3,0,43,0,0,0,283635000.0,3,0.0,43.0,0.0,0.0,0.0,282751200.0,3,0.0,43.0,0.0,0.0,0.0,92
283878000,1,0,39,0,0,0,283635000.0,1,0.0,39.0,0.0,0.0,0.0,282751200.0,1,0.0,39.0,0.0,0.0,0.0,91
283878000,2,0,44,0,0,0,283635000.0,2,0.0,45.0,0.0,0.0,0.0,282751200.0,2,0.0,45.0,0.0,0.0,0.0,90
283960800,2,90,44,16,1,2,283532400.0,2,90.0,44.0,26.0,2.0,4.0,283273200.0,2,90.0,44.0,13.0,3.0,2.0,89
283960800,1,0,40,0,0,0,283532400.0,1,0.0,40.0,0.0,0.0,0.0,283273200.0,1,0.0,40.0,0.0,0.0,0.0,88
283960800,3,0,47,0,0,0,283532400.0,3,0.0,47.0,0.0,0.0,0.0,283273200.0,3,0.0,47.0,0.0,0.0,0.0,87
283960800,3,90,54,30,12,6,283532400.0,3,87.0,54.0,2.0,1.0,2.0,283273200.0,3,90.0,54.0,15.0,5.0,2.0,86
283960800,4,90,71,-4,8,2,283532400.0,4,90.0,70.0,25.0,7.0,2.0,283273200.0,4,90.0,68.0,76.0,20.0,5.0,85
283960800,2,81,44,10,2,2,283532400.0,2,90.0,44.0,24.0,1.0,3.0,283273200.0,2,90.0,44.0,30.0,7.0,5.0,84
283960800,2,90,45,10,4,1,283532400.0,2,90.0,45.0,24.0,2.0,3.0,283273200.0,2,90.0,44.0,32.0,10.0,6.0,83
283960800,4,29,46,4,3,1,283532400.0,4,71.0,46.0,20.0,2.0,5.0,283273200.0,4,69.0,46.0,5.0,6.0,1.0,82
283960800,3,0,48,0,0,0,283532400.0,3,0.0,48.0,0.0,0.0,0.0,283273200.0,3,20.0,48.0,3.0,0.0,1.0,81
283960800,1,0,40,0,0,0,283532400.0,1,0.0,40.0,0.0,0.0,0.0,283273200.0,1,0.0,40.0,0.0,0.0,0.0,80
283960800,3,0,45,0,0,0,283532400.0,3,0.0,45.0,0.0,0.0,0.0,283273200.0,3,0.0,45.0,0.0,0.0,0.0,79
283960800,3,45,47,6,2,1,283532400.0,3,90.0,47.0,21.0,3.0,2.0,283273200.0,3,81.0,47.0,8.0,6.0,2.0,78
283960800,1,90,46,14,2,1,283532400.0,1,90.0,46.0,28.0,2.0,8.0,283273200.0,1,90.0,46.0,14.0,2.0,1.0,77
283960800,4,0,46,0,0,0,283532400.0,4,0.0,47.0,0.0,0.0,0.0,283273200.0,4,8.0,47.0,1.0,0.0,1.0,76
283960800,2,0,43,0,0,0,283532400.0,2,0.0,43.0,0.0,0.0,0.0,283273200.0,2,0.0,43.0,0.0,0.0,0.0,75
283960800,3,0,43,0,0,0,283532400.0,3,0.0,43.0,0.0,0.0,0.0,283273200.0,3,0.0,43.0,0.0,0.0,0.0,74
283960800,3,0,49,0,0,0,283532400.0,3,0.0,49.0,0.0,0.0,0.0,283273200.0,3,0.0,49.0,0.0,0.0,0.0,73
283960800,3,60,46,-1,3,0,283532400.0,3,72.0,46.0,25.0,10.0,6.0,283273200.0,3,0.0,46.0,0.0,0.0,0.0,72
283960800,3,0,43,0,0,0,283532400.0,3,0.0,43.0,0.0,0.0,0.0,283273200.0,3,0.0,43.0,0.0,0.0,0.0,71
283960800,2,0,45,0,0,0,283532400.0,2,0.0,45.0,0.0,0.0,0.0,283273200.0,2,0.0,45.0,0.0,0.0,0.0,70
283960800,2,0,40,0,0,0,283532400.0,2,0.0,40.0,0.0,0.0,0.0,283273200.0,2,0.0,40.0,0.0,0.0,0.0,69
283960800,2,0,43,0,0,0,283532400.0,2,0.0,43.0,0.0,0.0,0.0,283273200.0,2,0.0,43.0,0.0,0.0,0.0,68
283960800,3,0,45,0,0,0,283532400.0,3,0.0,45.0,0.0,0.0,0.0,283273200.0,3,0.0,45.0,0.0,0.0,0.0,67
283960800,3,90,50,17,8,2,283532400.0,3,0.0,50.0,0.0,0.0,0.0,283273200.0,3,28.0,50.0,4.0,2.0,1.0,66
283960800,3,68,50,8,0,2,283532400.0,3,90.0,50.0,12.0,2.0,2.0,283273200.0,3,90.0,50.0,8.0,3.0,1.0,65
283960800,3,8,48,2,0,1,283532400.0,3,2.0,48.0,12.0,4.0,4.0,283273200.0,3,9.0,48.0,-2.0,0.0,1.0,64
283960800,3,29,52,3,1,1,283532400.0,3,17.0,52.0,5.0,2.0,1.0,283273200.0,3,80.0,52.0,11.0,2.0,5.0,63
283960800,3,0,49,0,0,0,283532400.0,3,0.0,49.0,0.0,0.0,0.0,283273200.0,3,0.0,49.0,0.0,0.0,0.0,62
285170400,4,0,50,0,0,0,283878000.0,4,0.0,50.0,0.0,0.0,0.0,283550400.0,4,0.0,50.0,0.0,0.0,0.0,61
285170400,4,90,89,-2,5,1,283878000.0,4,90.0,88.0,28.0,10.0,8.0,283550400.0,4,90.0,88.0,6.0,1.0,2.0,60
285170400,3,0,50,0,0,0,283878000.0,3,0.0,50.0,0.0,0.0,0.0,283550400.0,3,0.0,50.0,0.0,0.0,0.0,59
285170400,3,26,56,-2,0,0,283878000.0,3,0.0,56.0,0.0,0.0,0.0,283550400.0,3,0.0,56.0,0.0,0.0,0.0,58
285170400,1,0,40,0,0,0,283878000.0,1,0.0,40.0,0.0,0.0,0.0,283550400.0,1,0.0,40.0,0.0,0.0,0.0,57
285170400,3,0,45,0,0,0,283878000.0,3,0.0,45.0,0.0,0.0,0.0,283550400.0,3,0.0,45.0,0.0,0.0,0.0,56
285170400,3,0,59,0,0,0,283878000.0,3,90.0,59.0,3.0,5.0,1.0,283550400.0,3,76.0,59.0,2.0,2.0,1.0,55
285170400,3,0,45,0,0,0,283878000.0,3,0.0,45.0,0.0,0.0,0.0,283550400.0,3,0.0,45.0,0.0,0.0,0.0,54
285170400,1,0,39,0,0,0,283878000.0,1,0.0,39.0,0.0,0.0,0.0,283550400.0,1,0.0,39.0,0.0,0.0,0.0,53
285018300,3,0,44,0,0,0,283869000.0,3,0.0,44.0,0.0,0.0,0.0,283532400.0,3,0.0,44.0,0.0,0.0,0.0,52
285170400,2,0,41,0,0,0,283878000.0,2,0.0,41.0,0.0,0.0,0.0,283550400.0,2,0.0,41.0,0.0,0.0,0.0,51
285170400,3,88,56,4,1,2,283878000.0,3,90.0,56.0,4.0,4.0,1.0,283550400.0,3,85.0,55.0,20.0,8.0,6.0,50
285170400,1,90,52,30,3,9,283878000.0,1,90.0,52.0,16.0,2.0,0.0,283550400.0,1,90.0,52.0,23.0,3.0,1.0,49
285170400,2,90,46,24,2,3,283878000.0,2,90.0,46.0,16.0,3.0,1.0,283550400.0,2,90.0,46.0,10.0,2.0,1.0,48
285170400,3,90,50,16,3,2,283878000.0,3,0.0,50.0,0.0,0.0,0.0,283550400.0,3,0.0,50.0,0.0,0.0,0.0,47
285170400,3,0,44,0,0,0,283878000.0,3,0.0,44.0,0.0,0.0,0.0,283550400.0,3,4.0,44.0,2.0,0.0,1.0,46
285170400,2,0,39,0,0,0,283878000.0,2,0.0,39.0,0.0,0.0,0.0,283550400.0,2,0.0,39.0,0.0,0.0,0.0,45
285170400,4,26,50,-5,3,1,283878000.0,4,8.0,50.0,13.0,1.0,4.0,283550400.0,4,4.0,50.0,2.0,0.0,1.0,44
285170400,3,90,56,15,4,2,283878000.0,3,90.0,55.0,32.0,8.0,9.0,283550400.0,3,90.0,55.0,7.0,3.0,2.0,43
285170400,2,0,46,0,0,0,283878000.0,2,0.0,47.0,0.0,0.0,0.0,283550400.0,2,49.0,47.0,5.0,3.0,1.0,42
285170400,2,73,44,19,0,2,283878000.0,2,90.0,44.0,12.0,2.0,2.0,283550400.0,2,90.0,44.0,11.0,2.0,1.0,41
285170400,3,0,49,0,0,0,283878000.0,3,1.0,49.0,3.0,0.0,1.0,283550400.0,3,85.0,49.0,45.0,8.0,12.0,40
285170400,4,0,49,0,0,0,283878000.0,4,0.0,49.0,0.0,0.0,0.0,283550400.0,4,0.0,49.0,0.0,0.0,0.0,39
285170400,3,0,58,0,0,0,283878000.0,3,0.0,58.0,0.0,0.0,0.0,283550400.0,3,0.0,58.0,0.0,0.0,0.0,38
285170400,2,0,39,0,0,0,283878000.0,2,0.0,39.0,0.0,0.0,0.0,283550400.0,2,0.0,39.0,0.0,0.0,0.0,37
285170400,2,16,47,9,4,1,283878000.0,2,0.0,47.0,0.0,0.0,0.0,283550400.0,2,0.0,47.0,0.0,0.0,0.0,36
285170400,3,0,57,0,0,0,283878000.0,3,0.0,57.0,0.0,0.0,0.0,283550400.0,3,0.0,57.0,0.0,0.0,0.0,35
285170400,3,63,57,5,3,2,283878000.0,3,90.0,56.0,29.0,10.0,7.0,283550400.0,3,76.0,56.0,5.0,5.0,2.0,34
283878000,4,23,45,5,1,1,283532400.0,4,85.0,46.0,18.0,6.0,5.0,283204800.0,4,89.0,46.0,25.0,5.0,4.0,33
285170400,2,90,50,28,6,4,283878000.0,2,90.0,50.0,8.0,4.0,2.0,283550400.0,2,40.0,50.0,11.0,4.0,1.0,32
283960800,2,0,52,0,0,0,283724100.0,2,63.0,52.0,13.0,4.0,2.0,283282200.0,2,90.0,52.0,12.0,1.0,2.0,31
283960800,3,0,60,0,0,0,283724100.0,3,0.0,60.0,0.0,0.0,0.0,283282200.0,3,0.0,60.0,0.0,0.0,0.0,30
283960800,2,66,56,13,0,2,283724100.0,2,90.0,56.0,16.0,4.0,2.0,283282200.0,2,90.0,56.0,12.0,3.0,1.0,29
283887000,1,90,39,14,2,2,283523400.0,1,90.0,39.0,23.0,4.0,2.0,283273200.0,1,90.0,39.0,17.0,2.0,1.0,28
283878000,2,90,39,13,2,2,283532400.0,2,90.0,39.0,4.0,1.0,2.0,283204800.0,2,90.0,39.0,7.0,1.0,1.0,27
283960800,3,23,65,2,0,1,283724100.0,3,78.0,65.0,2.0,5.0,2.0,283282200.0,3,22.0,65.0,0.0,1.0,1.0,26
283960800,2,45,45,13,2,1,283724100.0,2,0.0,45.0,0.0,0.0,0.0,283282200.0,2,0.0,45.0,0.0,0.0,0.0,25
283960800,2,0,44,0,0,0,283724100.0,2,0.0,44.0,0.0,0.0,0.0,283282200.0,2,0.0,44.0,0.0,0.0,0.0,24
283887000,2,0,40,0,0,0,283523400.0,2,0.0,40.0,0.0,0.0,0.0,283273200.0,2,0.0,40.0,0.0,0.0,0.0,23
283960800,3,0,53,0,0,0,283724100.0,3,11.0,53.0,3.0,1.0,1.0,283282200.0,3,0.0,53.0,0.0,0.0,0.0,22
285018300,3,85,49,13,3,2,283869000.0,3,90.0,49.0,11.0,0.0,2.0,283532400.0,3,90.0,49.0,25.0,5.0,6.0,21
283960800,2,90,56,11,1,1,283724100.0,2,90.0,55.0,16.0,5.0,2.0,283282200.0,2,90.0,55.0,15.0,2.0,2.0,20
283960800,3,90,90,18,10,6,283724100.0,3,90.0,90.0,6.0,17.0,2.0,283282200.0,3,90.0,90.0,3.0,6.0,1.0,19
283960800,1,0,40,0,0,0,283724100.0,1,0.0,40.0,0.0,0.0,0.0,283282200.0,1,0.0,40.0,0.0,0.0,0.0,18
283960800,1,0,46,0,0,0,283724100.0,1,0.0,46.0,0.0,0.0,0.0,283282200.0,1,0.0,46.0,0.0,0.0,0.0,17
283960800,3,0,49,0,0,0,283724100.0,3,0.0,49.0,0.0,0.0,0.0,283282200.0,3,0.0,49.0,0.0,0.0,0.0,16
283960800,3,0,48,0,0,0,283724100.0,3,0.0,48.0,0.0,0.0,0.0,283282200.0,3,0.0,48.0,0.0,0.0,0.0,15
283960800,3,90,84,13,6,2,283724100.0,3,90.0,84.0,12.0,16.0,2.0,283282200.0,3,90.0,84.0,26.0,8.0,8.0,14
283960800,4,90,53,4,2,2,283724100.0,4,26.0,54.0,1.0,3.0,1.0,283282200.0,4,12.0,54.0,-2.0,0.0,0.0,13
283960800,3,66,77,18,5,5,283724100.0,3,63.0,77.0,7.0,4.0,2.0,283282200.0,3,67.0,77.0,3.0,2.0,2.0,12
283960800,3,0,45,0,0,0,283724100.0,3,0.0,45.0,0.0,0.0,0.0,283282200.0,3,0.0,45.0,0.0,0.0,0.0,11
283960800,2,45,43,6,1,1,283724100.0,2,0.0,43.0,0.0,0.0,0.0,283282200.0,2,0.0,43.0,0.0,0.0,0.0,10
283960800,3,0,53,0,0,0,283724100.0,3,0.0,53.0,0.0,0.0,0.0,283282200.0,3,0.0,53.0,0.0,0.0,0.0,9
283960800,4,23,80,1,0,1,283724100.0,4,90.0,80.0,8.0,11.0,1.0,283282200.0,4,77.0,80.0,1.0,5.0,2.0,8
283878000,2,0,43,0,0,0,283635000.0,2,0.0,43.0,0.0,0.0,0.0,283118400.0,2,0.0,43.0,0.0,0.0,0.0,7
283960800,3,76,71,6,1,2,283724100.0,3,0.0,71.0,0.0,0.0,0.0,283282200.0,3,90.0,71.0,2.0,1.0,1.0,6
283960800,2,90,50,19,3,2,283724100.0,2,90.0,49.0,18.0,4.0,2.0,283282200.0,2,90.0,49.0,25.0,7.0,9.0,5
283960800,3,0,54,0,0,0,283724100.0,3,0.0,54.0,0.0,0.0,0.0,283282200.0,3,0.0,54.0,0.0,0.0,0.0,4
283960800,3,0,44,0,0,0,283724100.0,3,0.0,44.0,0.0,0.0,0.0,283282200.0,3,0.0,44.0,0.0,0.0,0.0,3
283960800,2,0,39,0,0,0,283724100.0,2,0.0,39.0,0.0,0.0,0.0,283282200.0,2,0.0,39.0,0.0,0.0,0.0,2
