assists,attempted_passes,big_chances_created,big_chances_missed,bonus,bps,clean_sheets,clearances_blocks_interceptions,completed_passes,creativity,dribbles,ea_index,element,errors_leading_to_goal,errors_leading_to_goal_attempt,fixture,fouls,goals_conceded,goals_scored,ict_index,id,influence,key_passes,kickoff_time,kickoff_time_formatted,loaned_in,loaned_out,minutes,offside,open_play_crosses,opponent_team,own_goals,penalties_conceded,penalties_missed,penalties_saved,recoveries,red_cards,round,saves,selected,tackled,tackles,target_missed,team_a_score,team_h_score,threat,total_points,transfers_balance,transfers_in,transfers_out,value,was_home,winning_goals,yellow_cards,expected_assists,expected_goal_involvements,expected_goals,expected_goals_conceded,starts
0,0.0,0.0,0.0,0,0,0,0.0,0.0,0.0,0.0,0.0,311,0.0,0.0,7,0.0,0,0,0.0,311.0,0.0,0.0,2016-08-13T14:00:00Z,13 Aug 15:00,0.0,0.0,0,0.0,0.0,18,0,0.0,0,0,0.0,0,1,0,17749,0.0,0.0,0.0,1,1,0.0,0,0,0,0,65,True,0.0,0,,,,,
0,2.0,0.0,0.0,0,3,0,0.0,1.0,0.3,0.0,0.0,311,0.0,0.0,11,0.0,0,0,0.2,836.0,0.0,0.0,2016-08-19T19:00:00Z,19 Aug 20:00,0.0,0.0,7,0.0,0.0,11,0,0.0,0,0,0.0,0,2,0,15145,0.0,0.0,0.0,0,2,2.0,1,-3265,109,3374,65,False,0.0,0,,,,,
0,4.0,0.0,0.0,2,19,0,0.0,4.0,1.5,0.0,0.0,311,0.0,0.0,26,1.0,1,1,5.3,1376.0,35.2,0.0,2016-08-27T14:00:00Z,27 Aug 15:00,0.0,0.0,17,0.0,0.0,15,0,0.0,0,0,1.0,0,3,0,13250,1.0,0.0,0.0,1,1,16.0,8,-2192,234,2426,64,True,0.0,0,,,,,
0,13.0,0.0,0.0,0,1,0,1.0,8.0,2.9,0.0,0.0,311,0.0,0.0,31,1.0,1,0,0.8,1926.0,0.0,0.0,2016-09-10T14:00:00Z,10 Sep 15:00,0.0,0.0,45,0.0,0.0,1,0,0.0,0,0,1.0,0,4,0,15012,2.0,1.0,1.0,1,2,6.0,1,1001,2426,1425,64,False,0.0,0,,,,,
0,0.0,0.0,0.0,0,0,0,0.0,0.0,0.0,0.0,0.0,311,0.0,0.0,48,0.0,0,0,0.0,2507.0,0.0,0.0,2016-09-18T13:15:00Z,18 Sep 14:15,0.0,0.0,0,0.0,0.0,16,0,0.0,0,0,0.0,0,5,0,14448,0.0,0.0,0.0,0,1,0.0,0,-764,665,1429,64,True,0.0,0,,,,,
0,0.0,0.0,0.0,0,0,0,0.0,0.0,0.0,0.0,0.0,311,0.0,0.0,59,0.0,0,0,0.0,3091.0,0.0,0.0,2016-09-25T15:00:00Z,25 Sep 16:00,0.0,0.0,0,0.0,0.0,20,0,0.0,0,0,0.0,0,6,0,11211,0.0,0.0,0.0,3,0,0.0,0,-3275,62,3337,64,False,0.0,0,,,,,
0,0.0,0.0,0.0,0,0,0,0.0,0.0,0.0,0.0,0.0,311,0.0,0.0,64,0.0,0,0,0.0,3677.0,0.0,0.0,2016-10-02T13:15:00Z,02 Oct 14:15,0.0,0.0,0,0.0,0.0,8,0,0.0,0,0,0.0,0,7,0,9406,0.0,0.0,0.0,0,0,0.0,0,-1813,17,1830,63,False,0.0,0,,,,,
0,16.0,0.0,1.0,0,0,0,0.0,12.0,14.8,0.0,0.0,311,0.0,0.0,78,1.0,1,0,4.5,4266.0,4.8,1.0,2016-10-16T15:00:00Z,16 Oct 16:00,0.0,0.0,20,0.0,0.0,3,0,0.0,0,0,0.0,0,8,0,8552,0.0,0.0,0.0,1,3,25.0,1,-867,24,891,63,True,0.0,0,,,,,
0,0.0,0.0,0.0,0,0,0,0.0,0.0,0.0,0.0,0.0,311,0.0,0.0,88,0.0,0,0,0.0,4858.0,0.0,0.0,2016-10-23T12:30:00Z,23 Oct 13:30,0.0,0.0,0,0.0,0.0,10,0,0.0,0,0,0.0,0,9,0,8389,0.0,0.0,0.0,1,1,0.0,0,-189,48,237,63,False,0.0,0,,,,,
0,0.0,0.0,0.0,0,0,0,0.0,0.0,0.0,0.0,0.0,311,0.0,0.0,95,0.0,0,0,0.0,5452.0,0.0,0.0,2016-10-30T16:00:00Z,30 Oct 16:00,0.0,0.0,0,0.0,0.0,4,0,0.0,0,0,0.0,0,10,0,8083,0.0,0.0,0.0,2,0,0.0,0,-345,37,382,63,True,0.0,0,,,,,
0,5.0,0.0,0.0,0,3,0,1.0,3.0,0.6,0.0,0.0,311,0.0,0.0,105,0.0,0,0,2.9,6050.0,2.4,0.0,2016-11-06T14:15:00Z,06 Nov 14:15,0.0,0.0,14,0.0,0.0,7,0,0.0,0,0,0.0,0,11,0,7642,0.0,0.0,0.0,1,2,26.0,1,-445,17,462,63,False,0.0,0,,,,,
0,8.0,0.0,0.0,0,5,0,0.0,3.0,0.5,1.0,0.0,311,0.0,0.0,115,0.0,0,0,0.2,6649.0,1.2,0.0,2016-11-19T15:00:00Z,19 Nov 15:00,0.0,0.0,16,0.0,0.0,9,0,0.0,0,0,3.0,0,12,0,7580,0.0,0.0,0.0,0,0,0.0,1,-112,43,155,63,True,0.0,0,,,,,
0,0.0,0.0,0.0,0,0,0,0.0,0.0,0.0,0.0,0.0,311,0.0,0.0,128,0.0,0,0,0.0,7250.0,0.0,0.0,2016-11-27T16:30:00Z,27 Nov 16:30,0.0,0.0,0,0.0,0.0,6,0,0.0,0,0,0.0,0,13,0,7549,0.0,0.0,0.0,0,1,0.0,0,-50,38,88,63,True,0.0,0,,,,,
0,0.0,0.0,0.0,0,0,0,0.0,0.0,0.0,0.0,0.0,311,0.0,0.0,132,0.0,0,0,0.0,7854.0,0.0,0.0,2016-12-03T15:00:00Z,03 Dec 15:00,0.0,0.0,0,0.0,0.0,5,0,0.0,0,0,0.0,0,14,0,7532,0.0,0.0,0.0,0,3,0.0,0,-46,51,97,63,False,0.0,0,,,,,
0,15.0,0.0,1.0,0,1,1,1.0,9.0,12.7,0.0,0.0,311,0.0,0.0,150,3.0,0,0,9.5,8459.0,2.2,1.0,2016-12-11T14:15:00Z,11 Dec 14:15,0.0,0.0,90,1.0,0.0,12,0,0.0,0,0,1.0,0,15,0,7446,0.0,1.0,1.0,0,1,80.0,3,-117,50,167,63,True,0.0,0,,,,,
0,4.0,0.0,1.0,0,-1,0,0.0,4.0,1.8,0.0,0.0,311,0.0,0.0,159,0.0,0,0,0.3,9069.0,0.0,0.0,2016-12-14T20:00:00Z,14 Dec 20:00,0.0,0.0,25,0.0,0.0,14,0,0.0,0,0,0.0,0,16,0,7595,1.0,0.0,0.0,0,0,2.0,1,134,203,69,63,False,0.0,0,,,,,
0,22.0,0.0,0.0,3,43,0,2.0,13.0,3.1,0.0,0.0,311,0.0,0.0,161,2.0,1,2,15.0,9683.0,72.0,0.0,2016-12-18T13:30:00Z,18 Dec 13:30,0.0,0.0,90,0.0,0.0,2,0,0.0,0,0,3.0,0,17,0,7631,2.0,0.0,0.0,3,1,75.0,15,15,110,95,63,False,1.0,0,,,,,
0,10.0,0.0,0.0,0,5,0,2.0,5.0,0.6,0.0,0.0,311,0.0,0.0,178,0.0,2,0,1.0,10299.0,5.2,0.0,2016-12-28T19:45:00Z,28 Dec 19:45,0.0,0.0,71,1.0,0.0,17,0,0.0,0,0,1.0,0,18,0,23203,4.0,2.0,1.0,4,1,4.0,2,15109,15602,493,63,True,0.0,0,,,,,
0,11.0,0.0,0.0,0,3,0,1.0,8.0,2.3,1.0,0.0,311,0.0,0.0,188,0.0,0,0,2.7,10917.0,6.6,0.0,2016-12-31T15:00:00Z,31 Dec 15:00,0.0,0.0,39,0.0,0.0,19,0,0.0,0,0,1.0,0,19,0,35068,1.0,0.0,0.0,2,1,18.0,1,11615,13350,1735,63,True,0.0,0,,,,,
0,18.0,0.0,1.0,0,-4,0,3.0,9.0,17.4,2.0,0.0,311,0.0,0.0,193,2.0,3,0,5.7,11539.0,6.4,1.0,2017-01-02T15:00:00Z,02 Jan 15:00,0.0,0.0,90,2.0,0.0,6,0,0.0,0,0,1.0,0,20,0,29137,5.0,0.0,2.0,0,3,33.0,2,-6011,2311,8322,63,False,0.0,0,,,,,
0,4.0,0.0,0.0,0,4,0,0.0,3.0,0.3,0.0,0.0,311,0.0,0.0,201,0.0,1,0,1.7,12163.0,3.2,0.0,2017-01-14T15:00:00Z,14 Jan 15:00,0.0,0.0,23,0.0,0.0,3,0,0.0,0,0,0.0,0,21,0,32181,0.0,1.0,1.0,0,1,13.0,1,2706,10406,7700,63,False,0.0,0,,,,,
0,25.0,0.0,0.0,0,20,1,1.0,17.0,4.2,0.0,0.0,311,0.0,0.0,218,1.0,0,1,9.9,12794.0,35.0,0.0,2017-01-22T12:00:00Z,22 Jan 12:00,0.0,0.0,79,1.0,0.0,8,0,0.0,0,0,4.0,0,22,0,25563,2.0,0.0,1.0,0,3,60.0,8,-6721,894,7615,63,True,0.0,0,,,,,
0,0.0,0.0,0.0,0,0,0,0.0,0.0,0.0,0.0,0.0,311,0.0,0.0,226,0.0,0,0,0.0,13428.0,0.0,0.0,2017-01-31T19:45:00Z,31 Jan 19:45,0.0,0.0,0,0.0,0.0,16,0,0.0,0,0,0.0,0,23,0,25208,0.0,0.0,0.0,1,2,0.0,0,-447,4008,4455,63,False,0.0,0,,,,,
1,12.0,0.0,0.0,0,12,0,1.0,6.0,16.0,1.0,0.0,311,0.0,0.0,237,0.0,2,0,5.8,14071.0,19.6,1.0,2017-02-04T15:00:00Z,04 Feb 15:00,0.0,0.0,45,0.0,0.0,20,0,0.0,0,0,2.0,0,24,0,20054,2.0,0.0,0.0,3,1,22.0,4,-5169,272,5441,63,True,0.0,0,,,,,
0,0.0,0.0,0.0,0,0,0,0.0,0.0,0.0,0.0,0.0,311,0.0,0.0,248,0.0,0,0,0.0,14720.0,0.0,0.0,2017-02-11T15:00:00Z,11 Feb 15:00,0.0,0.0,0,0.0,0.0,15,0,0.0,0,0,0.0,0,25,0,19548,0.0,0.0,0.0,4,0,0.0,0,-589,1155,1744,63,False,0.0,0,,,,,
0,0.0,0.0,0.0,0,0,0,0.0,0.0,0.0,0.0,0.0,311,0.0,0.0,268,0.0,0,0,0.0,15922.0,0.0,0.0,2017-03-04T15:00:00Z,04 Mar 15:00,0.0,0.0,0,0.0,0.0,18,0,0.0,0,0,0.0,0,27,0,14694,0.0,0.0,0.0,4,3,0.0,0,-1221,235,1456,61,False,0.0,0,,,,,
0,5.0,0.0,0.0,0,3,0,0.0,5.0,2.3,0.0,0.0,311,0.0,0.0,288,0.0,0,0,2.1,16867.0,0.2,0.0,2017-03-19T14:15:00Z,19 Mar 14:15,0.0,0.0,11,0.0,0.0,17,0,0.0,0,0,0.0,0,29,0,12846,0.0,0.0,0.0,1,2,18.0,1,-525,85,610,60,False,0.0,0,,,,,
0,14.0,0.0,0.0,0,2,1,3.0,10.0,14.1,0.0,0.0,311,0.0,0.0,298,1.0,0,0,9.8,17521.0,11.6,1.0,2017-04-01T16:30:00Z,01 Apr 17:30,0.0,0.0,62,4.0,0.0,2,0,0.0,0,0,1.0,0,30,0,12792,1.0,0.0,0.0,0,0,72.0,3,-89,345,434,60,True,0.0,0,,,,,
0,0.0,0.0,0.0,0,2,0,0.0,0.0,0.0,0.0,0.0,311,0.0,0.0,310,1.0,0,0,0.0,18178.0,0.0,0.0,2017-04-05T18:45:00Z,05 Apr 19:45,0.0,0.0,1,0.0,0.0,5,0,0.0,0,0,0.0,0,31,0,13158,0.0,0.0,0.0,1,3,0.0,1,349,580,231,60,True,0.0,0,,,,,
0,0.0,0.0,0.0,0,0,0,0.0,0.0,0.0,0.0,0.0,311,0.0,0.0,319,0.0,0,0,0.0,18839.0,0.0,0.0,2017-04-08T14:00:00Z,08 Apr 15:00,0.0,0.0,0,0.0,0.0,19,0,0.0,0,0,0.0,0,32,0,12798,0.0,0.0,0.0,1,0,0.0,0,-370,126,496,60,False,0.0,0,,,,,
0,2.0,0.0,0.0,0,3,0,0.0,1.0,0.3,0.0,0.0,311,0.0,0.0,325,0.0,0,0,0.2,19501.0,0.0,0.0,2017-04-15T16:30:00Z,15 Apr 17:30,0.0,0.0,9,0.0,0.0,10,0,0.0,0,0,0.0,0,33,0,12223,0.0,0.0,0.0,3,0,2.0,1,-598,55,653,60,True,0.0,0,,,,,
0,3.0,0.0,0.0,0,3,0,0.0,3.0,0.6,0.0,0.0,311,0.0,0.0,334,0.0,1,0,0.3,20238.0,0.2,0.0,2017-04-25T18:45:00Z,25 Apr 19:45,0.0,0.0,5,0.0,0.0,4,0,0.0,0,0,0.0,0,34,0,11884,0.0,0.0,0.0,2,4,2.0,1,-350,35,385,59,False,0.0,0,,,,,
0,1.0,0.0,0.0,0,3,0,0.0,0.0,0.0,0.0,0.0,311,0.0,0.0,345,0.0,0,0,0.0,20904.0,0.0,0.0,2017-04-29T14:00:00Z,29 Apr 15:00,0.0,0.0,4,0.0,0.0,7,0,0.0,0,0,0.0,0,35,0,11797,0.0,0.0,0.0,0,0,0.0,1,-105,59,164,59,True,0.0,0,,,,,
0,0.0,0.0,0.0,0,0,0,0.0,0.0,0.0,0.0,0.0,311,0.0,0.0,357,0.0,0,0,0.0,21616.0,0.0,0.0,2017-05-07T12:30:00Z,07 May 13:30,0.0,0.0,0,0.0,0.0,9,0,0.0,0,0,0.0,0,36,0,11782,0.0,0.0,0.0,0,0,0.0,0,-19,128,147,59,False,0.0,0,,,,,
0,6.0,0.0,0.0,0,4,0,0.0,3.0,10.3,1.0,0.0,311,0.0,0.0,257,0.0,1,0,1.3,21615.0,2.4,1.0,2017-05-10T18:45:00Z,10 May 19:45,0.0,0.0,11,0.0,0.0,1,0,0.0,0,0,1.0,0,36,0,11782,1.0,0.0,0.0,2,0,0.0,1,-19,128,147,59,True,0.0,0,,,,,
1,30.0,0.0,0.0,3,35,0,1.0,25.0,25.4,0.0,0.0,311,0.0,0.0,365,1.0,1,1,9.9,22458.0,47.0,1.0,2017-05-13T14:00:00Z,13 May 15:00,0.0,0.0,90,0.0,0.0,12,0,0.0,0,0,5.0,0,37,0,11681,1.0,0.0,2.0,2,1,27.0,13,-106,66,172,59,False,0.0,0,,,,,
0,7.0,0.0,0.0,0,1,0,0.0,6.0,0.8,0.0,0.0,311,0.0,0.0,279,1.0,0,0,0.3,22457.0,0.0,0.0,2017-05-17T18:45:00Z,17 May 19:45,0.0,0.0,29,0.0,0.0,11,0,0.0,0,0,0.0,0,37,0,11681,0.0,0.0,1.0,0,0,4.0,1,-106,66,172,59,True,0.0,0,,,,,
0,0.0,0.0,0.0,0,0,0,0.0,0.0,0.0,0.0,0.0,311,0.0,0.0,378,0.0,0,0,0.0,23316.0,0.0,0.0,2017-05-21T14:00:00Z,21 May 15:00,0.0,0.0,0,0.0,0.0,14,0,0.0,0,0,0.0,0,38,0,13916,0.0,0.0,0.0,1,0,0.0,0,2184,2434,250,59,True,0.0,0,,,,,
0,20.0,0.0,0.0,0,-6,1,0.0,12.0,22.5,0.0,0.0,437,0.0,0.0,8,4.0,0,0,9.8,437.0,3.2,2.0,2017-08-12T14:00:00Z,12 Aug 15:00,0.0,0.0,87,1.0,0.0,2,0,0.0,0,0,2.0,0,1,0,120452,4.0,0.0,2.0,0,1,72.0,1,0,0,0,60,True,0.0,1,,,,,
0,16.0,0.0,0.0,0,0,1,1.0,10.0,15.9,0.0,0.0,437,0.0,0.0,12,3.0,0,0,2.6,948.0,0.8,1.0,2017-08-19T14:00:00Z,19 Aug 15:00,0.0,0.0,90,3.0,1.0,4,0,0.0,0,0,4.0,0,2,0,107958,2.0,0.0,1.0,1,0,9.0,2,-16022,3792,19814,60,False,0.0,0,,,,,
0,15.0,0.0,0.0,0,22,0,3.0,11.0,2.3,0.0,0.0,437,0.0,0.0,30,3.0,1,1,6.0,1464.0,35.0,0.0,2017-08-27T12:30:00Z,27 Aug 13:30,0.0,0.0,87,0.0,0.0,15,0,0.0,0,0,3.0,0,3,0,91127,5.0,1.0,1.0,1,1,23.0,5,-17960,5445,23405,59,True,0.0,1,,,,,
0,11.0,0.0,0.0,0,5,0,3.0,9.0,14.4,1.0,0.0,437,0.0,0.0,32,1.0,3,0,3.2,1995.0,11.6,1.0,2017-09-09T14:00:00Z,09 Sep 15:00,0.0,0.0,90,1.0,0.0,3,0,0.0,0,0,1.0,0,4,0,92328,2.0,0.0,0.0,1,3,6.0,2,-1039,15291,16330,59,False,0.0,0,,,,,
0,12.0,0.0,0.0,0,3,1,2.0,9.0,3.0,1.0,0.0,437,0.0,0.0,48,1.0,0,0,1.6,2539.0,3.4,0.0,2017-09-16T14:00:00Z,16 Sep 15:00,0.0,0.0,90,2.0,0.0,20,0,0.0,0,0,3.0,0,5,0,83392,3.0,0.0,0.0,0,0,10.0,2,-9716,6387,16103,59,True,0.0,0,,,,,
0,18.0,0.0,1.0,0,7,0,1.0,15.0,2.5,2.0,0.0,437,0.0,0.0,60,1.0,2,0,7.8,3085.0,11.4,0.0,2017-09-25T19:00:00Z,25 Sep 20:00,0.0,0.0,90,0.0,0.0,1,0,0.0,0,0,4.0,0,6,0,67329,1.0,2.0,1.0,0,2,64.0,2,-16751,3820,20571,58,False,0.0,0,,,,,
0,20.0,0.0,0.0,0,5,0,2.0,14.0,4.9,1.0,0.0,437,0.0,0.0,66,2.0,2,0,1.3,3635.0,3.0,0.0,2017-09-30T14:00:00Z,30 Sep 15:00,0.0,0.0,90,0.0,0.0,18,0,0.0,0,0,8.0,0,7,0,64636,3.0,1.0,2.0,2,2,5.0,2,-3275,7667,10942,58,True,0.0,0,,,,,
0,26.0,0.0,0.0,0,6,0,3.0,17.0,1.8,0.0,0.0,437,0.0,0.0,74,0.0,1,0,1.4,4189.0,8.2,0.0,2017-10-16T19:00:00Z,16 Oct 20:00,0.0,0.0,83,0.0,0.0,9,0,0.0,0,0,8.0,0,8,0,57556,5.0,1.0,0.0,1,1,4.0,2,-7611,3395,11006,58,False,0.0,0,,,,,
0,10.0,0.0,1.0,0,1,0,3.0,8.0,1.0,0.0,0.0,437,0.0,0.0,86,2.0,1,0,0.7,4746.0,0.6,0.0,2017-10-21T16:30:00Z,21 Oct 17:30,0.0,0.0,90,0.0,0.0,14,0,0.0,0,0,1.0,0,9,0,50261,1.0,1.0,2.0,0,1,5.0,2,-7481,1079,8560,57,False,0.0,0,,,,,
0,19.0,0.0,0.0,0,32,0,1.0,11.0,14.9,2.0,0.0,437,0.0,0.0,100,0.0,3,1,8.6,5305.0,43.8,1.0,2017-10-28T14:00:00Z,28 Oct 15:00,0.0,0.0,90,0.0,1.0,11,0,0.0,0,0,2.0,0,10,0,43334,2.0,0.0,0.0,3,2,27.0,6,-7108,827,7935,56,True,0.0,0,,,,,
0,21.0,0.0,0.0,0,5,0,3.0,12.0,2.8,0.0,0.0,437,0.0,0.0,103,1.0,1,0,4.8,5868.0,7.0,0.0,2017-11-04T15:00:00Z,04 Nov 15:00,0.0,0.0,90,0.0,0.0,8,0,0.0,0,0,3.0,0,11,0,45900,1.0,0.0,1.0,0,1,38.0,2,2057,4764,2707,56,False,0.0,0,,,,,
0,20.0,0.0,0.0,0,2,0,2.0,16.0,5.3,0.0,0.0,437,0.0,0.0,120,2.0,4,0,2.7,6434.0,1.0,0.0,2017-11-18T15:00:00Z,18 Nov 15:00,0.0,0.0,69,1.0,0.0,5,0,0.0,0,0,4.0,0,12,0,43280,2.0,0.0,1.0,4,0,21.0,2,-2923,1491,4414,56,True,0.0,0,,,,,
0,11.0,0.0,0.0,0,6,1,2.0,9.0,1.0,2.0,0.0,437,0.0,0.0,128,1.0,0,0,0.5,7003.0,3.8,0.0,2017-11-25T15:00:00Z,25 Nov 15:00,0.0,0.0,66,1.0,0.0,17,0,0.0,0,0,0.0,0,13,0,42110,1.0,0.0,0.0,1,1,0.0,2,-1416,2407,3823,56,False,0.0,0,,,,,
0,0.0,0.0,0.0,0,0,0,0.0,0.0,0.0,0.0,0.0,437,0.0,0.0,134,0.0,0,0,0.0,7573.0,0.0,0.0,2017-11-28T20:00:00Z,28 Nov 20:00,0.0,0.0,0,0.0,0.0,13,0,0.0,0,0,0.0,0,14,0,49766,0.0,0.0,0.0,2,2,0.0,0,7276,9828,2552,56,True,0.0,0,,,,,
0,37.0,0.0,1.0,0,3,1,4.0,25.0,36.0,1.0,0.0,437,0.0,0.0,150,1.0,0,0,17.0,8144.0,24.8,3.0,2017-12-02T15:00:00Z,02 Dec 15:00,0.0,0.0,90,2.0,0.0,6,0,0.0,0,0,5.0,0,15,0,46175,3.0,0.0,1.0,0,0,109.0,2,-3805,2007,5812,56,True,0.0,0,,,,,
0,20.0,0.0,0.0,0,8,0,2.0,17.0,2.2,3.0,0.0,437,0.0,0.0,157,2.0,1,0,4.4,8718.0,12.4,0.0,2017-12-09T15:00:00Z,09 Dec 15:00,0.0,0.0,81,0.0,0.0,16,0,0.0,0,0,3.0,0,16,0,43339,1.0,0.0,0.0,0,1,29.0,2,-3085,1543,4628,56,False,0.0,0,,,,,
0,5.0,0.0,0.0,0,7,0,1.0,0.0,0.0,0.0,0.0,437,0.0,0.0,166,0.0,0,0,0.5,9295.0,5.0,0.0,2017-12-13T20:00:00Z,13 Dec 20:00,0.0,0.0,19,0.0,0.0,10,0,0.0,0,0,1.0,0,17,0,39531,0.0,2.0,0.0,0,0,0.0,1,-3911,358,4269,56,False,0.0,0,,,,,
0,7.0,0.0,0.0,0,-1,0,0.0,4.0,10.8,0.0,0.0,437,0.0,0.0,180,3.0,0,0,3.8,9873.0,0.4,1.0,2017-12-17T14:15:00Z,17 Dec 14:15,0.0,0.0,26,0.0,0.0,12,0,0.0,0,0,1.0,0,18,0,36363,1.0,0.0,1.0,2,1,27.0,1,-3297,268,3565,55,True,0.0,0,,,,,
0,11.0,0.0,1.0,0,-4,0,0.0,8.0,11.8,0.0,0.0,437,0.0,0.0,188,0.0,1,0,3.9,10453.0,3.4,1.0,2017-12-23T15:00:00Z,23 Dec 15:00,0.0,0.0,29,1.0,0.0,15,0,0.0,0,0,2.0,0,19,0,35151,3.0,0.0,1.0,1,3,24.0,1,-1438,1184,2622,55,False,0.0,0,,,,,
0,26.0,0.0,0.0,0,-1,1,1.0,20.0,4.6,0.0,0.0,437,0.0,0.0,200,2.0,0,0,2.4,11038.0,0.0,0.0,2017-12-26T15:00:00Z,26 Dec 15:00,0.0,0.0,90,0.0,0.0,7,0,0.0,0,0,2.0,0,20,0,33586,3.0,0.0,2.0,0,0,25.0,2,-1686,454,2140,55,True,0.0,0,,,,,
0,19.0,0.0,0.0,2,26,0,0.0,15.0,4.0,0.0,0.0,437,0.0,0.0,210,1.0,1,1,10.1,11603.0,38.4,0.0,2017-12-31T16:30:00Z,31 Dec 16:30,0.0,0.0,90,1.0,0.0,1,0,0.0,0,0,3.0,0,21,0,32732,4.0,1.0,1.0,1,1,59.0,8,-1023,1026,2049,55,True,0.0,0,,,,,
0,31.0,0.0,0.0,0,10,0,2.0,26.0,20.3,0.0,0.0,437,0.0,0.0,220,0.0,1,0,2.7,12171.0,5.6,1.0,2018-01-02T19:45:00Z,02 Jan 19:45,0.0,0.0,70,0.0,0.0,20,0,0.0,0,0,5.0,0,22,0,37624,2.0,0.0,1.0,1,2,1.0,2,4765,6551,1786,55,False,0.0,0,,,,,
1,26.0,1.0,0.0,0,16,1,0.0,19.0,26.1,1.0,0.0,437,0.0,0.0,230,0.0,0,0,10.5,12802.0,17.8,2.0,2018-01-13T15:00:00Z,13 Jan 15:00,0.0,0.0,78,0.0,0.0,3,0,0.0,0,0,2.0,0,23,0,45093,4.0,0.0,1.0,0,2,61.0,5,6955,11142,4187,55,True,0.0,0,,,,,
0,23.0,0.0,0.0,3,30,0,0.0,17.0,13.7,0.0,0.0,437,0.0,0.0,234,0.0,1,1,7.4,13400.0,39.4,1.0,2018-01-20T15:00:00Z,20 Jan 15:00,0.0,0.0,78,0.0,0.0,7,0,0.0,0,0,3.0,0,24,0,49249,4.0,1.0,0.0,1,1,21.0,9,3749,7530,3781,55,False,0.0,0,,,,,
0,27.0,0.0,0.0,0,7,0,2.0,19.0,12.0,0.0,0.0,437,0.0,0.0,246,0.0,3,0,1.7,14003.0,5.4,1.0,2018-01-31T20:00:00Z,31 Jan 20:00,0.0,0.0,90,0.0,0.0,11,0,0.0,0,0,6.0,0,25,0,108936,3.0,0.0,0.0,0,3,0.0,2,57317,66805,9488,55,False,0.0,0,,,,,
0,8.0,0.0,0.0,0,0,0,0.0,5.0,1.8,0.0,0.0,437,0.0,0.0,260,1.0,0,0,0.3,14616.0,0.0,0.0,2018-02-03T15:00:00Z,03 Feb 15:00,0.0,0.0,28,0.0,0.0,14,0,0.0,0,0,0.0,0,26,0,133766,2.0,0.0,0.0,3,2,2.0,1,24014,33281,9267,56,True,0.0,0,,,,,
0,20.0,0.0,0.0,0,-2,0,1.0,17.0,4.4,0.0,0.0,437,0.0,0.0,261,1.0,3,0,0.9,15241.0,0.0,0.0,2018-02-12T20:00:00Z,12 Feb 20:00,0.0,0.0,86,1.0,0.0,5,0,0.0,0,0,3.0,0,27,0,114618,4.0,0.0,3.0,0,3,9.0,2,-19727,7315,27042,55,False,0.0,0,,,,,
0,29.0,0.0,0.0,0,0,0,0.0,20.0,13.2,0.0,0.0,437,0.0,0.0,280,3.0,2,0,2.3,15868.0,0.0,1.0,2018-02-24T15:00:00Z,24 Feb 15:00,0.0,0.0,90,2.0,0.0,8,0,0.0,0,0,6.0,0,28,0,108640,4.0,0.0,0.0,2,1,10.0,2,-6923,9104,16027,55,True,0.0,0,,,,,
0,16.0,1.0,0.0,0,13,0,4.0,12.0,15.7,2.0,0.0,437,0.0,0.0,290,1.0,1,0,7.0,16498.0,10.8,1.0,2018-03-03T15:00:00Z,03 Mar 15:00,0.0,0.0,86,0.0,0.0,18,0,0.0,0,0,3.0,0,29,0,99182,0.0,0.0,1.0,0,1,43.0,2,-9543,2690,12233,54,False,0.0,0,,,,,
0,6.0,0.0,0.0,0,3,0,1.0,3.0,0.3,0.0,0.0,437,0.0,0.0,299,0.0,2,0,0.1,17131.0,1.0,0.0,2018-03-10T15:00:00Z,10 Mar 15:00,0.0,0.0,20,0.0,0.0,9,0,0.0,0,0,1.0,0,30,0,95093,0.0,0.0,0.0,4,1,0.0,1,-8282,2847,11129,54,True,0.0,0,,,,,
0,20.0,0.0,0.0,1,28,0,0.0,15.0,2.1,0.0,0.0,437,0.0,0.0,301,1.0,1,1,8.3,17523.0,39.2,0.0,2018-03-17T15:00:00Z,17 Mar 15:00,0.0,0.0,85,0.0,0.0,2,0,0.0,0,0,1.0,0,31,0,98888,1.0,0.0,0.0,1,2,42.0,7,3011,8059,5048,53,False,0.0,0,,,,,
0,20.0,0.0,0.0,0,8,0,0.0,15.0,12.9,1.0,0.0,437,0.0,0.0,319,0.0,2,0,5.4,18032.0,4.6,1.0,2018-03-31T14:00:00Z,31 Mar 15:00,0.0,0.0,73,0.0,0.0,4,0,0.0,0,0,3.0,0,32,0,113718,1.0,1.0,2.0,2,1,36.0,2,14194,21956,7762,53,True,0.0,0,,,,,
0,27.0,0.0,0.0,2,28,0,1.0,22.0,14.8,2.0,0.0,437,0.0,0.0,330,3.0,1,1,12.1,18669.0,40.0,1.0,2018-04-07T14:00:00Z,07 Apr 15:00,0.0,0.0,82,1.0,0.0,16,0,0.0,0,0,4.0,0,33,0,111463,3.0,1.0,1.0,1,1,66.0,8,-2120,6691,8811,53,True,0.0,0,,,,,
0,28.0,0.0,0.0,3,40,1,6.0,21.0,1.8,2.0,0.0,437,0.0,0.0,335,0.0,0,1,8.7,19486.0,51.0,0.0,2018-04-15T15:00:00Z,15 Apr 16:00,0.0,0.0,90,0.0,0.0,12,0,0.0,0,0,6.0,0,34,0,110931,1.0,1.0,1.0,1,0,34.0,9,84,9978,9894,53,False,1.0,0,,,,,
0,25.0,0.0,0.0,0,7,0,2.0,12.0,23.6,0.0,0.0,437,0.0,0.0,350,0.0,2,0,3.5,20009.0,7.4,2.0,2018-04-21T11:30:00Z,21 Apr 12:30,0.0,0.0,88,0.0,0.0,10,0,0.0,0,0,4.0,0,35,0,130658,3.0,0.0,0.0,2,2,4.0,2,14391,17872,3481,53,True,0.0,0,,,,,
0,26.0,0.0,0.0,0,12,1,0.0,17.0,3.6,3.0,0.0,437,0.0,0.0,356,1.0,0,0,5.1,20594.0,8.8,0.0,2018-04-28T14:00:00Z,28 Apr 15:00,0.0,0.0,76,0.0,0.0,13,0,0.0,0,0,6.0,0,36,0,135786,2.0,2.0,0.0,1,0,39.0,2,8189,14578,6389,53,False,0.0,0,,,,,
0,14.0,0.0,0.0,0,4,1,0.0,7.0,1.2,1.0,0.0,437,0.0,0.0,370,1.0,0,0,0.7,21482.0,1.4,0.0,2018-05-05T14:00:00Z,05 May 15:00,0.0,0.0,78,0.0,0.0,17,0,0.0,0,0,1.0,0,37,0,134368,2.0,0.0,0.0,0,1,4.0,2,-1162,12410,13572,53,True,0.0,0,,,,,
0,13.0,0.0,0.0,0,5,0,2.0,11.0,0.6,1.0,0.0,437,0.0,0.0,372,0.0,1,0,1.3,22258.0,10.8,0.0,2018-05-13T14:00:00Z,13 May 15:00,0.0,0.0,72,1.0,0.0,6,0,0.0,0,0,4.0,0,38,0,147821,6.0,2.0,1.0,0,2,2.0,2,12404,19470,7066,54,False,0.0,0,,,,,
0,,,,0,2,0,,,0.0,,,451,,,3,,0,0,0.0,,0.0,,2019-08-10T14:00:00Z,,,,6,,,16,0,,0,0,,0,1,0,25916,,,,0,3,0.0,1,0,0,0,60,True,,0,,,,,
0,,,,0,1,0,,,0.0,,,451,,,11,,1,0,1.0,,0.0,,2019-08-17T11:30:00Z,,,,29,,,1,0,,0,0,,0,2,0,23227,,,,1,2,10.0,1,-5492,931,6423,59,False,,0,,,,,
0,,,,0,4,0,,,0.1,,,451,,,30,,1,0,0.2,,2.2,,2019-08-25T15:30:00Z,,,,12,,,20,0,,0,0,,0,3,0,19393,,,,1,1,0.0,1,-4713,1097,5810,59,False,,0,,,,,
0,,,,0,0,0,,,0.5,,,451,,,32,,1,0,2.2,,4.0,,2019-08-31T16:30:00Z,,,,17,,,10,0,,0,0,,0,4,0,17038,,,,3,0,17.0,1,-3158,994,4152,58,True,,0,,,,,
0,,,,0,1,0,,,0.0,,,451,,,43,,0,0,0.0,,0.0,,2019-09-14T14:00:00Z,,,,24,,,4,0,,0,0,,0,5,0,15906,,,,1,1,0.0,1,-1729,820,2549,58,False,,0,,,,,
0,,,,0,2,0,,,0.8,,,451,,,52,,0,0,0.2,,1.0,,2019-09-21T14:00:00Z,,,,11,,,14,0,,0,0,,0,6,0,14988,,,,0,2,0.0,1,-1129,443,1572,57,True,,0,,,,,
0,,,,0,24,0,,,10.3,,,451,,,61,,1,1,6.4,,35.0,,2019-09-28T14:00:00Z,,,,45,,,2,0,,0,0,,0,7,0,14386,,,,2,2,19.0,4,-891,476,1367,57,False,,1,,,,,
0,,,,0,7,0,,,0.6,,,451,,,73,,0,0,2.5,,7.0,,2019-10-05T14:00:00Z,,,,17,,,8,0,,0,0,,0,8,0,15104,,,,0,1,17.0,1,367,1073,706,57,True,,0,,,,,
0,,,,0,3,0,,,1.8,,,451,,,86,,2,0,0.7,,0.2,,2019-10-19T14:00:00Z,,,,82,,,9,0,,0,0,,0,9,0,14740,,,,1,2,5.0,2,-502,500,1002,57,False,,0,,,,,
0,,,,0,26,0,,,5.3,,,451,,,93,,4,1,8.7,,39.4,,2019-10-26T16:30:00Z,,,,90,,,6,0,,0,0,,0,10,0,14946,,,,4,2,42.0,6,73,588,515,57,True,,0,,,,,
0,,,,0,-1,0,,,1.6,,,451,,,108,,3,0,0.7,,0.0,,2019-11-02T15:00:00Z,,,,77,,,15,0,,0,0,,0,11,0,18713,,,,0,3,10.0,2,3153,4012,859,57,False,,0,,,,,
0,,,,0,0,0,,,0.3,,,451,,,111,,0,0,0.0,,0.0,,2019-11-09T15:00:00Z,,,,9,,,19,0,,0,0,,0,12,0,18366,,,,0,3,0.0,1,-323,1016,1339,57,True,,0,,,,,
0,,,,0,-2,0,,,0.3,,,451,,,129,,0,0,0.1,,0.0,,2019-11-23T15:00:00Z,,,,15,,,18,0,,0,0,,0,13,0,17696,,,,3,0,1.0,1,-963,883,1846,57,False,,0,,,,,
0,,,,0,3,0,,,11.6,,,451,,,131,,1,0,2.2,,1.4,,2019-11-30T15:00:00Z,,,,28,,,7,0,,0,0,,0,14,0,17204,,,,2,0,9.0,1,-617,636,1253,57,True,,0,,,,,
0,,,,0,3,0,,,1.1,,,451,,,142,,2,0,0.4,,1.0,,2019-12-03T20:15:00Z,,,,31,,,11,0,,0,0,,0,15,0,16633,,,,4,1,2.0,1,-645,223,868,57,True,,0,,,,,
0,,,,0,-4,0,,,1.2,,,451,,,158,,5,0,3.4,,3.0,,2019-12-07T15:00:00Z,,,,90,,,17,0,,0,0,,0,16,0,16049,,,,0,5,30.0,2,-677,171,848,57,False,,0,,,,,
0,,,,0,3,0,,,1.5,,,451,,,162,,0,0,0.4,,2.0,,2019-12-14T15:00:00Z,,,,5,,,13,0,,0,0,,0,17,0,15412,,,,0,1,0.0,1,-761,255,1016,57,True,,0,,,,,
0,,,,3,32,0,,,0.0,,,451,,,172,,0,1,5.2,,35.0,,2019-12-21T15:00:00Z,,,,15,,,3,0,,0,0,,0,18,0,15205,,,,1,0,17.0,8,-331,183,514,57,False,,0,,,,,
0,,,,0,6,0,,,1.4,,,451,,,185,,1,0,0.8,,3.0,,2019-12-26T15:00:00Z,,,,90,,,8,0,,0,0,,0,19,0,15688,,,,0,1,4.0,2,272,586,314,57,False,,0,,,,,
0,,,,0,7,0,,,0.3,,,451,,,193,,1,0,3.3,,14.4,,2019-12-28T19:45:00Z,,,,31,,,12,0,,0,0,,0,20,0,15532,,,,2,0,18.0,1,-189,180,369,57,True,,0,,,,,
0,,,,0,-3,0,,,0.9,,,451,,,203,,0,0,2.1,,0.0,,2020-01-01T12:30:00Z,,,,45,,,2,0,,0,0,,0,21,0,15522,,,,2,1,26.0,1,-127,427,554,57,True,,0,,,,,
0,,,,0,0,0,,,0.0,,,451,,,213,,0,0,0.0,,0.0,,2020-01-11T15:00:00Z,,,,0,,,6,0,,0,0,,0,22,0,15274,,,,0,3,0.0,0,-384,489,873,57,False,,0,,,,,
0,,,,0,3,0,,,5.3,,,451,,,223,,1,0,3.1,,12.8,,2020-01-19T14:00:00Z,,,,90,,,9,0,,0,0,,0,23,0,14625,,,,1,2,13.0,2,-711,129,840,57,True,,0,,,,,
0,,,,0,24,1,,,3.3,,,451,,,235,,0,1,5.9,,38.6,,2020-01-22T20:15:00Z,,,,90,,,12,0,,0,0,,0,24,0,14874,,,,2,0,17.0,6,142,378,236,57,False,,0,,,,,
0,,,,0,0,1,,,3.6,,,451,,,242,,0,0,5.1,,9.2,,2020-02-02T14:00:00Z,,,,90,,,1,0,,0,0,,0,25,0,16749,,,,0,0,38.0,2,1552,2076,524,57,True,,0,,,,,
0,,,,0,1,0,,,1.8,,,451,,,259,,1,0,4.6,,5.8,,2020-02-15T12:30:00Z,,,,90,,,16,0,,0,0,,0,26,0,18609,,,,2,1,38.0,2,1694,2399,705,57,False,,0,,,,,
0,,,,0,28,1,,,18.0,,,451,,,262,,0,1,12.1,,42.2,,2020-02-22T15:00:00Z,,,,90,,,3,0,,0,0,,0,27,0,25297,,,,0,3,61.0,6,6362,7848,1486,57,True,,0,,,,,
0,,,,0,0,1,,,2.0,,,451,,,276,,0,0,6.1,,12.8,,2020-02-29T15:00:00Z,,,,90,,,13,0,,0,0,,0,28,0,29705,,,,0,0,46.0,2,3353,5392,2039,57,False,,0,,,,,
1,,,,0,9,0,,,6.1,,,451,,,282,,1,0,9.9,,7.8,,2020-03-07T17:30:00Z,,,,67,,,17,0,,0,0,,0,29,0,25935,,,,1,1,85.0,5,-2492,1628,4120,57,True,,0,,,,,
0,,,,0,2,0,,,1.6,,,451,,,295,,4,0,0.1,,0.0,,2020-06-22T19:00:00Z,,,,59,,,11,0,,0,0,,0,39,0,23526,,,,0,5,0.0,1,-2203,4001,6204,57,False,,0,,,,,
0,,,,0,23,1,,,5.6,,,451,,,301,,0,1,11.7,,40.4,,2020-06-25T17:00:00Z,,,,80,,,18,0,,0,0,,0,40,0,24335,,,,0,1,71.0,6,579,1836,1257,57,True,,0,,,,,
0,,,,0,0,0,,,0.0,,,451,,,315,,0,0,0.0,,0.0,,2020-06-29T19:00:00Z,,,,0,,,7,0,,0,0,,0,41,0,24295,,,,1,0,0.0,0,27,1531,1504,57,False,,0,,,,,
1,,,,0,15,0,,,13.0,,,451,,,321,,1,0,4.6,,21.0,,2020-07-05T11:00:00Z,,,,90,,,15,0,,0,0,,0,42,0,22355,,,,1,1,12.0,5,-1943,336,2279,57,True,,0,,,,,
0,,,,3,37,1,,,14.3,,,451,,,340,,0,1,8.3,,47.4,,2020-07-08T17:00:00Z,,,,90,,,19,0,,0,0,,0,43,0,23946,,,,1,0,21.0,9,1088,2187,1099,57,False,,0,,,,,
0,,,,3,26,0,,,3.6,,,451,,,344,,1,1,6.7,,35.0,,2020-07-11T14:00:00Z,,,,90,,,10,0,,0,0,,0,44,0,29705,,,,1,1,28.0,9,5522,7172,1650,57,False,,0,,,,,
0,,,,0,0,0,,,11.3,,,451,,,352,,0,0,3.8,,0.4,,2020-07-15T17:00:00Z,,,,50,,,20,0,,0,0,,0,45,0,56608,,,,1,1,26.0,1,23730,25786,2056,57,True,,0,,,,,
0,,,,0,4,1,,,5.3,,,451,,,366,,0,0,10.5,,9.4,,2020-07-18T16:30:00Z,,,,90,,,14,0,,0,0,,0,46,0,74923,,,,2,0,90.0,2,19326,27383,8057,57,False,,0,,,,,
0,,,,0,-4,0,,,0.6,,,451,,,372,,2,0,4.8,,0.0,,2020-07-26T15:00:00Z,,,,77,,,4,0,,0,0,,0,47,0,74741,,,,2,1,54.0,2,3342,14075,10733,57,True,,0,,,,,
0,,,,0,2,0,,,11.2,,,86,,,14,,3,0,2.8,,3.6,,2020-09-20T18:00:00Z,,,,69,,,9,0,,0,0,,0,2,0,51558,,,,2,4,13.0,1,-3221,4724,7945,60,False,,1,,,,,
0,,,,0,0,0,,,0.0,,,86,,,20,,0,0,0.0,,0.0,,2020-09-26T19:00:00Z,,,,0,,,16,0,,0,0,,0,3,0,38598,,,,1,0,0.0,0,-13928,1934,15862,60,True,,0,,,,,
0,,,,0,0,0,,,0.0,,,86,,,36,,0,0,0.0,,0.0,,2020-10-03T19:00:00Z,,,,0,,,14,0,,0,0,,0,4,0,27220,,,,1,3,0.0,0,-11960,95,12055,59,False,,0,,,,,
0,,,,0,3,0,,,0.3,,,86,,,48,,0,0,0.0,,0.0,,2020-10-19T16:30:00Z,,,,13,,,18,0,,0,0,,0,5,0,22241,,,,0,0,0.0,1,-5445,194,5639,59,False,,0,,,,,
0,,,,0,3,0,,,1.3,,,86,,,52,,0,0,0.2,,0.2,,2020-10-26T20:00:00Z,,,,6,,,17,0,,0,0,,0,6,0,21324,,,,1,0,0.0,1,-1370,468,1838,59,True,,0,,,,,
0,,,,0,5,0,,,11.1,,,86,,,60,,2,0,2.6,,4.4,,2020-10-31T15:00:00Z,,,,45,,,5,0,,0,0,,0,7,0,20584,,,,3,0,10.0,1,-1054,369,1423,59,True,,0,,,,,
0,,,,0,3,0,,,0.1,,,86,,,70,,0,0,0.4,,4.0,,2020-11-06T17:30:00Z,,,,20,,,3,0,,0,0,,0,8,0,20134,,,,0,0,0.0,1,-678,407,1085,58,False,,0,,,,,
1,,,,0,15,1,,,11.8,,,86,,,80,,0,0,5.7,,9.4,,2020-11-23T17:30:00Z,,,,90,,,6,0,,0,0,,0,9,0,19871,,,,0,1,36.0,4,-552,572,1124,58,True,,1,,,,,
0,,,,0,5,0,,,1.6,,,86,,,95,,5,0,2.5,,4.6,,2020-11-28T15:00:00Z,,,,90,,,12,0,,0,0,,0,10,0,19835,,,,0,5,19.0,2,-208,423,631,58,False,,0,,,,,
0,,,,0,8,0,,,2.8,,,86,,,101,,1,0,1.0,,5.6,,2020-12-05T12:30:00Z,,,,74,,,7,0,,0,0,,0,11,0,20505,,,,1,1,2.0,2,366,1125,759,58,True,,0,,,,,
0,,,,0,-1,0,,,1.1,,,86,,,109,,0,0,1.7,,0.0,,2020-12-13T19:15:00Z,,,,58,,,1,0,,0,0,,0,12,0,20479,,,,1,0,18.0,1,-166,807,973,58,False,,0,,,,,
0,,,,0,4,1,,,11.7,,,86,,,120,,0,0,1.8,,4.8,,2020-12-17T18:00:00Z,,,,64,,,2,0,,0,0,,0,13,0,20332,,,,0,0,1.0,2,-274,407,681,58,False,,0,,,,,
0,,,,0,-2,0,,,0.8,,,86,,,130,,1,0,0.0,,0.0,,2020-12-21T17:30:00Z,,,,8,,,20,0,,0,0,,0,14,0,20280,,,,1,2,0.0,0,-169,449,618,58,True,,1,,,,,
0,,,,0,2,0,,,1.0,,,86,,,142,,0,0,1.3,,0.0,,2020-12-27T12:00:00Z,,,,16,,,10,0,,0,0,,0,15,0,20115,,,,0,1,13.0,1,-375,552,927,58,False,,0,,,,,
0,,,,0,0,0,,,0.0,,,86,,,150,,0,0,0.0,,0.0,,2020-12-29T18:00:00Z,,,,0,,,15,0,,0,0,,0,16,0,20186,,,,0,1,0.0,0,-20,487,507,58,True,,0,,,,,
0,,,,0,2,0,,,0.3,,,86,,,379,,0,0,0.1,,0.0,,2021-01-12T20:15:00Z,,,,2,,,13,0,,0,0,,0,18,0,18618,,,,1,0,2.0,1,-1092,120,1212,58,True,,0,,,,,
0,,,,0,4,0,,,0.8,,,86,,,187,,0,0,1.9,,2.2,,2021-01-16T15:00:00Z,,,,18,,,19,0,,0,0,,0,19,0,19568,,,,0,1,16.0,1,483,951,468,58,False,,0,,,,,
0,,,,0,0,0,,,0.0,,,86,,,177,,0,0,0.0,,0.0,,2021-01-21T20:00:00Z,,,,0,,,11,0,,0,0,,0,19,0,19568,,,,1,0,0.0,0,483,951,468,58,False,,0,,,,,
0,,,,0,2,0,,,1.8,,,86,,,190,,2,0,0.9,,5.6,,2021-01-27T18:00:00Z,,,,74,,,2,0,,0,0,,0,20,0,19742,,,,2,3,2.0,2,136,887,751,58,True,,0,,,,,
0,,,,0,3,0,,,0.5,,,86,,,201,,1,0,0.5,,2.2,,2021-01-31T12:00:00Z,,,,33,,,5,0,,0,0,,0,21,0,19852,,,,0,2,2.0,1,33,602,569,58,False,,0,,,,,
0,,,,0,0,0,,,1.2,,,86,,,210,,2,0,0.2,,0.0,,2021-02-03T18:00:00Z,,,,76,,,12,0,,0,0,,0,22,0,20128,,,,2,0,2.0,2,153,708,555,58,True,,0,,,,,
0,,,,0,0,0,,,0.0,,,86,,,220,,0,0,0.0,,0.0,,2021-02-06T15:00:00Z,,,,0,,,3,0,,0,0,,0,23,0,21744,,,,1,1,0.0,0,1398,2118,720,58,True,,0,,,,,
1,,,,2,42,1,,,14.8,,,86,,,232,,0,1,11.4,,48.2,,2021-02-13T15:00:00Z,,,,90,,,6,0,,0,0,,0,24,0,23856,,,,3,0,51.0,11,1481,3231,1750,58,False,,0,,,,,
1,,,,0,8,0,,,13.0,,,86,,,160,,1,0,5.9,,21.4,,2021-02-17T18:00:00Z,,,,90,,,8,0,,0,0,,0,24,0,23856,,,,1,1,25.0,5,1481,3231,1750,58,True,,0,,,,,
0,,,,0,-3,1,,,1.7,,,86,,,242,,0,0,3.6,,10.8,,2021-02-20T15:00:00Z,,,,80,,,18,0,,0,0,,0,25,0,44733,,,,0,0,23.0,2,20059,22770,2711,58,True,,0,,,,,
0,,,,0,7,0,,,5.5,,,86,,,257,,4,0,6.7,,11.0,,2021-02-28T14:00:00Z,,,,87,,,17,0,,0,0,,0,26,0,46068,,,,0,4,50.0,2,1178,11326,10148,58,False,,0,,,,,
0,,,,0,3,0,,,0.0,,,86,,,280,,0,0,0.0,,0.0,,2021-03-03T18:00:00Z,,,,1,,,9,0,,0,0,,0,26,0,46068,,,,1,1,0.0,1,1178,11326,10148,58,True,,0,,,,,
0,,,,0,0,0,,,0.0,,,86,,,261,,0,0,0.8,,2.0,,2021-03-06T12:30:00Z,,,,4,,,1,0,,0,0,,0,27,0,42763,,,,1,1,6.0,1,-3407,3213,6620,58,True,,0,,,,,
0,,,,0,3,0,,,0.1,,,86,,,271,,0,0,2.0,,3.2,,2021-03-13T17:30:00Z,,,,12,,,7,0,,0,0,,0,28,0,38620,,,,2,1,17.0,1,-4455,2150,6605,58,False,,0,,,,,
0,,,,0,3,0,,,0.3,,,86,,,297,,0,0,0.0,,0.0,,2021-04-04T11:00:00Z,,,,12,,,16,0,,0,0,,0,30,0,33255,,,,2,3,0.0,1,-2313,390,2703,58,False,,0,,,,,
0,,,,0,0,0,,,0.0,,,86,,,300,,0,0,0.0,,0.0,,2021-04-11T11:00:00Z,,,,0,,,14,0,,0,0,,0,31,0,31968,,,,2,1,0.0,0,-1351,558,1909,58,True,,0,,,,,
0,,,,0,3,0,,,0.5,,,86,,,315,,1,0,0.1,,0.0,,2021-04-18T15:00:00Z,,,,2,,,13,0,,0,0,,0,32,0,30582,,,,1,3,0.0,1,-1451,351,1802,58,False,,0,,,,,
0,,,,0,1,0,,,0.4,,,86,,,328,,0,0,0.2,,0.0,,2021-04-25T11:00:00Z,,,,17,,,20,0,,0,0,,0,33,0,30114,,,,4,0,3.0,1,-551,341,892,58,False,,0,,,,,
0,,,,0,-4,0,,,0.3,,,86,,,330,,0,0,5.1,,1.0,,2021-05-03T19:15:00Z,,,,29,,,19,0,,0,0,,0,34,0,29353,,,,2,1,50.0,1,-835,193,1028,57,True,,0,,,,,
0,,,,0,-1,0,,,0.4,,,86,,,341,,0,0,2.0,,2.4,,2021-05-10T19:00:00Z,,,,23,,,8,0,,0,0,,0,35,0,28726,,,,2,0,17.0,1,-650,190,840,57,False,,0,,,,,
0,,,,0,1,0,,,0.8,,,86,,,350,,2,0,4.1,,3.0,,2021-05-15T11:30:00Z,,,,25,,,10,0,,0,0,,0,36,0,28529,,,,4,0,37.0,1,-274,193,467,57,True,,0,,,,,
0,,,,0,0,0,,,0.0,,,86,,,360,,0,0,0.0,,0.0,,2021-05-19T19:15:00Z,,,,0,,,11,0,,0,0,,0,37,0,28259,,,,3,0,0.0,0,-313,119,432,57,True,,0,,,,,
0,,,,0,4,0,,,0.2,,,86,,,376,,0,0,3.4,,0.2,,2021-05-23T15:00:00Z,,,,20,,,15,0,,0,0,,0,38,0,28401,,,,0,1,34.0,1,122,655,533,57,False,,0,,,,,
0,,,,0,10,1,,,2.5,,,104,,,2,,0,0,2.6,,6.6,,2021-08-14T14:00:00Z,,,,69,,,4,0,,0,0,,0,1,0,58733,,,,2,1,17.0,2,0,0,0,55,True,,0,,,,,
0,,,,0,7,0,,,11.0,,,104,,,15,,0,0,3.2,,3.2,,2021-08-21T11:30:00Z,,,,15,,,11,0,,0,0,,0,2,0,74511,,,,0,2,18.0,1,2494,12610,10116,55,False,,0,,,,,
0,,,,0,0,0,,,0.0,,,104,,,29,,0,0,0.0,,0.0,,2021-08-29T13:00:00Z,,,,0,,,10,0,,0,0,,0,3,0,69889,,,,1,1,0.0,0,-7203,6139,13342,55,True,,0,,,,,
0,,,,0,2,0,,,0.0,,,104,,,35,,0,0,1.0,,0.0,,2021-09-13T19:00:00Z,,,,4,,,8,0,,0,0,,0,4,0,59742,,,,1,3,12.0,1,-12596,4762,17358,55,False,,0,,,,,
0,,,,0,1,0,,,0.0,,,104,,,43,,0,0,0.2,,0.0,,2021-09-18T14:00:00Z,,,,8,,,1,0,,0,0,,0,5,0,57003,,,,1,0,4.0,1,-4684,4548,9232,54,True,,0,,,,,
0,,,,0,0,0,,,0.0,,,104,,,57,,0,0,0.0,,0.0,,2021-09-25T14:00:00Z,,,,0,,,9,0,,0,0,,0,6,0,53527,,,,2,2,0.0,0,-4356,2564,6920,54,False,,0,,,,,
0,,,,0,-1,0,,,4.8,,,104,,,62,,0,0,4.8,,2.0,,2021-10-02T14:00:00Z,,,,55,,,15,0,,0,0,,0,7,0,45912,,,,0,0,41.0,0,-7697,259,7956,54,True,,1,,,,,
0,,,,0,3,0,,,0.1,,,104,,,76,,0,0,0.0,,0.0,,2021-10-16T14:00:00Z,,,,8,,,12,0,,0,0,,0,8,0,44831,,,,0,2,0.0,1,-1974,1498,3472,53,False,,0,,,,,
0,,,,0,-3,0,,,0.0,,,104,,,89,,0,0,1.7,,0.0,,2021-10-23T14:00:00Z,,,,20,,,16,0,,0,0,,0,9,0,44182,,,,2,2,18.0,0,-1008,1058,2066,53,False,,1,,,,,
0,,,,0,0,0,,,0.0,,,104,,,92,,0,0,0.0,,0.0,,2021-10-30T14:00:00Z,,,,0,,,3,0,,0,0,,0,10,0,43334,,,,1,3,0.0,0,-1494,1434,2928,53,True,,0,,,,,
1,,,,0,13,0,,,10.5,,,104,,,104,,0,0,3.3,,16.4,,2021-11-06T15:00:00Z,,,,29,,,6,0,,0,0,,0,11,0,42686,,,,1,1,6.0,4,-1055,840,1895,53,False,,0,,,,,
0,,,,0,2,0,,,0.3,,,104,,,112,,0,0,0.1,,1.0,,2021-11-20T15:00:00Z,,,,11,,,7,0,,0,0,,0,12,0,44143,,,,3,3,0.0,1,705,2335,1630,53,True,,0,,,,,
0,,,,0,0,0,,,10.4,,,104,,,137,,0,0,1.4,,0.4,,2021-12-01T19:30:00Z,,,,31,,,20,0,,0,0,,0,14,0,41101,,,,0,0,3.0,0,-1757,102,1859,53,False,,1,,,,,
0,,,,0,2,0,,,0.3,,,104,,,145,,0,0,0.1,,0.2,,2021-12-04T15:00:00Z,,,,10,,,14,0,,0,0,,0,15,0,42098,,,,0,1,0.0,1,672,2136,1464,52,False,,0,,,,,
0,,,,0,5,1,,,13.4,,,104,,,154,,0,0,4.4,,0.0,,2021-12-12T14:00:00Z,,,,90,,,19,0,,0,0,,0,16,0,42346,,,,0,0,31.0,2,-47,1573,1620,52,True,,0,,,,,
0,,,,0,0,0,,,0.0,,,104,,,198,,0,0,0.0,,0.0,,2021-12-30T20:15:00Z,,,,0,,,13,0,,0,0,,0,20,0,51640,,,,1,3,0.0,0,-683,1051,1734,52,False,,0,,,,,
0,,,,0,2,0,,,0.3,,,104,,,206,,1,0,0.0,,0.0,,2022-01-02T14:00:00Z,,,,10,,,10,0,,0,0,,0,21,0,47362,,,,1,3,0.0,1,-3652,636,4288,52,False,,0,,,,,
0,,,,0,5,1,,,12.2,,,104,,,221,,0,0,2.5,,7.6,,2022-01-23T14:00:00Z,,,,82,,,1,0,,0,0,,0,23,0,49390,,,,0,0,5.0,2,1194,3490,2296,52,False,,0,,,,,
0,,,,0,0,0,,,10.3,,,104,,,164,,0,0,1.3,,0.0,,2022-02-05T18:00:00Z,,,,24,,,18,0,,0,0,,0,23,0,49390,,,,0,0,4.0,1,1194,3490,2296,52,True,,0,,,,,
0,,,,3,28,0,,,1.5,,,104,,,233,,1,1,6.2,,37.0,,2022-02-08T20:00:00Z,,,,87,,,13,0,,0,0,,0,24,0,50164,,,,1,1,23.0,9,443,3202,2759,52,True,,0,,,,,
0,,,,0,8,0,,,11.3,,,104,,,242,,1,0,3.7,,9.0,,2022-02-13T14:00:00Z,,,,61,,,11,0,,0,0,,0,25,0,79790,,,,1,0,17.0,2,27652,32435,4783,52,True,,0,,,,,
1,,,,0,15,0,,,20.9,,,104,,,253,,0,0,5.0,,19.8,,2022-02-19T15:00:00Z,,,,35,,,4,0,,0,0,,0,26,0,153993,,,,3,0,9.0,4,54543,63348,8805,52,False,,0,,,,,
0,,,,0,0,1,,,2.0,,,104,,,124,,0,0,5.3,,13.4,,2022-02-23T19:30:00Z,,,,90,,,17,0,,0,0,,0,26,0,153993,,,,0,1,38.0,2,54543,63348,8805,52,True,,0,,,,,
0,,,,0,3,0,,,1.6,,,104,,,265,,1,0,0.1,,0.0,,2022-02-26T15:00:00Z,,,,87,,,7,0,,0,0,,0,27,0,169303,,,,1,1,2.0,2,29337,39587,10250,52,False,,0,,,,,
0,,,,0,2,0,,,0.8,,,104,,,213,,2,0,0.3,,0.0,,2022-03-01T19:45:00Z,,,,19,,,9,0,,0,0,,0,27,0,169303,,,,2,0,4.0,1,29337,39587,10250,52,True,,0,,,,,
0,,,,0,4,0,,,1.3,,,104,,,272,,3,0,1.2,,0.0,,2022-03-05T15:00:00Z,,,,62,,,6,0,,0,0,,0,28,0,136383,,,,4,0,14.0,2,-21118,14326,35444,52,True,,0,,,,,
0,,,,0,0,0,,,0.5,,,104,,,282,,2,0,0.2,,0.0,,2022-03-12T15:00:00Z,,,,23,,,3,0,,0,0,,0,29,0,138594,,,,0,2,1.0,1,-2837,13710,16547,52,False,,0,,,,,
0,,,,0,0,0,,,0.3,,,104,,,302,,0,0,0.8,,1.0,,2022-04-02T14:00:00Z,,,,19,,,12,0,,0,0,,0,31,0,141184,,,,2,0,7.0,1,11164,18786,7622,52,True,,0,,,,,
0,,,,1,29,0,,,13.2,,,104,,,183,,2,1,11.4,,41.6,,2022-04-06T18:30:00Z,,,,90,,,8,0,,0,0,,0,31,0,141184,,,,2,3,59.0,7,11164,18786,7622,52,True,,0,,,,,
0,,,,0,1,0,,,15.2,,,104,,,318,,1,0,4.6,,1.0,,2022-04-10T13:00:00Z,,,,83,,,15,0,,0,0,,0,32,0,162147,,,,0,2,30.0,2,20753,27696,6943,52,False,,0,,,,,
1,,,,0,10,0,,,6.0,,,104,,,329,,1,0,4.4,,6.8,,2022-04-17T13:15:00Z,,,,90,,,19,0,,0,0,,0,33,0,198246,,,,1,1,31.0,5,30414,40086,9672,52,False,,0,,,,,
0,,,,0,6,1,,,11.6,,,104,,,292,,0,0,7.9,,7.6,,2022-04-21T18:45:00Z,,,,90,,,16,0,,0,0,,0,33,0,198246,,,,0,2,60.0,2,30414,40086,9672,52,True,,0,,,,,
0,,,,0,5,1,,,3.7,,,104,,,334,,0,0,0.7,,1.8,,2022-04-24T13:00:00Z,,,,63,,,20,0,,0,0,,0,34,0,224047,,,,0,1,1.0,2,29394,43447,14053,52,True,,0,,,,,
0,,,,0,0,0,,,0.0,,,104,,,348,,0,0,0.0,,0.0,,2022-04-30T14:00:00Z,,,,0,,,18,0,,0,0,,0,35,0,194264,,,,2,1,0.0,0,-27084,7665,34749,52,False,,0,,,,,
0,,,,0,0,0,,,0.0,,,104,,,354,,0,0,0.0,,0.0,,2022-05-07T14:00:00Z,,,,0,,,2,0,,0,0,,0,36,0,137481,,,,3,1,0.0,0,-51539,1585,53124,52,True,,0,,,,,
0,,,,0,0,0,,,0.0,,,104,,,367,,0,0,0.0,,0.0,,2022-05-15T11:00:00Z,,,,0,,,17,0,,0,0,,0,37,0,118303,,,,0,1,0.0,0,-19630,1801,21431,51,False,,0,,,,,
0,,,,0,0,0,,,0.0,,,104,,,171,,0,0,0.0,,0.0,,2022-05-19T19:00:00Z,,,,0,,,2,0,,0,0,,0,37,0,118303,,,,1,1,0.0,0,-19630,1801,21431,51,False,,0,,,,,
0,,,,0,0,0,,,0.0,,,104,,,374,,0,0,0.0,,0.0,,2022-05-22T15:00:00Z,,,,0,,,14,0,,0,0,,0,38,0,106982,,,,2,1,0.0,0,-14768,632,15400,51,True,,0,,,,,
0,,,,0,0,0,,,0.0,,,177,,,1,,0,0,0.0,,0.0,,2023-08-11T19:00:00Z,,,,0,,,13,0,,0,0,,0,1,0,23081,,,,3,0,0.0,0,0,0,0,55,True,,0,0.0,0.0,0.0,0.0,0.0
0,,,,0,-3,0,,,0.3,,,177,,,25,,0,0,0.1,,0.0,,2023-08-27T13:00:00Z,,,,9,,,2,0,,0,0,,0,3,0,19436,,,,3,1,5.0,1,-2622,1189,3811,54,True,,0,0.0,0.45,0.45,0.02,0.0
0,,,,0,0,0,,,0.0,,,177,,,34,,0,0,0.0,,0.0,,2023-09-02T14:00:00Z,,,,0,,,18,0,,0,0,,0,4,0,18363,,,,5,2,0.0,0,-1779,636,2415,54,True,,0,0.0,0.0,0.0,0.0,0.0
0,,,,0,0,0,,,0.0,,,177,,,47,,0,0,0.0,,0.0,,2023-09-18T18:45:00Z,,,,0,,,16,0,,0,0,,0,5,0,17522,,,,1,1,0.0,0,-1659,854,2513,53,False,,0,0.0,0.0,0.0,0.0,0.0
0,,,,0,2,0,,,3.0,,,177,,,54,,0,0,1.2,,4.0,,2023-09-23T19:00:00Z,,,,17,,,14,0,,0,0,,0,6,0,16977,,,,1,0,5.0,1,-861,617,1478,53,True,,0,0.0,0.08,0.08,0.42,0.0
0,,,,0,2,0,,,0.2,,,177,,,66,,1,0,0.1,,1.2,,2023-09-30T14:00:00Z,,,,32,,,15,0,,0,0,,0,7,0,17695,,,,0,2,0.0,1,237,1580,1343,53,False,,0,0.0,0.0,0.0,1.27,0.0
0,,,,0,3,0,,,0.6,,,177,,,15,,1,0,0.6,,0.0,,2023-10-03T18:30:00Z,,,,10,,,12,0,,0,0,,0,7,0,17695,,,,2,1,6.0,1,237,1580,1343,53,False,,0,0.0,0.03,0.03,0.19,0.0
0,,,,0,0,0,,,0.0,,,177,,,73,,0,0,0.0,,0.0,,2023-10-07T14:00:00Z,,,,0,,,7,0,,0,0,,0,8,0,17006,,,,4,1,0.0,0,-804,575,1379,53,True,,0,0.0,0.0,0.0,0.0,0.0
0,,,,0,0,0,,,0.0,,,177,,,83,,0,0,0.0,,0.0,,2023-10-21T14:00:00Z,,,,0,,,4,0,,0,0,,0,9,0,16627,,,,0,3,0.0,0,-638,439,1077,53,False,,0,0.0,0.0,0.0,0.0,0.0
0,,,,0,0,0,,,0.7,,,177,,,93,,1,0,0.3,,0.6,,2023-10-28T14:00:00Z,,,,45,,,3,0,,0,0,,0,10,0,16352,,,,1,2,2.0,1,-409,472,881,53,False,,0,0.0,0.0,0.0,0.18,0.0
0,,,,0,1,0,,,12.3,,,177,,,102,,2,0,6.9,,6.8,,2023-11-04T15:00:00Z,,,,90,,,8,0,,0,0,,0,11,0,16197,,,,2,0,50.0,2,-318,596,914,53,True,,0,0.03,0.42,0.39,1.32,1.0
0,,,,0,5,0,,,0.7,,,177,,,111,,3,0,3.7,,10.6,,2023-11-11T15:00:00Z,,,,90,,,1,0,,0,0,,0,12,0,16585,,,,1,3,26.0,2,186,875,689,53,False,,0,0.0,0.07,0.07,2.03,1.0
0,,,,3,30,0,,,12.3,,,177,,,122,,2,1,7.5,,44.0,,2023-11-25T15:00:00Z,,,,90,,,19,0,,0,0,,0,13,0,17401,,,,2,1,19.0,9,503,1500,997,53,True,,0,0.01,0.8,0.79,1.03,1.0
0,,,,0,31,1,,,3.3,,,177,,,134,,0,1,5.7,,33.4,,2023-12-02T15:00:00Z,,,,75,,,17,0,,0,0,,0,14,0,32265,,,,0,5,20.0,6,13606,14938,1332,53,True,,0,0.02,0.24,0.22,0.36,1.0
0,,,,0,6,0,,,3.3,,,177,,,149,,1,0,2.8,,5.6,,2023-12-05T19:30:00Z,,,,90,,,20,0,,0,0,,0,15,0,34283,,,,0,1,19.0,2,2169,7053,4884,53,False,,0,0.0,0.43,0.43,0.83,1.0
1,,,,0,14,0,,,11.4,,,177,,,152,,1,0,7.5,,22.4,,2023-12-09T15:00:00Z,,,,77,,,5,0,,0,0,,0,16,0,33238,,,,1,1,41.0,5,-1110,3319,4429,53,False,,0,0.01,0.67,0.66,1.61,1.0
0,,,,0,3,0,,,1.5,,,177,,,164,,2,0,1.4,,0.0,,2023-12-16T17:30:00Z,,,,45,,,9,0,,0,0,,0,17,0,36050,,,,2,0,13.0,1,1505,5770,4265,53,True,,0,0.0,0.21,0.21,0.97,1.0
0,,,,0,4,0,,,1.1,,,177,,,173,,0,0,0.2,,1.2,,2023-12-23T15:00:00Z,,,,25,,,10,0,,0,0,,0,18,0,38512,,,,2,0,0.0,1,2023,5595,3572,53,False,,0,0.0,0.0,0.0,0.46,0.0
0,,,,0,0,0,,,0.0,,,177,,,185,,0,0,0.0,,0.0,,2023-12-26T17:30:00Z,,,,0,,,11,0,,0,0,,0,19,0,34625,,,,2,0,0.0,0,-3560,1568,5128,53,True,,0,0.0,0.0,0.0,0.0,0.0
