assists,attempted_passes,big_chances_created,big_chances_missed,bonus,bps,clean_sheets,clearances_blocks_interceptions,completed_passes,creativity,dribbles,ea_index,element,errors_leading_to_goal,errors_leading_to_goal_attempt,fixture,fouls,goals_conceded,goals_scored,ict_index,id,influence,key_passes,kickoff_time,kickoff_time_formatted,loaned_in,loaned_out,minutes,offside,open_play_crosses,opponent_team,own_goals,penalties_conceded,penalties_missed,penalties_saved,recoveries,red_cards,round,saves,selected,tackled,tackles,target_missed,team_a_score,team_h_score,threat,total_points,transfers_balance,transfers_in,transfers_out,value,was_home,winning_goals,yellow_cards
0,9,0,0,0,-1,0,0,8,2.0,2,0,109,0,0,2,1,1,0,0.6,109,0.0,0,2016-08-13T14:00:00Z,13 Aug 15:00,0,0,25,0,0,19,0,0,0,0,1,0,1,0,162293,2,0,0,1,0,4.0,0,0,0,0,60,True,0,1
0,15,2,0,0,11,0,1,14,25.8,2,0,109,0,0,18,0,0,0,3.6,634,9.6,2,2016-08-20T14:00:00Z,20 Aug 15:00,0,0,30,0,1,19,0,0,0,0,2,0,2,0,174280,4,1,1,2,1,1.0,1,5901,14400,8499,60,False,0,0
0,24,0,0,0,13,1,1,19,20.8,5,0,109,0,0,23,4,0,0,3.4,1174,9.0,1,2016-08-27T14:00:00Z,27 Aug 15:00,0,0,87,0,2,14,0,0,0,0,7,0,3,0,191038,1,2,2,0,1,4.0,3,11192,32362,21170,60,True,0,0
1,21,2,0,1,29,1,0,16,64.9,4,0,109,0,0,40,1,0,0,13.6,1724,40.0,5,2016-09-12T19:00:00Z,12 Sep 20:00,0,0,75,0,3,15,0,0,0,0,3,0,4,0,184337,5,1,1,3,0,31.0,7,-9613,20732,30345,60,False,0,0
1,25,1,0,0,20,0,1,20,24.4,3,0,109,0,0,42,0,1,0,6.0,2305,27.4,1,2016-09-17T16:30:00Z,17 Sep 17:30,0,0,90,1,1,12,0,0,0,0,3,0,5,0,208551,6,2,1,1,3,8.0,5,22069,33478,11409,60,True,0,0
0,22,0,0,0,2,0,0,15,24.5,0,0,109,0,0,52,2,1,0,4.4,2889,8.4,1,2016-09-24T14:00:00Z,24 Sep 15:00,0,0,90,0,3,2,0,0,0,0,3,0,6,0,245178,6,0,1,0,1,11.0,2,33223,50641,17418,61,False,0,0
0,23,1,0,0,8,0,4,17,17.5,6,0,109,0,0,62,4,1,0,5.1,3475,15.6,1,2016-09-30T19:00:00Z,30 Sep 20:00,0,0,90,2,1,5,0,0,0,0,4,0,7,0,242124,2,0,1,1,1,18.0,1,-4617,14181,18798,61,True,0,1
1,17,0,0,0,17,0,0,9,24.1,4,0,109,0,0,76,2,1,0,5.0,4064,24.0,2,2016-10-15T14:00:00Z,15 Oct 15:00,0,0,83,0,0,10,0,0,0,0,3,0,8,0,215169,5,1,0,1,1,2.0,5,-28412,5125,33537,61,False,0,0
0,29,0,0,2,29,0,0,22,26.1,4,0,109,0,0,83,0,2,1,12.0,4656,47.8,1,2016-10-22T14:00:00Z,22 Oct 15:00,0,0,90,0,3,3,0,0,0,0,3,0,9,0,211419,3,0,1,1,2,46.0,9,-4659,9248,13907,60,False,0,0
1,21,1,0,0,23,1,1,17,23.6,3,0,109,0,0,92,1,0,0,9.7,5250,25.2,2,2016-10-30T13:30:00Z,30 Oct 13:30,0,0,82,0,0,20,0,0,0,0,4,0,10,0,241457,2,1,0,0,2,48.0,6,27840,32517,4677,60,True,0,0
0,15,0,0,0,-3,0,0,11,8.0,1,0,109,0,0,104,2,4,0,0.8,5848,0.0,0,2016-11-05T17:30:00Z,05 Nov 17:30,0,0,59,0,1,4,0,0,0,0,2,0,11,0,264975,3,0,0,0,5,0.0,0,19754,35085,15331,61,False,0,1
0,30,1,1,0,10,0,0,24,36.6,3,0,109,0,0,112,2,1,0,11.5,6447,17.0,2,2016-11-19T15:00:00Z,19 Nov 15:00,0,0,90,0,3,16,0,0,0,0,4,0,12,0,275588,6,0,1,1,1,61.0,2,8074,28635,20561,61,True,0,0
0,24,0,0,0,6,0,1,16,27.7,3,0,109,0,0,128,4,1,0,5.1,7048,8.8,2,2016-11-27T16:30:00Z,27 Nov 16:30,0,0,90,0,1,13,0,0,0,0,5,0,13,0,254750,6,3,3,0,1,14.0,2,-21540,5885,27425,61,False,0,0
0,13,0,0,0,8,0,4,5,0.7,3,0,109,0,0,133,1,1,0,1.0,7652,5.2,0,2016-12-04T16:00:00Z,04 Dec 16:00,0,0,67,0,0,11,0,0,0,0,5,0,14,0,234754,2,0,1,1,1,4.0,2,-20440,3181,23621,60,True,0,0
0,0,0,0,0,0,0,0,0,0.0,0,0,109,0,0,148,0,0,0,0.0,8257,0.0,0,2016-12-10T12:30:00Z,10 Dec 12:30,0,0,0,0,0,18,0,0,0,0,0,0,15,0,147005,0,0,0,2,3,0.0,0,-87956,969,88925,59,False,0,0
0,0,0,0,0,0,0,0,0,0.0,0,0,109,0,0,156,0,0,0,0.0,8867,0.0,0,2016-12-13T19:45:00Z,13 Dec 19:45,0,0,0,0,0,1,0,0,0,0,0,0,16,0,117015,0,0,0,1,2,0.0,0,-30019,131,30150,58,True,0,0
0,0,0,0,0,0,0,0,0,0.0,0,0,109,0,0,163,0,0,0,0.0,9481,0.0,0,2016-12-19T20:00:00Z,19 Dec 20:00,0,0,0,0,0,9,0,0,0,0,0,0,17,0,102185,0,0,0,1,0,0.0,0,-14871,113,14984,58,True,0,0
0,0,0,0,0,0,0,0,0,0.0,0,0,109,0,0,175,0,0,0,0.0,10097,0.0,0,2016-12-26T15:00:00Z,26 Dec 15:00,0,0,0,0,0,8,0,0,0,0,0,0,18,0,93378,0,0,0,2,0,0.0,0,-8868,159,9027,57,False,0,0
0,0,0,0,0,0,0,0,0,0.0,0,0,109,0,0,184,0,0,0,0.0,10715,0.0,0,2016-12-30T20:00:00Z,30 Dec 20:00,0,0,0,0,0,7,0,0,0,0,0,0,19,0,89936,0,0,0,2,2,0.0,0,-3488,228,3716,57,False,0,0
0,0,0,0,0,0,0,0,0,0.0,0,0,109,0,0,193,0,0,0,0.0,11337,0.0,0,2017-01-02T15:00:00Z,02 Jan 15:00,0,0,0,0,0,13,0,0,0,0,0,0,20,0,87939,0,0,0,0,3,0.0,0,-2031,116,2147,57,True,0,0
0,0,0,0,0,0,0,0,0,0.0,0,0,109,0,0,202,0,0,0,0.0,11961,0.0,0,2017-01-15T13:30:00Z,15 Jan 13:30,0,0,0,0,0,10,0,0,0,0,0,0,21,0,83753,0,0,0,0,4,0.0,0,-4255,110,4365,57,True,0,0
0,0,0,0,0,0,0,0,0,0.0,0,0,109,0,0,214,0,0,0,0.0,12592,0.0,0,2017-01-21T15:00:00Z,21 Jan 15:00,0,0,0,0,0,5,0,0,0,0,0,0,22,0,82023,0,0,0,1,0,0.0,0,-1782,81,1863,57,False,0,0
0,0,0,0,0,0,0,0,0,0.0,0,0,109,0,0,230,0,0,0,0.0,13226,0.0,0,2017-02-01T20:00:00Z,01 Feb 20:00,0,0,0,0,0,14,0,0,0,0,0,0,23,0,81051,0,0,0,1,1,0.0,0,-1042,84,1126,57,False,0,0
0,0,0,0,0,0,0,0,0,0.0,0,0,109,0,0,233,0,0,0,0.0,13869,0.0,0,2017-02-04T15:00:00Z,04 Feb 15:00,0,0,0,0,0,2,0,0,0,0,0,0,24,0,80535,0,0,0,3,6,0.0,0,-538,48,586,57,True,0,0
0,0,0,0,0,0,0,0,0,0.0,0,0,109,0,0,246,0,0,0,0.0,14518,0.0,0,2017-02-11T15:00:00Z,11 Feb 15:00,0,0,0,0,0,12,0,0,0,0,0,0,25,0,79566,0,0,0,0,0,0.0,0,-1014,95,1109,57,False,0,0
0,0,0,0,0,0,0,0,0,0.0,0,0,109,0,0,253,0,0,0,0.0,15141,0.0,0,2017-02-25T15:00:00Z,25 Feb 15:00,0,0,0,0,0,15,0,0,0,0,0,0,26,0,78905,0,0,0,0,2,0.0,0,-724,72,796,57,True,0,0
0,0,0,0,0,0,0,0,0,0.0,0,0,109,0,0,267,0,0,0,0.0,15694,0.0,0,2017-03-05T13:30:00Z,05 Mar 13:30,0,0,0,0,0,17,0,0,0,0,0,0,27,0,78517,0,0,0,2,3,0.0,0,-423,55,478,57,False,0,0
0,0,0,0,0,0,0,0,0,0.0,0,0,109,0,0,275,0,0,0,0.0,16346,0.0,0,2017-03-11T15:00:00Z,11 Mar 15:00,0,0,0,0,0,19,0,0,0,0,0,0,28,0,78219,0,0,0,0,3,0.0,0,-318,69,387,57,True,0,0
0,0,0,0,0,0,0,0,0,0.0,0,0,109,0,0,283,0,0,0,0.0,16665,0.0,0,2017-03-18T15:00:00Z,18 Mar 15:00,0,0,0,0,0,7,0,0,0,0,0,0,29,0,78006,0,0,0,0,4,0.0,0,-220,35,255,57,True,0,0
0,0,0,0,0,0,0,0,0,0.0,0,0,109,0,0,296,0,0,0,0.0,17319,0.0,0,2017-04-01T11:30:00Z,01 Apr 12:30,0,0,0,0,0,9,0,0,0,0,0,0,30,0,77686,0,0,0,1,3,0.0,0,-363,43,406,57,False,0,0
0,0,0,0,0,0,0,0,0,0.0,0,0,109,0,0,305,0,0,0,0.0,17976,0.0,0,2017-04-04T19:00:00Z,04 Apr 20:00,0,0,0,0,0,11,0,0,0,0,0,0,31,0,77565,0,0,0,1,1,0.0,0,-130,17,147,57,False,0,0
0,0,0,0,0,0,0,0,0,0.0,0,0,109,0,0,313,0,0,0,0.0,18637,0.0,0,2017-04-09T15:00:00Z,09 Apr 16:00,0,0,0,0,0,8,0,0,0,0,0,0,32,0,77417,0,0,0,2,4,0.0,0,-162,23,185,57,True,0,0
0,0,0,0,0,0,0,0,0,0.0,0,0,109,0,0,322,0,0,0,0.0,19299,0.0,0,2017-04-15T14:00:00Z,15 Apr 15:00,0,0,0,0,0,3,0,0,0,0,0,0,33,0,77212,0,0,0,1,3,0.0,0,-236,50,286,57,True,0,0
0,0,0,0,0,0,0,0,0,0.0,0,0,109,0,0,340,0,0,0,0.0,19973,0.0,0,2017-04-22T14:00:00Z,22 Apr 15:00,0,0,0,0,0,20,0,0,0,0,0,0,34,0,77019,0,0,0,0,0,0.0,0,-218,25,243,57,False,0,0
0,0,0,0,0,0,0,0,0,0.0,0,0,109,0,0,342,0,0,0,0.0,20702,0.0,0,2017-04-30T13:05:00Z,30 Apr 14:05,0,0,0,0,0,4,0,0,0,0,0,0,35,0,76855,0,0,0,3,0,0.0,0,-189,17,206,57,True,0,0
0,0,0,0,0,0,0,0,0,0.0,0,0,109,0,0,359,0,0,0,0.0,21397,0.0,0,2017-05-06T16:30:00Z,06 May 17:30,0,0,0,0,0,16,0,0,0,0,0,0,36,0,76742,0,0,0,0,1,0.0,0,-131,17,148,57,False,0,0
0,0,0,0,0,0,0,0,0,0.0,0,0,109,0,0,363,0,0,0,0.0,22159,0.0,0,2017-05-12T18:45:00Z,12 May 19:45,0,0,0,0,0,18,0,0,0,0,0,0,37,0,76640,0,0,0,0,1,0.0,0,-113,19,132,56,True,0,0
0,0,0,0,0,0,0,0,0,0.0,0,0,109,0,0,371,0,0,0,0.0,23114,0.0,0,2017-05-21T14:00:00Z,21 May 15:00,0,0,0,0,0,1,0,0,0,0,0,0,38,0,76511,0,0,0,1,3,0.0,0,-148,32,180,56,False,0,0
0,0,0,0,0,0,0,0,0,0.0,0,0,147,0,0,5,0,0,0,0.0,147,0.0,0,2017-08-12T14:00:00Z,12 Aug 15:00,0,0,0,0,0,15,0,0,0,0,0,0,1,0,4207,0,0,0,0,1,0.0,0,0,0,0,65,True,0,0
0,0,0,0,0,0,0,0,0,0.0,0,0,147,0,0,20,0,0,0,0.0,658,0.0,0,2017-08-21T19:00:00Z,21 Aug 20:00,0,0,0,0,0,11,0,0,0,0,0,0,2,0,4961,0,0,0,1,1,0.0,0,-993,97,1090,65,False,0,0
0,0,0,0,0,0,0,0,0,0.0,0,0,147,0,0,22,0,0,0,0.0,1174,0.0,0,2017-08-27T12:30:00Z,27 Aug 13:30,0,0,0,0,0,5,0,0,0,0,0,0,3,0,4986,0,0,0,0,2,0.0,0,-627,66,693,65,False,0,0
0,0,0,0,0,0,0,0,0,0.0,0,0,147,0,0,33,0,0,0,0.0,1705,0.0,0,2017-09-09T14:00:00Z,09 Sep 15:00,0,0,0,0,0,17,0,0,0,0,0,0,4,0,5166,0,0,0,3,0,0.0,0,-446,67,513,65,True,0,0
0,0,0,0,0,0,0,0,0,0.0,0,0,147,0,0,50,0,0,0,0.0,2249,0.0,0,2017-09-17T15:00:00Z,17 Sep 16:00,0,0,0,0,0,12,0,0,0,0,0,0,5,0,5189,0,0,0,0,4,0.0,0,-219,45,264,65,False,0,0
0,0,0,0,0,0,0,0,0,0.0,0,0,147,0,0,52,0,0,0,0.0,2795,0.0,0,2017-09-23T14:00:00Z,23 Sep 15:00,0,0,0,0,0,2,0,0,0,0,0,0,6,0,5228,0,0,0,1,2,0.0,0,-204,41,245,65,True,0,0
0,0,0,0,0,0,0,0,0,0.0,0,0,147,0,0,69,0,0,0,0.0,3345,0.0,0,2017-10-01T13:15:00Z,01 Oct 14:15,0,0,0,0,0,4,0,0,0,0,0,0,7,0,5201,0,0,0,1,0,0.0,0,-174,36,210,64,True,0,0
0,0,0,0,0,0,0,0,0,0.0,0,0,147,0,0,71,0,0,0,0.0,3899,0.0,0,2017-10-15T12:30:00Z,15 Oct 13:30,0,0,0,0,0,3,0,0,0,0,0,0,8,0,5198,0,0,0,1,1,0.0,0,-123,45,168,64,False,0,0
0,0,0,0,0,0,0,0,0,0.0,0,0,147,0,0,82,0,0,0,0.0,4456,0.0,0,2017-10-22T12:30:00Z,22 Oct 13:30,0,0,0,0,0,1,0,0,0,0,0,0,9,0,5212,0,0,0,5,2,0.0,0,-48,25,73,64,True,0,0
0,0,0,0,0,0,0,0,0,0.0,0,0,147,0,0,96,0,0,0,0.0,5015,0.0,0,2017-10-29T16:00:00Z,29 Oct 16:00,0,0,0,0,0,9,0,0,0,0,0,0,10,0,5221,0,0,0,0,2,0.0,0,-62,25,87,64,False,0,0
0,0,0,0,0,0,0,0,0,0.0,0,0,147,0,0,102,0,0,0,0.0,5578,0.0,0,2017-11-05T16:30:00Z,05 Nov 16:30,0,0,0,0,0,18,0,0,0,0,0,0,11,0,5262,0,0,0,2,3,0.0,0,-52,22,74,64,True,0,0
0,0,0,0,0,0,0,0,0,0.0,0,0,147,0,0,115,0,0,0,0.0,6144,0.0,0,2017-11-18T15:00:00Z,18 Nov 15:00,0,0,0,0,0,6,0,0,0,0,0,0,12,0,5359,0,0,0,2,2,0.0,0,-52,31,83,64,False,0,0
0,0,0,0,0,0,0,0,0,0.0,0,0,147,0,0,126,0,0,0,0.0,6713,0.0,0,2017-11-26T13:30:00Z,26 Nov 13:30,0,0,0,0,0,14,0,0,0,0,0,0,13,0,5388,0,0,0,1,4,0.0,0,-34,36,70,64,False,0,0
0,0,0,0,0,0,0,0,0,0.0,0,0,147,0,0,138,0,0,0,0.0,7283,0.0,0,2017-11-29T20:00:00Z,29 Nov 20:00,0,0,0,0,0,20,0,0,0,0,0,0,14,0,5409,0,0,0,0,4,0.0,0,-33,18,51,64,True,0,0
0,0,0,0,0,0,0,0,0,0.0,0,0,147,0,0,145,0,0,0,0.0,7854,0.0,0,2017-12-02T15:00:00Z,02 Dec 15:00,0,0,0,0,0,8,0,0,0,0,0,0,15,0,5440,0,0,0,0,2,0.0,0,-36,21,57,64,True,0,0
0,0,0,0,0,0,0,0,0,0.0,0,0,147,0,0,154,0,0,0,0.0,8428,0.0,0,2017-12-10T14:15:00Z,10 Dec 14:15,0,0,0,0,0,10,0,0,0,0,0,0,16,0,5537,0,0,0,1,1,0.0,0,-37,38,75,64,False,0,0
0,0,0,0,0,0,0,0,0,0.0,0,0,147,0,0,167,0,0,0,0.0,9005,0.0,0,2017-12-13T19:45:00Z,13 Dec 19:45,0,0,0,0,0,13,0,0,0,0,0,0,17,0,5601,0,0,0,1,0,0.0,0,-22,26,48,64,False,0,0
0,0,0,0,0,0,0,0,0,0.0,0,0,147,0,0,175,0,0,0,0.0,9583,0.0,0,2017-12-18T20:00:00Z,18 Dec 20:00,0,0,0,0,0,16,0,0,0,0,0,0,18,0,5676,0,0,0,1,3,0.0,0,-9,49,58,64,True,0,0
0,0,0,0,0,0,0,0,0,0.0,0,0,147,0,0,184,0,0,0,0.0,10163,0.0,0,2017-12-23T12:30:00Z,23 Dec 12:30,0,0,0,0,0,5,0,0,0,0,0,0,19,0,5776,0,0,0,0,0,0.0,0,-23,67,90,64,True,0,0
0,16,0,0,0,0,1,0,12,8.5,0,0,147,0,0,200,3,0,0,0.8,10748,0.0,0,2017-12-26T15:00:00Z,26 Dec 15:00,0,0,60,1,1,19,0,0,0,0,2,0,20,0,6054,4,1,1,0,0,1.0,3,139,186,47,64,False,0,0
0,5,0,0,0,2,0,0,3,0.3,0,0,147,0,0,201,0,1,0,0.5,11334,0.0,0,2017-12-30T15:00:00Z,30 Dec 15:00,0,0,19,0,0,2,0,0,0,0,1,0,21,0,6842,0,0,1,1,2,6.0,1,634,800,166,64,False,0,0
0,18,0,0,0,12,0,0,15,12.3,4,0,147,0,0,214,1,1,0,1.7,11860,5.0,1,2018-01-01T17:30:00Z,01 Jan 17:30,0,0,61,0,0,12,0,0,0,0,8,0,22,0,6755,0,0,0,2,0,0.0,2,-136,212,348,64,True,0,0
0,9,0,0,0,-1,0,1,7,0.5,0,0,147,0,0,228,0,2,0,0.5,12512,4.4,0,2018-01-13T17:30:00Z,13 Jan 17:30,0,0,56,1,0,17,0,0,0,0,3,0,23,0,8397,6,1,0,0,4,0.0,1,1270,2141,871,64,False,0,0
0,23,0,0,0,4,0,1,18,4.2,2,0,147,0,0,234,0,0,0,3.2,13110,9.0,0,2018-01-20T15:00:00Z,20 Jan 15:00,0,0,45,0,0,19,0,0,0,0,4,0,24,0,8589,2,0,0,1,1,19.0,1,5,767,762,64,True,0,0
0,0,0,0,0,0,0,0,0,0.0,0,0,147,0,0,245,0,0,0,0.0,13713,0.0,0,2018-01-31T19:45:00Z,31 Jan 19:45,0,0,0,0,0,9,0,0,0,0,0,0,25,0,8509,0,0,0,1,2,0.0,0,-313,439,752,64,True,0,0
0,18,0,0,0,2,0,1,11,4.0,2,0,147,0,0,251,1,5,0,1.2,14326,6.0,0,2018-02-03T17:30:00Z,03 Feb 17:30,0,0,90,0,0,1,0,0,0,0,3,0,26,0,8023,8,1,0,1,5,2.0,2,-561,177,738,64,False,0,0
0,0,0,0,0,0,0,0,0,0.0,0,0,147,0,0,262,0,0,0,0.0,14951,0.0,0,2018-02-10T15:00:00Z,10 Feb 15:00,0,0,0,0,0,6,0,0,0,0,0,0,27,0,8497,0,0,0,1,3,0.0,0,314,747,433,64,True,0,0
0,3,0,0,0,1,0,0,1,10.1,0,0,147,0,0,279,0,0,0,1.4,15578,2.0,1,2018-02-24T17:30:00Z,24 Feb 17:30,0,0,8,0,0,18,0,0,0,0,0,0,28,0,8358,3,0,0,0,1,2.0,1,-350,251,601,64,False,0,0
0,0,0,0,0,3,0,0,0,0.0,0,0,147,0,0,282,0,0,0,0.0,16208,0.0,0,2018-03-03T12:30:00Z,03 Mar 12:30,0,0,7,0,0,4,0,0,0,0,0,0,29,0,8275,0,0,0,1,2,0.0,1,-205,111,316,64,False,0,0
1,20,0,1,0,17,1,1,10,5.6,2,0,147,0,0,294,0,0,0,3.4,16841,1.6,0,2018-03-10T15:00:00Z,10 Mar 15:00,0,0,77,0,1,3,0,0,0,0,8,0,30,0,8451,0,2,4,0,2,27.0,6,-70,189,259,64,True,0,0
0,15,1,1,0,8,0,0,7,29.3,2,0,147,0,0,307,1,1,0,8.5,17392,7.6,2,2018-03-17T15:00:00Z,17 Mar 15:00,0,0,90,0,2,15,0,0,0,0,5,0,31,0,33510,2,0,2,2,1,48.0,2,6241,6803,562,64,False,0,0
0,6,0,1,0,19,0,4,5,1.8,0,0,147,0,0,315,3,3,1,5.1,17742,36.4,0,2018-03-31T16:30:00Z,31 Mar 17:30,0,0,90,1,0,11,0,0,0,0,1,0,32,0,11984,1,1,1,3,1,13.0,7,-3025,224,3249,64,True,0,0
0,17,0,0,0,3,1,1,6,5.3,0,0,147,0,0,325,1,0,0,1.6,18379,4.0,0,2018-04-07T11:30:00Z,07 Apr 12:30,0,0,60,0,1,10,0,0,0,0,5,0,33,0,12781,4,0,0,0,0,7.0,3,557,1397,840,64,True,0,0
0,26,0,0,0,5,0,1,14,12.4,1,0,147,0,0,338,0,1,0,6.8,19103,11.8,1,2018-04-14T14:00:00Z,14 Apr 15:00,0,0,75,0,0,16,0,0,0,0,6,0,34,0,12635,7,1,0,1,1,44.0,2,-122,1018,1140,64,False,0,0
0,23,0,0,0,1,0,0,16,10.1,1,0,147,0,0,345,1,0,0,3.2,19833,3.6,0,2018-04-23T19:00:00Z,23 Apr 20:00,0,0,58,1,2,13,0,0,0,0,2,0,35,0,15487,3,0,0,0,1,18.0,1,1633,2205,572,64,True,0,0
0,0,0,0,0,0,0,0,0,0.0,0,0,147,0,0,353,0,0,0,0.0,20304,0.0,0,2018-04-28T14:00:00Z,28 Apr 15:00,0,0,0,0,0,8,0,0,0,0,0,0,36,0,13790,0,0,0,2,0,0.0,0,-847,394,1241,64,False,0,0
0,5,0,0,0,2,0,2,5,4.3,0,0,147,0,0,365,0,0,0,2.8,21012,6.8,0,2018-05-05T16:30:00Z,05 May 17:30,0,0,45,0,1,14,0,0,0,0,3,0,37,0,12386,4,0,0,1,1,17.0,1,-1425,87,1512,64,True,0,0
0,3,0,0,0,2,0,0,3,0.3,1,0,147,0,0,380,1,0,0,0.1,21968,0.4,0,2018-05-13T14:00:00Z,13 May 15:00,0,0,7,0,0,20,0,0,0,0,1,0,38,0,12099,1,0,0,1,3,0.0,1,-391,172,563,64,False,0,0
0,0,0,0,0,0,0,0,0,0.0,0,0,165,0,0,10,0,0,0,0.0,165,0.0,0,2018-08-11T16:30:00Z,11 Aug 17:30,0,0,0,0,0,20,0,0,0,0,0,0,1,0,16150,0,0,0,2,2,0.0,0,0,0,0,60,False,0,0
0,0,0,0,0,0,0,0,0,0.0,0,0,165,0,0,16,0,0,0,0.0,690,0.0,0,2018-08-18T14:00:00Z,18 Aug 15:00,0,0,0,0,0,16,0,0,0,0,0,0,2,0,14559,0,0,0,1,2,0.0,0,-3687,379,4066,59,True,0,0
0,0,0,0,0,0,0,0,0,0.0,0,0,165,0,0,22,0,0,0,0.0,1217,0.0,0,2018-08-25T14:00:00Z,25 Aug 15:00,0,0,0,0,0,2,0,0,0,0,0,0,3,0,12076,0,0,0,2,2,0.0,0,-3394,247,3641,58,False,0,0
0,0,0,0,0,0,0,0,0,0.0,0,0,165,0,0,36,0,0,0,0.0,1748,0.0,0,2018-09-01T14:00:00Z,01 Sep 15:00,0,0,0,0,0,10,0,0,0,0,0,0,4,0,8591,0,0,0,1,1,0.0,0,-3784,38,3822,58,True,0,0
0,0,0,0,0,0,0,0,0,0.0,0,0,165,0,0,43,0,0,0,0.0,2285,0.0,0,2018-09-16T15:00:00Z,16 Sep 16:00,0,0,0,0,0,19,0,0,0,0,0,0,5,0,7304,0,0,0,3,1,0.0,0,-1478,4,1482,58,True,0,0
0,0,0,0,0,0,0,0,0,0.0,0,0,165,0,0,51,0,0,0,0.0,2822,0.0,0,2018-09-23T15:00:00Z,23 Sep 16:00,0,0,0,0,0,1,0,0,0,0,0,0,6,0,6885,0,0,0,0,2,0.0,0,-483,4,487,58,False,0,0
0,0,0,0,0,0,0,0,0,0.0,0,0,165,0,0,65,0,0,0,0.0,3360,0.0,0,2018-09-29T14:00:00Z,29 Sep 15:00,0,0,0,0,0,9,0,0,0,0,0,0,7,0,6607,0,0,0,0,3,0.0,0,-290,1,291,58,True,0,0
0,0,0,0,0,0,0,0,0,0.0,0,0,165,0,0,75,0,0,0,0.0,3899,0.0,0,2018-10-06T14:00:00Z,06 Oct 15:00,0,0,0,0,0,11,0,0,0,0,0,0,8,0,6437,0,0,0,2,1,0.0,0,-182,3,185,58,False,0,0
0,0,0,0,0,0,0,0,0,0.0,0,0,165,0,0,85,0,0,0,0.0,4441,0.0,0,2018-10-21T15:00:00Z,21 Oct 16:00,0,0,0,0,0,7,0,0,0,0,0,0,9,0,6251,0,0,0,0,2,0.0,0,-189,3,192,58,True,0,0
0,0,0,0,0,0,0,0,0,0.0,0,0,165,0,0,97,0,0,0,0.0,4987,0.0,0,2018-10-28T16:00:00Z,28 Oct 16:00,0,0,0,0,0,14,0,0,0,0,0,0,10,0,6165,0,0,0,1,2,0.0,0,-106,1,107,58,False,0,0
0,0,0,0,0,0,0,0,0,0.0,0,0,165,0,0,105,0,0,0,0.0,5535,0.0,0,2018-11-03T15:00:00Z,03 Nov 15:00,0,0,0,0,0,3,0,0,0,0,0,0,11,0,6100,0,0,0,1,3,0.0,0,-90,3,93,58,True,0,0
0,0,0,0,0,0,0,0,0,0.0,0,0,165,0,0,113,0,0,0,0.0,6085,0.0,0,2018-11-11T14:15:00Z,11 Nov 14:15,0,0,0,0,0,6,0,0,0,0,0,0,12,0,6057,0,0,0,0,0,0.0,0,-67,0,67,58,False,0,0
0,0,0,0,0,0,0,0,0,0.0,0,0,165,0,0,124,0,0,0,0.0,6637,0.0,0,2018-11-24T15:00:00Z,24 Nov 15:00,0,0,0,0,0,5,0,0,0,0,0,0,13,0,6018,0,0,0,0,1,0.0,0,-71,1,72,58,True,0,0
0,0,0,0,0,0,0,0,0,0.0,0,0,165,0,0,137,0,0,0,0.0,7190,0.0,0,2018-12-02T16:15:00Z,02 Dec 16:15,0,0,0,0,0,12,0,0,0,0,0,0,14,0,6014,0,0,0,0,1,0.0,0,-25,0,25,58,False,0,0
0,0,0,0,0,0,0,0,0,0.0,0,0,165,0,0,149,0,0,0,0.0,7746,0.0,0,2018-12-05T19:45:00Z,05 Dec 19:45,0,0,0,0,0,15,0,0,0,0,0,0,15,0,5999,0,0,0,1,1,0.0,0,-22,1,23,58,True,0,0
0,0,0,0,0,0,0,0,0,0.0,0,0,165,0,0,156,0,0,0,0.0,8304,0.0,0,2018-12-10T20:00:00Z,10 Dec 20:00,0,0,0,0,0,18,0,0,0,0,0,0,16,0,5991,0,0,0,2,2,0.0,0,-26,1,27,58,True,0,0
0,0,0,0,0,0,0,0,0,0.0,0,0,165,0,0,166,0,0,0,0.0,8863,0.0,0,2018-12-15T12:30:00Z,15 Dec 12:30,0,0,0,0,0,13,0,0,0,0,0,0,17,0,5950,0,0,0,1,3,0.0,0,-59,3,62,58,False,0,0
0,0,0,0,0,0,0,0,0,0.0,0,0,165,0,0,175,0,0,0,0.0,9425,0.0,0,2018-12-23T16:00:00Z,23 Dec 16:00,0,0,0,0,0,17,0,0,0,0,0,0,18,0,5932,0,0,0,6,2,0.0,0,-27,0,27,58,True,0,0
0,0,0,0,0,0,0,0,0,0.0,0,0,165,0,0,182,0,0,0,0.0,9990,0.0,0,2018-12-26T15:00:00Z,26 Dec 15:00,0,0,0,0,0,4,0,0,0,0,0,0,19,0,5918,0,0,0,5,1,0.0,0,-37,2,39,58,False,0,0
0,0,0,0,0,0,0,0,0,0.0,0,0,165,0,0,191,0,0,0,0.0,10558,0.0,0,2018-12-29T15:00:00Z,29 Dec 15:00,0,0,0,0,0,3,0,0,0,0,0,0,20,0,5880,0,0,0,0,1,0.0,0,-41,1,42,58,False,0,0
0,0,0,0,0,0,0,0,0,0.0,0,0,165,0,0,205,0,0,0,0.0,11126,0.0,0,2019-01-01T12:30:00Z,01 Jan 12:30,0,0,0,0,0,11,0,0,0,0,0,0,21,0,5856,0,0,0,1,0,0.0,0,-25,0,25,58,True,0,0
0,0,0,0,0,0,0,0,0,0.0,0,0,165,0,0,216,0,0,0,0.0,11696,0.0,0,2019-01-13T14:15:00Z,13 Jan 14:15,0,0,0,0,0,2,0,0,0,0,0,0,22,0,5816,0,0,0,0,2,0.0,0,-42,3,45,58,True,0,0
0,0,0,0,0,0,0,0,0,0.0,0,0,165,0,0,228,0,0,0,0.0,12270,0.0,0,2019-01-19T15:00:00Z,19 Jan 15:00,0,0,0,0,0,16,0,0,0,0,0,0,23,0,5791,0,0,0,1,2,0.0,0,-29,2,31,58,False,0,0
0,0,0,0,0,0,0,0,0,0.0,0,0,165,0,0,234,0,0,0,0.0,12849,0.0,0,2019-01-29T19:45:00Z,29 Jan 19:45,0,0,0,0,0,10,0,0,0,0,0,0,24,0,5764,0,0,0,1,0,0.0,0,-29,1,30,58,False,0,0
0,0,0,0,0,0,0,0,0,0.0,0,0,165,0,0,246,0,0,0,0.0,13443,0.0,0,2019-02-02T15:00:00Z,02 Feb 15:00,0,0,0,0,0,20,0,0,0,0,0,0,25,0,5752,0,0,0,3,1,0.0,0,-15,1,16,58,True,0,0
0,0,0,0,0,0,0,0,0,0.0,0,0,165,0,0,266,0,0,0,0.0,13444,0.0,0,2019-02-06T19:45:00Z,06 Feb 19:45,0,0,0,0,0,13,0,0,0,0,0,0,25,0,5752,0,0,0,2,0,0.0,0,-15,1,16,58,True,0,0
0,0,0,0,0,0,0,0,0,0.0,0,0,165,0,0,259,0,0,0,0.0,14086,0.0,0,2019-02-09T15:00:00Z,09 Feb 15:00,0,0,0,0,0,18,0,0,0,0,0,0,26,0,5756,0,0,0,0,1,0.0,0,-22,1,23,58,False,0,0
0,0,0,0,0,0,0,0,0,0.0,0,0,165,0,0,272,0,0,0,0.0,15170,0.0,0,2019-02-26T19:45:00Z,26 Feb 19:45,0,0,0,0,0,5,0,0,0,0,0,0,28,0,5771,0,0,0,3,0,0.0,0,-7,1,8,58,False,0,0
0,0,0,0,0,0,0,0,0,0.0,0,0,165,0,0,284,0,0,0,0.0,15775,0.0,0,2019-03-03T16:15:00Z,03 Mar 16:15,0,0,0,0,0,12,0,0,0,0,0,0,29,0,5779,0,0,0,0,0,0.0,0,-11,2,13,58,True,0,0
0,0,0,0,0,0,0,0,0,0.0,0,0,165,0,0,299,0,0,0,0.0,16381,0.0,0,2019-03-09T15:00:00Z,09 Mar 15:00,0,0,0,0,0,15,0,0,0,0,0,0,30,0,5785,0,0,0,2,3,0.0,0,-16,2,18,58,False,0,0
0,0,0,0,0,0,0,0,0,0.0,0,0,165,0,0,304,0,0,0,0.0,16905,0.0,0,2019-03-17T16:30:00Z,17 Mar 16:30,0,0,0,0,0,6,0,0,0,0,0,0,31,0,5781,0,0,0,0,2,0.0,0,-16,0,16,58,True,0,0
0,0,0,0,0,0,0,0,0,0.0,0,0,165,0,0,320,0,0,0,0.0,17382,0.0,0,2019-03-30T17:30:00Z,30 Mar 17:30,0,0,0,0,0,19,0,0,0,0,0,0,32,0,5776,0,0,0,2,0,0.0,0,-12,4,16,58,False,0,0
0,0,0,0,0,0,0,0,0,0.0,0,0,165,0,0,323,0,0,0,0.0,18152,0.0,0,2019-04-07T13:05:00Z,07 Apr 14:05,0,0,0,0,0,1,0,0,0,0,0,0,33,0,5767,0,0,0,0,1,0.0,0,-11,1,12,58,True,0,0
0,0,0,0,0,0,0,0,0,0.0,0,0,165,0,0,334,0,0,0,0.0,18614,0.0,0,2019-04-13T14:00:00Z,13 Apr 15:00,0,0,0,0,0,9,0,0,0,0,0,0,34,0,5763,0,0,0,0,2,0.0,0,-5,1,6,58,False,0,0
0,0,0,0,0,0,0,0,0,0.0,0,0,165,0,0,345,0,0,0,0.0,19285,0.0,0,2019-04-21T12:30:00Z,21 Apr 13:30,0,0,0,0,0,14,0,0,0,0,0,0,35,0,5770,0,0,0,0,4,0.0,0,-10,2,12,58,True,0,0
0,0,0,0,0,0,0,0,0,0.0,0,0,165,0,0,353,0,0,0,0.0,20101,0.0,0,2019-04-27T14:00:00Z,27 Apr 15:00,0,0,0,0,0,7,0,0,0,0,0,0,36,0,5774,0,0,0,0,0,0.0,0,-8,0,8,58,False,0,0
0,0,0,0,0,0,0,0,0,0.0,0,0,165,0,0,365,0,0,0,0.0,20716,0.0,0,2019-05-03T19:00:00Z,03 May 20:00,0,0,0,0,0,4,0,0,0,0,0,0,37,0,5786,0,0,0,0,2,0.0,0,-7,1,8,58,True,0,0
0,0,0,0,0,0,0,0,0,0.0,0,0,165,0,0,379,0,0,0,0.0,21332,0.0,0,2019-05-12T14:00:00Z,12 May 15:00,0,0,0,0,0,17,0,0,0,0,0,0,38,0,5801,0,0,0,2,2,0.0,0,-2,7,9,58,False,0,0
